{
	"format_version": "1.21.30",
	"minecraft:item": {
		"description": {
			"identifier": "billey:duck_hat",
			"menu_category": {
			  "category": "equipment",
			  "group": "itemGroup.name.helmet"
			}
		},
		"components": {
			"minecraft:max_stack_size": 1,
			"minecraft:enchantable": {
				"value": 30,
				"slot": "armor_head"
			},
			"minecraft:wearable": {
				"slot": "slot.armor.head"
			},
			"minecraft:icon": {
			  "textures": {
				"default": "yeet_the_duck"
			  }
			},
			"minecraft:rarity": {
			  "value": "uncommon"
			}
		}
	}
}