{
	"format_version": "1.20.60",
	"minecraft:item": {
		"description": {
			"identifier": "billey:shark_helmet",
			"menu_category": {
			  "category": "equipment",
			  "group": "itemGroup.name.helmet"
			}
		},
		"components": {
			"minecraft:icon": {
			  "textures": {
				"default": "billey.shark_helmet"
			  }
			},
			"minecraft:max_stack_size": 1,
			"minecraft:enchantable": {
				"value": 20,
				"slot": "armor_head"
			},
			"minecraft:wearable": {
				"protection": 3,
				"slot": "slot.armor.head"
			},
			"minecraft:durability": {
				"max_durability": 330
			},
			"minecraft:repairable": {
				"repair_items": [
					{
						"items": [
							"billey:shark_helmet"
						],
						"repair_amount": 330
					},
					{
						"items": [
							"billey:shark_scales"
						],
						"repair_amount": 20
					}
				]
			}
		}
	}
}