{
	"format_version": "1.20.60",
	"minecraft:item": {
		"description": {
			"identifier": "billey:shark_leggings",
			"menu_category": {
			  "category": "equipment",
			  "group": "itemGroup.name.leggings"
			}
		},
		"components": {
			"minecraft:icon": {
			  "textures": {
				"default": "billey.shark_leggings"
			  }
			},
			"minecraft:max_stack_size": 1,
			"minecraft:enchantable": {
				"value": 20,
				"slot": "armor_legs"
			},
			"minecraft:wearable": {
				"protection": 6,
				"slot": "slot.armor.legs"
			},
			"minecraft:durability": {
				"max_durability": 450
			},
			"minecraft:repairable": {
				"repair_items": [
					{
						"items": [
							"billey:shark_leggings"
						],
						"repair_amount": 450
					},
					{
						"items": [
							"billey:shark_scales"
						],
						"repair_amount": 20
					}
				]
			}
		}
	}
}