{
    "pools": [
        {
            "rolls": 1,
            "entries": [
                {
                    "type": "loot_table",
                    "name": "loot_tables/gameplay/fishing.json",
                    "weight": 1
                },
                {
                    "type": "loot_table",
                    "name": "loot_tables/gameplay/fishing/junk.json",
                    "weight": 39
                },
                {
                    "type": "item",
                    "name": "billey:diamond_nugget",
                    "weight": 1
                },
                {
                    "type": "item",
                    "name": "gold_nugget",
                    "weight": 1
                },
                {
                    "type": "item",
                    "name": "billey:rubber_ducky",
                    "weight": 1
                },
                {
                    "type": "item",
                    "name": "iron_nugget",
                    "weight": 1
                },
                {
                    "type": "item",
                    "name": "billey:chicken_nugget",
                    "weight": 8
                },
                {
                    "type": "item",
                    "name": "wheat_seeds",
                    "weight": 29
                },
                {
                    "type": "item",
                    "name": "carrot",
                    "weight": 10
                },
                {
                    "type": "item",
                    "name": "melon_seeds",
                    "weight": 10
                },
                {
                    "type": "item",
                    "name": "beetroot_seeds",
                    "weight": 10
                },
                {
                    "type": "item",
                    "name": "pumpkin_seeds",
                    "weight": 10
                },
                {
                    "type": "item",
                    "name": "billey:piranha",
                    "weight": 10
                }
            ]
        }
    ]
}