{
    "pools": [
        {
            "rolls": 1,
            "entries": [
                {
                    "type": "item",
                    "name": "billey:velvet_slime",
                    "weight": 1,
                    "functions": [
                        {
                            "function": "set_count",
                            "count": {
                                "min": 1,
                                "max": 1
                            }
                        }
                    ]
                },
                {
                    "type": "item",
                    "name": "billey:duck_centipede_spawn_egg",
                    "weight": 1,
                    "functions": [
                        {
                            "function": "set_lore",
                            "lore": [" §c§lDo not spawn this in your\n house nor right outside!"]
                        }//item lore isn't translateable sadly
                    ]
                },
                {
                    "type": "empty",
                    "weight": 1
                }
            ]
        }
    ]
}