{
  "pools": [
    {
      "rolls": 1,
      "entries": [
        {
          "type": "item",
          "name": "billey:swordmeat",
          "weight": 1,
          "functions": [
            {
              "function": "set_count",
              "count": {
                "min": 0,
                "max": 4
              }
            },
            {
              "function": "furnace_smelt",
              "conditions": [
                {
                  "condition": "entity_properties",
                  "entity": "this",
                  "properties":{
                    "on_fire": true
                  }
                }
              ]
            }
          ]
        }
      ]
    },
    {
      "rolls": 2,
      "entries": [
        {
          "type": "item",
          "name": "billey:swordfin",
          "weight": 10
        },
        {
          "type": "item",
          "name": "billey:swordstick",
          "weight": 10
        },
        {
          "type": "item",
          "name": "billey:swordtail",
          "weight": 10
        },
        {
          "type": "item",
          "name": "minecraft:bone",
          "weight": 10
        },
        {
          "type": "item",
          "name": "billey:swordmeat",
          "weight": 10,
          "functions": [
            {
              "function": "furnace_smelt",
              "conditions": [
                {
                  "condition": "entity_properties",
                  "entity": "this",
                  "properties":{
                    "on_fire": true
                  }
                }
              ]
            }
          ]
        },
        {
          "type": "item",
          "name": "minecraft:fish",
          "weight": 10,
          "functions": [
            {
              "function": "furnace_smelt",
              "conditions": [
                {
                  "condition": "entity_properties",
                  "entity": "this",
                  "properties":{
                    "on_fire": true
                  }
                }
              ]
            }
          ]
        },
        {
          "type": "item",
          "name": "minecraft:salmon",
          "weight": 10,
          "functions": [
            {
              "function": "furnace_smelt",
              "conditions": [
                {
                  "condition": "entity_properties",
                  "entity": "this",
                  "properties":{
                    "on_fire": true
                  }
                }
              ]
            }
          ]
        }
      ]
    }
  ]
}