{
    "pools": [
        {
            "rolls": 1,
            "entries": [
                {
                    "type": "item",
                    "name": "billey:anglerlight",
                    "weight": 5,
                    "functions": [
                        {
                            "function": "set_count",
                            "count": {
                                "min": 1,
                                "max": 1
                            }
                        }
                    ]
                },               
                {
                    "type": "item",
                    "name": "fish",
                    "weight": 2,
                    "functions": [
                        {
                            "function": "set_count",
                            "count": {
                                "min": 0,
                                "max": 1
                            }
                        },
                        {
                          "function": "furnace_smelt",
                          "conditions": [
                            {
                              "condition": "entity_properties",
                              "entity": "this",
                              "properties":{
                                "on_fire": true
                              }
                            }
                          ]
                        }
                    ]
                }
            ]
        },
        {
      "rolls": 2,
      "entries": [
        {
          "type": "item",
          "name": "fish",
          "weight": 10,
          "functions": [
            {
              "function": "furnace_smelt",
              "conditions": [
                {
                  "condition": "entity_properties",
                  "entity": "this",
                  "properties":{
                    "on_fire": true
                  }
                }
              ]
            }
          ]
        },
        {
          "type": "item",
          "name": "salmon",
          "weight": 10,
          "functions": [
            {
              "function": "furnace_smelt",
              "conditions": [
                {
                  "condition": "entity_properties",
                  "entity": "this",
                  "properties":{
                    "on_fire": true
                  }
                }
              ]
            }
          ]
        },
        {
          "type": "item",
          "name": "bone",
          "weight": 10
        }
      ]
    }
    ]
}