{
    "pools": [
        {
            "rolls": 1,
            "entries": [
                {
                    "type": "item",
                    "name": "billey:swordcooked",
                    "weight": 1,
                    "functions": [
                        {
                            "function": "set_count",
                            "count": {
                                "min": 0,
                                "max": 2
                            }
                        }
                    ]
                }
            ]
        },
        {
            "rolls": 2,
            "entries": [
                {
                    "type": "item",
                    "name": "billey:kelp",
                    "weight": 10
                },
                {
                    "type": "item",
                    "name": "minecraft:bone_meal",
                    "weight": 10
                },
                {
                    "type": "item",
                    "name": "minecraft:dried_kelp",
                    "weight": 10
                },
                {
                    "type": "item",
                    "name": "minecraft:pickle",
                    "weight": 10
                },
                {
                    "type": "item",
                    "name": "minecraft:stick",
                    "weight": 10
                },
                {
                    "type": "item",
                    "name": "billey:betta_fish",
                    "weight": 10
                },
                {
                    "type": "item",
                    "name": "minecraft:bone_meal",
                    "weight": 10
                },
                {
                    "type": "item",
                    "name": "charcoal",
                    "weight": 10
                },
                {
                    "type": "item",
                    "name": "minecraft:cooked_fish",
                    "weight": 10
                },
                {
                    "type": "item",
                    "name": "minecraft:cooked_salmon",
                    "weight": 10
                }
            ]
        }
    ]
}