{
    "pools": [
        {
            "rolls": 2,
            "entries": [
                {
                    "type": "item",
                    "name": "billey:kiwi_fur",
                    "weight": 1,
                    "functions": [
                        {
                            "function": "set_count",
                            "count": {
                                "min": 0,
                                "max": 1
                            }
                        }
                    ]
                },
                {
                    "type": "item",
                    "name": "billey:poultry_orange",
                    "weight": 1,
                    "functions": [
                        {
                            "function": "set_count",
                            "count": {
                                "min": 0,
                                "max": 1
                            }
                        }
                    ]
                },
                {
                    "type": "item",
                    "name": "billey:terraphin_furball",
                    "weight": 1,
                    "functions": [
                        {
                            "function": "set_count",
                            "count": {
                                "min": 0,
                                "max": 1
                            }
                        }
                    ]
                },
                {
                    "type": "item",
                    "name": "billey:raw_snail",
                    "weight": 1,
                    "functions": [
                        {
                            "function": "set_count",
                            "count": {
                                "min": 0,
                                "max": 1
                            }
                        }
                    ]
                },
                {
                    "type": "item",
                    "name": "billey:raw_snail_s",
                    "weight": 1,
                    "functions": [
                        {
                            "function": "set_count",
                            "count": {
                                "min": 0,
                                "max": 1
                            }
                        }
                    ]
                },
                {
                    "type": "item",
                    "name": "billey:raw_snail_w",
                    "weight": 1,
                    "functions": [
                        {
                            "function": "set_count",
                            "count": {
                                "min": 0,
                                "max": 1
                            }
                        }
                    ]
                }
            ]
        }
    ]
}