{
    "pools": [
        {
            "rolls": 1,
            "entries": [
                {
                    "type": "item",
                    "name": "billey:potato_stick",
                    "weight": 1,
                    "functions": [
                        {
                            "function": "set_count",
                            "count": {
                                "min": 2,
                                "max": 3
                            }
                        }
                    ]
                }
            ]
        },
        {
            "rolls": 1,
            "entries": [
                {
                    "type": "item",
                    "name": "potato",
                    "weight": 2,
                    "functions": [
                        {
                            "function": "set_count",
                            "count": {
                                "min": 1,
                                "max": 1
                            }
                        }
                    ]
                },
                {
                    "type": "item",
                    "name": "poisonous_potato",
                    "weight": 1,
                    "functions": [
                        {
                            "function": "set_count",
                            "count": {
                                "min": 1,
                                "max": 1
                            }
                        }
                    ]
                }
            ]
        }
    ]
}