{
  "pools": [
    {
      "rolls": 1,
      "conditions": [
        {
          "condition": "random_chance",
          "chance": 0.01
        }
      ],
      "entries": [
        {
          "type": "item",
          "name": "minecraft:fishing_rod",
          "weight": 5
        }
      ]
    },
    {
      "rolls": 1,
      "conditions": [
        {
          "condition": "random_chance",
          "chance": 0.1
        }
      ],
      "entries": [
        {
          "type": "item",
          "name": "billey:swordfish",
          "weight": 30
        },
        {
          "type": "item",
          "name": "billey:pizzapiece",
          "weight": 9
        },
        {
          "type": "item",
          "name": "billey:golden_swordfish",
          "weight": 9
        },
        {
          "type": "item",
          "name": "billey:shark_tooth_sword",
          "weight": 9
        },
        {
          "type": "item",
          "name": "minecraft:sea_pickle",
          "weight": 10
        }
      ]
    },
    {
      "rolls": 1,
      "conditions": [
        {
          "condition": "random_chance",
          "chance": 0.08
        }
      ],
      "entries": [
        {
          "type": "item",
          "name": "minecraft:nautilus_shell",
          "weight": 5
        }
      ]
    }
  ]
}