{
  "pools": [
    {
      "rolls": 2,
      "entries": [
        {
          "type": "item",
          "name": "minecraft:end_stone",
          "weight": 10
        },
        {
          "type": "item",
          "name": "minecraft:purpur_block",
          "weight": 10
        },
        {
          "type": "item",
          "name": "minecraft:end_rod",
          "weight": 15
        },
        {
          "type": "item",
          "name": "minecraft:ender_pearl",
          "weight": 20
        },
        {
          "type": "item",
          "name": "minecraft:ender_eye",
          "weight": 5
        },
        {
          "type": "item",
          "name": "minecraft:shulker_shell",
          "weight": 2
        }
      ]
    }
  ]
}