{
    "pools": [
        {
            "rolls": 1,
            "entries": [
                {
                    "type": "item",
                    "name": "billey:pizzapiece",
                    "weight": 99,
                    "functions": [
                      {
                            "function": "set_count",
                            "count": {
                                "min": 1,
                                "max": 1
                            }
                        }
                    ]
                },
                {
                    "type": "item",
                    "name": "billey:pizzapiece",
                    "weight": 1,
                    "functions": [
                      {
                            "function": "set_count",
                            "count": {
                                "min": 1,
                                "max": 1
                            }
                        },
                {
                    "function": "set_name",
                    "name": "XD"
                }
                    ]
                }
            ]
        }
    ]
}