{
    "pools": [
        {
            "rolls": 1,
            "entries": [
                {
                    "type": "item",
                    "name": "minecraft:diamond",
                    "weight": 40,
                    "functions": [
                        {
                            "function": "set_count",
                            "count": {
                                "min": 0,
                                "max": 6
                            }
                        }
                    ]
                }
            ]
        },
        {
            "rolls": 1,
            "entries": [
                {
                    "type": "item",
                    "name": "minecraft:iron_ingot",
                    "weight": 80,
                    "functions": [
                        {
                            "function": "set_count",
                            "count": {
                                "min": 0,
                                "max": 15
                            }
                        }
                    ]
                }
            ]
        },
       {
            "rolls": 1,
            "entries": [
                {
                    "type": "item",
                    "name": "minecraft:gold_ingot",
                    "weight": 70,
                    "functions": [
                        {
                            "function": "set_count",
                            "count": {
                                "min": 0,
                                "max": 10
                            }
                        }
                    ]
                }
            ]
        },
       {
            "rolls": 1,
            "entries": [
                {
                    "type": "item",
                    "name": "minecraft:trident",
                    "weight": 50,
                    "functions": [
                        {
                            "function": "set_count",
                            "count": {
                                "min": 0,
                                "max": 2
                            }
                        }
                    ]
                }
            ]
        },
       {
            "rolls": 1,
            "entries": [
                {
                    "type": "item",
                    "name": "minecraft:fish",
                    "weight": 100,
                    "functions": [
                        {
                            "function": "set_count",
                            "count": {
                                "min": 3,
                                "max": 23
                            }
                        }
                    ]
                }
            ]
        },
       {
            "rolls": 1,
            "entries": [
                {
                    "type": "item",
                    "name": "minecraft:seagrass",
                    "weight": 80,
                    "functions": [
                        {
                            "function": "set_count",
                            "count": {
                                "min": 5,
                                "max": 13
                            }
                        }
                    ]
                }
            ]
        }
    ]
}