{
  "pools": [
    {
      "rolls": 2,
      "entries": [
        {
          "type": "item",
          "name": "minecraft:nether_wart",
          "weight": 2
        },
        {
          "type": "item",
          "name": "minecraft:glowstone_dust",
          "weight": 3,
          "functions": [
              {
                  "function": "set_count",
                  "count": {
                      "min": 2,
                      "max": 4
                  }
              }
          ]
        },
        {
            "type": "loot_table",
            "name": "loot_tables/entities/piglin_barter.json",
            "weight": 1
        },
        {
          "type": "item",
          "name": "minecraft:gold_nugget",
          "weight": 2,
          "functions": [
              {
                  "function": "set_count",
                  "count": {
                      "min": 5,
                      "max": 12
                  }
              }
          ]
        },
        {
          "type": "item",
          "name": "minecraft:gold_ingot",
          "weight": 2,
          "functions": [
              {
                  "function": "set_count",
                  "count": {
                      "min": 2,
                      "max": 4
                  }
              }
          ]
        }
      ]
    }
  ]
}