{
  "pools": [
    {
      "rolls": 3,
      "entries": [
        {
          "type": "item",
          "name": "minecraft:cobblestone",
          "weight": 10
        },
        {
          "type": "item",
          "name": "minecraft:rotten_flesh",
          "weight": 10
        },
        {
          "type": "item",
          "name": "minecraft:coal",
          "weight": 15
        },
        {
            "type": "item",
            "name": "billey:raw_hamster",
            "weight": 1
        },
        {
          "type": "item",
          "name": "minecraft:iron_ingot",
          "weight": 10
        },
        {
          "type": "item",
          "name": "minecraft:gold_ingot",
          "weight": 7
        },
        {
          "type": "item",
          "name": "minecraft:emerald",
          "weight": 5
        },
        {
          "type": "item",
          "name": "minecraft:diamond",
          "weight": 5
        }
      ]
    }
  ]
}