{
    "format_version": "1.10.0", //old ass format version
    "minecraft:entity": {
        "description": {
            "identifier": "billey:flyingpig",
            "runtime_identifier": "minecraft:parrot",
            "is_spawnable": true,
            "is_summonable": true,
            "scripts": {
                "animate": [
                    {
                        "set_follow_state": "q.is_tamed && q.property('billey:follow_owner_state') == 'unknown'"
                    },
                    {
                        "set_sitting_property": "q.is_tamed"
                    },
                    "check_beta_apis",
                    {
                        "rainbow_effects": "q.is_illager_captain"
                    },
                    {
                        "stand_up_when_hit": "q.is_tamed"
                    },
                    {
                        "info": "!q.is_tamed"
                    },
                    "tame",
                    {
                        "monster": "q.is_tamed"
                    }
                ]
            },
            "animations": {
                "check_beta_apis": "animation.billeys_mobs.check_beta_apis",
                "set_follow_state": "animation.billeys_mobs.set_follow_state",
                "set_sitting_property": "controller.animation.billeys_mobs.set_sitting_property",
                "rainbow_effects": "animation.billeys_mobs.rainbow_effects",
                "stand_up_when_hit": "controller.animation.billeys_mobs.stand_up_when_hit",
                "info": "animation.billeys_mobs.info.flyingpig",
                "tame": "controller.animation.billeys_mobs.tame",
                "monster": "animation.angelpig.monsterenergydrink"
            },
            
            "properties": {
                "billey:is_billey_mob": {
                    "client_sync": true,
                    "type": "bool",
                    "default": true
                },
                "billey:head_equipment_color": {
                    "client_sync": true,
                    "type": "int",
                    "range": [
                        0,
                        15
                    ],
                    "default": 0
                },
                //pets' leg slot is used for bowties
                "billey:legs_equipment_color": {
                    "client_sync": true,
                    "type": "int",
                    "range": [
                        0,
                        15
                    ],
                    "default": 0
                },
                "billey:chest_equipment_color": {
                    "client_sync": true,
                    "type": "int",
                    "range": [
                        0,
                        15
                    ],
                    "default": 0
                },
                "billey:feet_equipment_color": {
                    "client_sync": true,
                    "type": "int",
                    "range": [
                        0,
                        15
                    ],
                    "default": 0
                },
                "billey:body_equipment_color": {
                    "client_sync": true,
                    "type": "int",
                    "range": [
                        0,
                        15
                    ],
                    "default": 0
                },
                "billey:follow_owner_state": {
                    //only used so scripts can know whether it's following or wandering
                    "type": "enum",
                    "default": "unknown",
                    "values": [
                        "unknown",
                        "following",
                        "wandering"
                    ]
                },
                "billey:is_sitting": {
                    //only used so scripts can know whether or not it's sitting
                    "type": "bool",
                    "default": false
                }
            }
        },
        "component_groups": {
            "sittable": {
                "minecraft:sittable": {}
            },
            "tamed_component": {
                "minecraft:is_tamed": {}
            },
            "untamed": { /*This is just for ones untamed by the untaming stick.
The real tame items of this mob are in the wild component group*/
                "minecraft:tameable": {
                    "probability": 1.0,
                    "tame_event": {
                        "event": "ontame"
                    },
                    "tame_items": [
                        "billey:power_banana",
                        "billey:raw_catfish",
                        "billey:bettafish",
                        "billey:pizzapiece",
                        "salmon",
                        "fish",
                        "clownfish",
                        "sweet_berries",
                        "rotten_flesh",
                        "wheat_seeds",
                        "melon_seeds",
                        "carrot",
                        "beetroot_seeds",
                        "pumpkin_seeds",
                        "chicken",
                        "billey:raw_hamster",
                        "billey:poultry_orange",
                        "billey:raw_snail",
                        "billey:raw_snail_s",
                        "billey:raw_snail_w",
                        "billey:raw_piranha",
                        "bread",
                        "apple",
                        "fermented_spider_eye",
                        "spider_eye",
                        "string"
                    ]
                }
            },
            "electrocuted": {
                "minecraft:loot": {
                    "table": "loot_tables/entities/billey_electrocuted.json"
                }
            },
            "following": {
                "minecraft:behavior.follow_owner": {
                    "priority": 0,
                    "speed_multiplier": 1,
                    "start_distance": 6,
                    "stop_distance": 1
                }
            },
            "kromatik": {
                "minecraft:is_illager_captain": {}
            },
            "minecraft:pig_baby": {
                "minecraft:is_baby": {},
                "minecraft:scale": {
                    "value": 0.5
                },
                "minecraft:ageable": {
                    "duration": 4800,
                    "feed_items": [
                        "carrot",
                        "beetroot",
                        "potato",
                        "golden_carrot"
                    ],
                    "grow_up": {
                        "event": "minecraft:ageable_grow_up",
                        "target": "self"
                    }
                },
                "minecraft:behavior.follow_parent": {
                    "priority": 6,
                    "speed_multiplier": 1.1
                }
            },
            "minecraft:pig_transform": {
                "minecraft:transformation": {
                    "into": "billey:despawn",
                    "delay": 0.5
                }
            },
            "minecraft:pig_adult": {
                "minecraft:experience_reward": {
                    "on_bred": "Math.Random(1,7)",
                    "on_death": "q.last_hit_by_player ? Math.Random(1,3) : 0"
                },
                "minecraft:loot": {
                    "table": "loot_tables/entities/pig.json"
                }
            },
            "flying": {
                "minecraft:mark_variant": {
                    "value": 0
                },
                "minecraft:pushable": {
                    "is_pushable": true,
                    "is_pushable_by_piston": true
                },
                "minecraft:damage_sensor": [
                    {
                        "on_damage": {
                            "filters": {
                                "all_of": [
                                    {
                                        "test": "has_damage",
                                        "value": "fatal"
                                    }
                                ]
                            },
                            "event": "begone",
                            "deals_damage": false
                        }
                    },
                    {
                        "on_damage": {
                            "filters": {
                                "other_with_families": "lightning"
                            }
                        },
                        "deals_damage": false
                    },
                    {
                        "cause": "fall",
                        "deals_damage": false
                    }
                ],
                "minecraft:can_fly": {},
                "minecraft:timer": {
                    "time": [
                        180,
                        300
                    ],
                    "looping": false,
                    "time_down_event": {
                        "event": "lol",
                        "target": "self"
                    }
                },
                "minecraft:movement": {
                    "value": 0.035
                },
                "minecraft:navigation.float": {
                    "can_path_over_water": true
                },
                "minecraft:behavior.float_wander": {
                    "priority": 2,
                    "must_reach": true
                },
                "minecraft:breathable": {
                    "total_supply": 15,
                    "suffocate_time": 0,
                    "breathesSolids": true
                },
                "minecraft:movement.fly": {},
                "minecraft:physics": {}
            },
            "still": {
                "minecraft:mark_variant": {
                    "value": 1
                },
                "minecraft:pushable": {
                    "is_pushable": true,
                    "is_pushable_by_piston": true
                },
                "minecraft:timer": {
                    "time": [
                        15,
                        40
                    ],
                    "looping": false,
                    "time_down_event": {
                        "event": "xd",
                        "target": "self"
                    }
                }
            },
            "sensor": {
                "minecraft:physics": {
                    "has_gravity": true,
                    "has_collision": true
                },
                "minecraft:damage_sensor": [
                    {
                        "on_damage": {
                            "event": "xd",
                            "target": "self",
                            "cause": "fall",
                            "operator": "not"
                        },
                        "deals_damage": false
                    },
                    {
                        "cause": "fall",
                        "deals_damage": false
                    }
                ]
            },
            "minecraft:pig_leashed": {
                "minecraft:behavior.move_towards_restriction": {
                    "priority": 2,
                    "speed_multiplier": 1
                }
            },
            "calm": {
                "minecraft:type_family": {
                    "family": [
                        "pig",
                        "fpig",
                        "fpigwild",
                        "mob",
                        "strider"
                    ]
                },
                "minecraft:despawn": {
                    "despawn_from_distance": {}
                },
                "minecraft:variant": {
                    "value": 0
                },
                "minecraft:on_target_acquired": {
                    "event": "billey:pet_target_acquired",
                    "target": "self"
                },
                "minecraft:tameable": {
                    "probability": 0.69420666,
                    "tame_items": [
                        "billey:power_banana",
                        "golden_carrot"
                    ],
                    "tame_event": {
                        "event": "minecraft:on_tame",
                        "target": "self"
                    }
                }
            },
            "angry": {
                "minecraft:damage_sensor": [
                    {
                        "on_damage": {
                            "filters": {
                                "all_of": [
                                    {
                                        "test": "has_damage",
                                        "value": "fatal"
                                    }
                                ]
                            },
                            "event": "begone",
                            "deals_damage": false
                        }
                    },
                    {
                        "on_damage": {
                            "filters": {
                                "other_with_families": "lightning"
                            }
                        },
                        "deals_damage": false
                    }
                ],
                "minecraft:angry": {
                    "duration": 60,
                    "broadcast_anger": true,
                    "broadcast_range": 100,
                    "calm_event": {
                        "event": "relax",
                        "target": "self"
                    },
                    "broadcast_filters": {
                        "test": "is_family",
                        "value": "fpigwild",
                        "subject": "self"
                    },
                    "broadcast_targets": [
                        "fpigwild"
                    ]
                },
                "minecraft:mark_variant": {
                    "value": 0
                },
                "minecraft:physics": {
                    "has_gravity": false,
                    "has_collision": false
                },
                "minecraft:follow_range": {
                    "value": 64,
                    "max": 64
                },
                "minecraft:movement.glide": {
                    "start_speed": 0.5,
                    "speed_when_turning": 0.2
                },
                "minecraft:movement": {
                    "value": 3
                },
                "minecraft:behavior.swoop_attack": {
                    "priority": 0,
                    "delay_range": [
                        0.5,
                        0.5
                    ]
                },
                "minecraft:behavior.circle_around_anchor": {
                    "priority": 3,
                    "radius_range": [
                        5,
                        15
                    ],
                    "radius_change_chance": 250,
                    "height_above_target_range": [
                        20,
                        40
                    ],
                    "height_offset_range": [
                        -4,
                        5
                    ],
                    "height_change_chance": 350,
                    "goal_radius": 1
                },
                "minecraft:breathable": {
                    "total_supply": 15,
                    "suffocate_time": 0,
                    "breathesSolids": true
                }
            },
            "gon": {
                "minecraft:transformation": {
                    "into": "billey:mrpeepee",
                    "delay": 0.1
                },
                "minecraft:scale": {
                    "value": 1.4
                }
            },
            "minecraft:cat_tame": {
                "minecraft:persistent": {},
                "minecraft:mark_variant": {
                    "value": 0
                },
                "minecraft:damage_sensor": [
                    {
                        "on_damage": {
                            "filters": {
                                "all_of": [
                                    {
                                        "test": "is_owner",
                                        "subject": "other",
                                        "value": true
                                    },
                                    {
                                        "test": "has_tag",
                                        "subject": "other",
                                        "operator": "not",
                                        "value": "billey:can_hit_own_pet"
                                    }
                                ]
                            },
                            "event": "say_owner_hit_pet_info"
                        },
                        "cause": "all",
                        "deals_damage": false
                    },
                    {
                        "on_damage": {
                            "filters": {
                                "all_of": [
                                    {
                                        "test": "has_component",
                                        "subject": "self",
                                        "value": "minecraft:is_tamed"
                                    },
                                    {
                                        "test": "is_owner",
                                        "subject": "other",
                                        "value": false
                                    },
                                    {
                                        "test": "has_tag",
                                        "subject": "other",
                                        "value": "billey:cant_hit_other_pet"
                                    }
                                ]
                            },
                            "event": "say_other_hit_pet_info"
                        },
                        "cause": "all",
                        "deals_damage": false
                    },
                    {
                        "on_damage": {
                            "filters": {
                                "all_of": [
                                    {
                                        "test": "has_damage",
                                        "value": "fatal"
                                    }
                                ]
                            },
                            "event": "begone",
                            "deals_damage": false
                        }
                    },
                    {
                        "cause": "fall",
                        "deals_damage": false
                    },
                    {
                        "on_damage": {
                            "filters": {
                                "other_with_families": "lightning"
                            }
                        },
                        "deals_damage": false
                    },
                    {
                        "cause": "all",
                        "deals_damage": false,
                        "on_damage_sound_event": "armor.equip_generic",
                        "on_damage": {
                            "event": "destroy_head_equipment",
                            "target": "self",
                            "filters": {
                                "all_of": [
                                    {
                                        "test": "has_damage",
                                        "value": "fatal"
                                    },
                                    {
                                        "test": "has_equipment",
                                        "value": "billey:pet_hat",
                                        "domain": "head"
                                    }
                                ]
                            }
                        }
                    }
                ],
                "minecraft:is_tamed": {},
                "minecraft:tameable": {}, //for the script to be able to get the mob's owner
                "minecraft:pushable": {
                    "is_pushable": true,
                    "is_pushable_by_piston": true
                },
                "minecraft:interact": [
                    {
                        "play_sounds": "plop",
                        "swing": true,
                        "interact_text": "action.interact.get_info",
                        "on_interact": {
                            "filters": {
                                "any_of": [
                                    {
                                        "test": "has_equipment",
                                        "subject": "other",
                                        "domain": "hand",
                                        "value": "feather"
                                    },
                                    {
                                        "test": "has_equipment",
                                        "subject": "other",
                                        "domain": "hand",
                                        "value": "book"
                                    },
                                    {
                                        "test": "has_equipment",
                                        "subject": "other",
                                        "domain": "hand",
                                        "value": "billey:info_book"
                                    }
                                ]
                            },
                            "event": "send_info",
                            "target": "self"
                        }
                    },
                    {
                        "play_sounds": "plop",
                        "swing": true,
                        "interact_text": "action.interact.untame",
                        "on_interact": {
                            "filters": {
                                "all_of": [
                                    {
                                        "test": "has_equipment",
                                        "subject": "other",
                                        "domain": "hand",
                                        "value": "billey:untaming_stick"
                                    },
                                    {
                                        "test": "is_owner",
                                        "subject": "other",
                                        "value": true
                                    }
                                ]
                            },
                            "event": "untame",
                            "target": "self"
                        }
                    },
                    {
                        "play_sounds": "plop",
                        "swing": true,
                        "interact_text": "action.interact.wander",
                        "on_interact": {
                            "filters": {
                                "all_of": [
                                    {
                                        "test": "has_equipment",
                                        "subject": "other",
                                        "domain": "hand",
                                        "value": "stick"
                                    },
                                    {
                                        "test": "has_component",
                                        "subject": "self",
                                        "value": "minecraft:behavior.follow_owner"
                                    },
                                    {
                                        "test": "is_owner",
                                        "subject": "other",
                                        "value": true
                                    }
                                ]
                            },
                            "event": "eventwander",
                            "target": "self"
                        }
                    },
                    {
                        "play_sounds": "plop",
                        "swing": true,
                        "interact_text": "action.interact.follow",
                        "on_interact": {
                            "filters": {
                                "all_of": [
                                    {
                                        "test": "has_equipment",
                                        "subject": "other",
                                        "domain": "hand",
                                        "value": "stick"
                                    },
                                    {
                                        "test": "has_component",
                                        "subject": "self",
                                        "operator": "not",
                                        "value": "minecraft:behavior.follow_owner"
                                    },
                                    {
                                        "test": "is_owner",
                                        "subject": "other",
                                        "value": true
                                    }
                                ]
                            },
                            "event": "eventfollow",
                            "target": "self"
                        }
                    },
                    {
                        "interact_text": "action.interact.pet",
                        "on_interact": {
                            "filters": {
                                "all_of": [
                                    {
                                        "test": "has_equipment",
                                        "subject": "other",
                                        "domain": "hand",
                                        "operator": "!=",
                                        "value": "billey:swordfish"
                                    },
                                    {
                                        "test": "has_equipment",
                                        "subject": "other",
                                        "domain": "hand",
                                        "operator": "!=",
                                        "value": "billey:golden_swordfish"
                                    },
                                    {
                                        "test": "is_sneaking",
                                        "subject": "other",
                                        "value": true
                                    }
                                ]
                            },
                            "event": "bepetted",
                            "target": "self"
                        }
                    },
                    {
                        "use_item": true,
                        "play_sounds": "eat",
                        "interact_text": "action.interact.feed",
                        "on_interact": {
                            "filters": {
                                "all_of": [
                                    {
                                        "test": "has_equipment",
                                        "subject": "other",
                                        "domain": "hand",
                                        "value": "billey:sand_banana"
                                    },
                                    {
                                        "test": "is_family",
                                        "subject": "other",
                                        "value": "player"
                                    }
                                ]
                            },
                            "event": "beenfedabanana",
                            "target": "self"
                        }
                    },
                    {
                        "use_item": true,
                        "play_sounds": "milk",
                        "interact_text": "action.interact.use",
                        "transform_to_item": "glass_bottle",
                        "on_interact": {
                            "filters": {
                                "all_of": [
                                    {
                                        "test": "has_equipment",
                                        "subject": "other",
                                        "domain": "hand",
                                        "value": "billey:colorful_bottle"
                                    },
                                    {
                                        "test": "is_owner",
                                        "subject": "other",
                                        "value": true
                                    }
                                ]
                            },
                            "event": "kroma",
                            "target": "self"
                        }
                    },
                    {
                        "use_item": true,
                        "play_sounds": "milk",
                        "interact_text": "action.interact.use",
                        "transform_to_item": "glass_bottle",
                        "on_interact": {
                            "filters": {
                                "all_of": [
                                    {
                                        "test": "has_equipment",
                                        "subject": "other",
                                        "domain": "hand",
                                        "value": "billey:colorless_bottle"
                                    },
                                    {
                                        "test": "is_owner",
                                        "subject": "other",
                                        "value": true
                                    }
                                ]
                            },
                            "event": "nokroma",
                            "target": "self"
                        }
                    }
                ],
                "minecraft:health": {
                    "value": 40,
                    "max": 40
                },
                "minecraft:sittable": {},
                "minecraft:jump.static": {},
                "minecraft:leashable": {
                    "soft_distance": 4,
                    "hard_distance": 6,
                    "max_distance": 10,
                    "on_leash": {
                        "event": "minecraft:on_leash",
                        "target": "self"
                    },
                    "on_unleash": {
                        "event": "minecraft:on_unleash",
                        "target": "self"
                    }
                },
                "minecraft:behavior.follow_owner": {
                    "priority": 0,
                    "speed_multiplier": 1,
                    "start_distance": 6,
                    "stop_distance": 1
                },
                "minecraft:behavior.stay_while_sitting": {
                    "priority": 3
                },
                "minecraft:can_fly": {},
                "minecraft:movement": {
                    "value": 0.6
                },
                "minecraft:navigation.fly": {
                    "can_path_over_water": true
                },
                "minecraft:movement.fly": {},
                "minecraft:physics": {}
            }
        },
        "components": {
            "minecraft:is_hidden_when_invisible": {},
            "minecraft:type_family": {
                "family": [
                    "pig",
                    "fpig",
                    "mob"
                ]
            },
            "minecraft:interact": [
                {
                    "play_sounds": "plop",
                    "swing": true,
                    "interact_text": "action.interact.get_info",
                    "on_interact": {
                        "filters": {
                            "any_of": [
                                {
                                    "test": "has_equipment",
                                    "subject": "other",
                                    "domain": "hand",
                                    "value": "feather"
                                },
                                {
                                    "test": "has_equipment",
                                    "subject": "other",
                                    "domain": "hand",
                                    "value": "book"
                                },
                                {
                                    "test": "has_equipment",
                                    "subject": "other",
                                    "domain": "hand",
                                    "value": "billey:info_book"
                                }
                            ]
                        },
                        "event": "send_info",
                        "target": "self"
                    }
                }
            ],
            "minecraft:breathable": {
                "total_supply": 15,
                "suffocate_time": 0
            },
            "minecraft:nameable": {},
            "minecraft:health": {
                "value": 30,
                "max": 30
            },
            "minecraft:attack": {
                "damage": 8,
                "effect_name": "slowness",
                "effect_duration": 2
            },
            "minecraft:healable": {
                "items": [
                    {
                        "item": "billey:poultry_orange",
                        "heal_amount": 7
                    },
                    {
                        "item": "billey:cooked_snail",
                        "heal_amount": 4,
                        "effects": [
                            {
                                "name": "strength",
                                "chance": 1.0,
                                "duration": 15,
                                "amplifier": 1
                            }
                        ]
                    },
                    {
                        "item": "billey:cooked_snail_s",
                        "heal_amount": 4,
                        "effects": [
                            {
                                "name": "speed",
                                "chance": 1.0,
                                "duration": 15,
                                "amplifier": 1
                            }
                        ]
                    },
                    {
                        "item": "billey:cooked_snail_w",
                        "heal_amount": 4,
                        "effects": [
                            {
                                "name": "regeneration",
                                "chance": 1.0,
                                "duration": 15,
                                "amplifier": 1
                            }
                        ]
                    },
                    {
                        "item": "carrot",
                        "heal_amount": 2
                    },
                    {
                        "item": "potato",
                        "heal_amount": 3
                    },
                    {
                        "item": "beetroot",
                        "heal_amount": 3
                    },
                    {
                        "item": "golden_carrot",
                        "heal_amount": 18
                    }
                ]
            },
            "minecraft:behavior.melee_attack": {
                "require_complete_path": true,
                "priority": 2,
                "speed_multiplier": 1,
                "track_target": true
            },
            "minecraft:behavior.hurt_by_target": {
                "priority": 2
            },
            "minecraft:collision_box": {
                "width": 0.7,
                "height": 1.7
            },
            "minecraft:leashable": {
                "soft_distance": 4,
                "hard_distance": 6,
                "max_distance": 10,
                "on_leash": {
                    "event": "minecraft:on_leash",
                    "target": "self"
                },
                "on_unleash": {
                    "event": "minecraft:on_unleash",
                    "target": "self"
                }
            },
            "minecraft:balloonable": {
                "mass": 0.75
            },
            "minecraft:behavior.mount_pathing": {
                "priority": 1,
                "speed_multiplier": 1.25,
                "target_dist": 0,
                "track_target": true
            },
            "minecraft:behavior.float": {
                "priority": 2
            },
            "minecraft:behavior.panic": {
                "priority": 3,
                "speed_multiplier": 1.25
            },
            "minecraft:behavior.tempt": {
                "priority": 5,
                "speed_multiplier": 1.2,
                "items": [
                    "potato",
                    "carrot",
                    "beetroot",
                    "carrotOnAStick"
                ]
            },
            "minecraft:behavior.random_stroll": {
                "priority": 7,
                "speed_multiplier": 1
            },
            "minecraft:behavior.look_at_player": {
                "probability": 0.01,
                "priority": 8,
                "look_distance": 6
            },
            "minecraft:behavior.random_look_around": {
                "priority": 9
            }
        },
        
        "events": {
            "reset_target": {
                "reset_target": {}
            },"destroy_head_equipment": {
    "queue_command":{
"command": "scriptevent billey:destroy_pet_head_equipment"
}
},
            "set_follow_state": {
                "sequence": [
                    {
                        "filters": {
                            "test": "has_component",
                            "subject": "self",
                            "value": "minecraft:behavior.follow_owner"
                        },
                        "set_property": {
                            "billey:follow_owner_state": "following"
                        }
                    },
                    {
                        "filters": {
                            "test": "has_component",
                            "subject": "self",
                            "operator": "not",
                            "value": "minecraft:behavior.follow_owner"
                        },
                        "set_property": {
                            "billey:follow_owner_state": "wandering"
                        }
                    }
                ]
            },
            "set_sitting_property_false": {
                "set_property": {
                    "billey:is_sitting": false
                }
            },
            "set_sitting_property_true": {
                "set_property": {
                    "billey:is_sitting": true
                }
            },
            "say_owner_hit_pet_info": {
                "queue_command": {
                    "target": "other",
                    "command": [
                        "titleraw @s actionbar {\"rawtext\":[{\"translate\":\"chat.billeys_mobs.owner_hit_pet\"}]}",
                        "tellraw @s[tag=!billey:has_hurt_own_pet] {\"rawtext\":[{\"translate\":\"ui.billeys_mobs.info.owner_hit_pet\"}]}",
                        "tag @s add billey:has_hurt_own_pet"
                    ]
                }
            },
            "say_other_hit_pet_info": {
                "queue_command": {
                    "target": "other",
                    "command": "titleraw @s actionbar {\"rawtext\":[{\"translate\":\"chat.billeys_mobs.other_hit_pet\"}]}"
                }
            },
            "add_sittable": {
                "add": {
                    "component_groups": [
                        "sittable"
                    ]
                }
            },
            "remove_sittable": {
                "remove": {
                    "component_groups": [
                        "sittable"
                    ]
                }
            },
            "send_info": {
                "queue_command": {
                    "target": "other",
                    "command": [
                        "tellraw @s {\"rawtext\":[{\"text\":\"\\n\"}]}",
                        "tellraw @s {\"rawtext\":[{\"translate\":\"ui.billeys_mobs.info.flyingpig\",\"with\":[\"\\n\"]},{\"text\": \"\\n\"},{\"text\": \"\\n\"},{\"translate\":\"ui.billeys_mobs.info.formore\"}]}",
                        "tellraw @s {\"rawtext\":[{\"text\":\"\\n\"}]}"
                    ]
                }
            },
            "untame": {
                "sequence": [
                    {
                        "queue_command": {
                            "command": [
                                "playsound random.orb @a ~~~ 1.00 0.8 0.5",
                                "tellraw @a[r=5] {\"rawtext\": [{\"translate\": \"billmobs.untame\"},{\"selector\": \"@s\"}, {\"translate\": \"billmobs.untame2\"}] }"
                            ]
                        }
                    },
                    {
                        "remove": {
                            "component_groups": [
                                "tamed_component"
                            ]
                        }
                    },
                    {
                        "add": {
                            "component_groups": [
                                "untamed"
                            ]
                        }
                    }
                ]
            },
            "get_electrocuted": {
                "add": {
                    "component_groups": [
                        "electrocuted"
                    ]
                }
            },
            "eventwander": {
                "sequence": [
                    {
                        "queue_command": {
                            "command": [
                                "tellraw @a[r=5] {\"rawtext\": [{\"translate\": \"billmobs.wander\"},{\"selector\": \"@s\"}, {\"translate\": \"billmobs.wander2\"}] }"
                            ]
                        }
                    },
                    {
                        "trigger": "eventwander_silent"
                    }
                ]
            },
            "eventfollow": {
                "sequence": [
                    {
                        "queue_command": {
                            "command": [
                                "tellraw @a[r=5] {\"rawtext\": [{\"translate\": \"billmobs.follow\"},{\"selector\": \"@s\"}, {\"translate\": \"billmobs.follow2\"}] }"
                            ]
                        }
                    },
                    {
                        "trigger": "eventfollow_silent"
                    }
                ]
            },
            "eventwander_silent": {
                "sequence": [
                    {
                        "remove": {
                            "component_groups": [
                                "following"
                            ]
                        }
                    },
                    {
                        "set_property": {
                            "billey:follow_owner_state": "wandering"
                        }
                    }
                ]
            },
            "eventfollow_silent": {
                "sequence": [
                    {
                        "add": {
                            "component_groups": [
                                "following"
                            ]
                        }
                    },
                    {
                        "set_property": {
                            "billey:follow_owner_state": "following"
                        }
                    }
                ]
            },
            "beenfedabanana": {
                "sequence": [
                    {
                        "queue_command": {
                            "command": [
                                "particle billey:eatbanana ~ ~.5 ~"
                            ]
                        }
                    },
                    {
                        "randomize": [
                            {
                                "weight": 8,
                                "queue_command": {
                                    "command": [
                                        "effect @s regeneration 7 1"
                                    ]
                                }
                            },
                            {
                                "weight": 4,
                                "queue_command": {
                                    "command": [
                                        "effect @s regeneration 10"
                                    ]
                                }
                            },
                            {
                                "weight": 4,
                                "queue_command": {
                                    "command": [
                                        "effect @s speed 10"
                                    ]
                                }
                            },
                            {
                                "weight": 4,
                                "queue_command": {
                                    "command": [
                                        "effect @s absorption 10"
                                    ]
                                }
                            },
                            {
                                "weight": 4,
                                "queue_command": {
                                    "command": [
                                        "effect @s resistance 10"
                                    ]
                                }
                            },
                            {
                                "weight": 4,
                                "queue_command": {
                                    "command": [
                                        "effect @s strength 10"
                                    ]
                                }
                            },
                            {
                                "weight": 4,
                                "queue_command": {
                                    "command": [
                                        "effect @s water_breathing 10"
                                    ]
                                }
                            },
                            {
                                "weight": 4,
                                "queue_command": {
                                    "command": [
                                        "effect @s fire_resistance 10"
                                    ]
                                }
                            },
                            {
                                "weight": 1,
                                "sequence": [
                                    {
                                        "queue_command": {
                                            "command": [
                                                "effect @s levitation 1 0 true"
                                            ]
                                        }
                                    },
                                    {
                                        "queue_command": {
                                            "target": "other",
                                            "command": [
                                                "effect @s levitation 1 0 true"
                                            ]
                                        }
                                    }
                                ]
                            }
                        ]
                    }
                ]
            },
            "bepetted": {
                "sequence": [
                    {
                        "randomize": [
                            {
                                "weight": 13
                            },
                            {
                                "weight": 1
                            },
                            {
                                "weight": 1,
                                "queue_command": {
                                    "command": [
                                        "playanimation @s animation.billeys_mobs.cat.petted"
                                    ]
                                }
                            }
                        ]
                    },
                    {
                        "queue_command": {
                            "target": "other",
                            "command": [
                                "playanimation @s animation.billeys_mobsplayer.pet"
                            ]
                        }
                    },
                    {
                        "randomize": [
                            {
                                "weight": 1
                            },
                            {
                                "weight": 99
                            },
                            {
                                "weight": 3,
                                "queue_command": {
                                    "command": [
                                        "effect @s resistance 10 1 true"
                                    ]
                                }
                            },
                            {
                                "weight": 3,
                                "queue_command": {
                                    "command": [
                                        "effect @s fire_resistance 10 1 true"
                                    ]
                                }
                            },
                            {
                                "weight": 3,
                                "queue_command": {
                                    "command": [
                                        "effect @s strength 10 1 true"
                                    ]
                                }
                            },
                            {
                                "weight": 3,
                                "queue_command": {
                                    "command": [
                                        "effect @s water_breathing 30 0 true"
                                    ]
                                }
                            },
                            {
                                "weight": 3,
                                "queue_command": {
                                    "command": [
                                        "effect @s speed 10 1 true"
                                    ]
                                }
                            },
                            {
                                "weight": 1,
                                "queue_command": {
                                    "command": [
                                        "effect @s levitation 1 1 true",
                                        "effect @s regeneration 30 1 true"
                                    ]
                                }
                            },
                            {
                                "weight": 1,
                                "queue_command": {
                                    "command": [
                                        "effect @s speed 1 0"
                                    ]
                                }
                            }
                        ]
                    }
                ]
            },
            "kroma": {
                "add": {
                    "component_groups": [
                        "kromatik"
                    ]
                }
            },
            "nokroma": {
                "remove": {
                    "component_groups": [
                        "kromatik"
                    ]
                }
            },
            "begone": {
                "remove": {},
                "add": {
                    "component_groups": [
                        "gon"
                    ]
                }
            },
            "minecraft:entity_spawned": {
                "randomize": [
                    {
                        "weight": 95,
                        "remove": {},
                        "add": {
                            "component_groups": [
                                "minecraft:pig_adult",
                                "still",
                                "sensor",
                                "calm"
                            ]
                        }
                    },
                    {
                        "weight": 5,
                        "remove": {},
                        "add": {
                            "component_groups": [
                                "minecraft:pig_baby",
                                "still",
                                "sensor",
                                "calm"
                            ]
                        }
                    }
                ]
            },
            "minecraft:entity_born": {
                "sequence": [
                    {
                        "remove": {},
                        "add": {
                            "component_groups": [
                                "minecraft:pig_baby",
                                "minecraft:cat_tame"
                            ]
                        }
                    },
                    {
                        "filters": {
                            "test": "has_component",
                            "value": "minecraft:is_illager_captain",
                            "subject": "parent"
                        },
                        "add": {
                            "component_groups": [
                                "kromatik"
                            ]
                        }
                    }
                ]
            },
            "minecraft:ageable_grow_up": {
                "remove": {
                    "component_groups": [
                        "minecraft:pig_baby"
                    ]
                },
                "add": {
                    "component_groups": [
                        "minecraft:pig_adult"
                    ]
                }
            },
            "billey:pet_target_acquired": {
                "remove": {
                    "component_groups": [
                        "calm",
                        "still",
                        "sensor",
                        "flying"
                    ]
                },
                "add": {
                    "component_groups": [
                        "angry"
                    ]
                }
            },
            "relax": {
                "remove": {
                    "component_groups": [
                        "angry"
                    ]
                },
                "add": {
                    "component_groups": [
                        "calm",
                        "flying"
                    ]
                }
            },
            "minecraft:on_leash": {
                "add": {
                    "component_groups": [
                        "minecraft:pig_leashed"
                    ]
                }
            },
            "minecraft:on_unleash": {
                "remove": {
                    "component_groups": [
                        "minecraft:pig_leashed"
                    ]
                }
            },
            "xd": {
                "sequence": [
                    {
                        "remove": {
                            "component_groups": [
                                "still",
                                "sensor"
                            ]
                        }
                    },
                    {
                        "add": {
                            "component_groups": [
                                "flying"
                            ]
                        }
                    }
                ]
            },
            "lol": {
                "sequence": [
                    {
                        "remove": {
                            "component_groups": [
                                "flying"
                            ]
                        }
                    },
                    {
                        "add": {
                            "component_groups": [
                                "still",
                                "sensor"
                            ]
                        }
                    }
                ]
            },
            "minecraft:on_tame": {
                "sequence": [
                    {
                        "remove": {
                            "component_groups": [
                                "calm",
                                "angry",
                                "still",
                                "flying",
                                "sensor"
                            ]
                        }
                    },
                    {
                        "add": {
                            "component_groups": [
                                "minecraft:cat_tame"
                            ]
                        }
                    }
                ]
            }
        }
    }
}