{
    "format_version": "1.16.0",
    "minecraft:entity": {
        "description": {
            "identifier": "billey:hamster",
            "runtime_identifier": "minecraft:cat",
            "is_spawnable": true,
            "is_summonable": true,
            "scripts": {
                "animate": [
                    {
                        "set_follow_state": "q.is_tamed && q.property('billey:follow_owner_state') == 'unknown'"
                    },
                    {
                        "set_sitting_property": "q.is_tamed"
                    },
                    "check_beta_apis",
                    {
                        "rainbow_effects": "q.is_illager_captain"
                    },
                    {
                        "stand_up_when_hit": "q.is_tamed"
                    },
                    {
                        "info": "!q.is_tamed"
                    },
                    "tame"
                ]
            },
            "animations": {
                "check_beta_apis": "animation.billeys_mobs.check_beta_apis",
                "set_follow_state": "animation.billeys_mobs.set_follow_state",
                "set_sitting_property": "controller.animation.billeys_mobs.set_sitting_property",
                "rainbow_effects": "animation.billeys_mobs.rainbow_effects",
                "stand_up_when_hit": "controller.animation.billeys_mobs.stand_up_when_hit",
                "info": "animation.billeys_mobs.info.hamster",
                "tame": "controller.animation.billeys_mobs.tame"
            },
            
            "properties": {
                "billey:is_billey_mob": {
                    "client_sync": true,
                    "type": "bool",
                    "default": true
                },
                "billey:head_equipment_color": {
                    "client_sync": true,
                    "type": "int",
                    "range": [
                        0,
                        15
                    ],
                    "default": 0
                },
                //pets' leg slot is used for bowties
                "billey:legs_equipment_color": {
                    "client_sync": true,
                    "type": "int",
                    "range": [
                        0,
                        15
                    ],
                    "default": 0
                },
                "billey:chest_equipment_color": {
                    "client_sync": true,
                    "type": "int",
                    "range": [
                        0,
                        15
                    ],
                    "default": 0
                },
                "billey:feet_equipment_color": {
                    "client_sync": true,
                    "type": "int",
                    "range": [
                        0,
                        15
                    ],
                    "default": 0
                },
                "billey:body_equipment_color": {
                    "client_sync": true,
                    "type": "int",
                    "range": [
                        0,
                        15
                    ],
                    "default": 0
                },
                "billey:follow_owner_state": {
                    //only used so scripts can know whether it's following or wandering
                    "type": "enum",
                    "default": "unknown",
                    "values": [
                        "unknown",
                        "following",
                        "wandering"
                    ]
                },
                "billey:is_sitting": {
                    //only used so scripts can know whether or not it's sitting
                    "type": "bool",
                    "default": false
                }
            }
        },
        "component_groups": {
            "sittable": {
                "minecraft:sittable": {}
            },
            "tamed_component": {
                "minecraft:is_tamed": {}
            },
            "untamed": { /*This is just for ones untamed by the untaming stick.
The real tame items of this mob are in the wild component group*/
                "minecraft:tameable": {
                    "probability": 1.0,
                    "tame_event": {
                        "event": "ontame"
                    },
                    "tame_items": [
                        "billey:power_banana",
                        "billey:raw_catfish",
                        "billey:bettafish",
                        "billey:pizzapiece",
                        "salmon",
                        "fish",
                        "clownfish",
                        "sweet_berries",
                        "rotten_flesh",
                        "wheat_seeds",
                        "melon_seeds",
                        "carrot",
                        "beetroot_seeds",
                        "pumpkin_seeds",
                        "chicken",
                        "billey:raw_hamster",
                        "billey:poultry_orange",
                        "billey:raw_snail",
                        "billey:raw_snail_s",
                        "billey:raw_snail_w",
                        "billey:raw_piranha",
                        "bread",
                        "apple",
                        "fermented_spider_eye",
                        "spider_eye",
                        "string"
                    ]
                }
            },
            "electrocuted": {
                "minecraft:loot": {
                    "table": "loot_tables/entities/billey_electrocuted.json"
                }
            },
            "following": {
                "minecraft:behavior.follow_owner": {
                    "priority": 4,
                    "speed_multiplier": 1.5,
                    "start_distance": 7,
                    "stop_distance": 5
                }
            },
            "white": {
                "minecraft:is_dyeable": {
                    "interact_text": "action.interact.dye"
                },
                "minecraft:color": {
                    "value": 0
                }
            },
            "orange": {
                "minecraft:color": {
                    "value": 1
                }
            },
            "magenta": {
                "minecraft:color": {
                    "value": 2
                }
            },
            "lightblue": {
                "minecraft:color": {
                    "value": 3
                }
            },
            "yellow": {
                "minecraft:color": {
                    "value": 4
                }
            },
            "lightgreen": {
                "minecraft:color": {
                    "value": 5
                }
            },
            "pink": {
                "minecraft:color": {
                    "value": 6
                }
            },
            "gray": {
                "minecraft:color": {
                    "value": 7
                }
            },
            "silver": {
                "minecraft:color": {
                    "value": 8
                }
            },
            "cyan": {
                "minecraft:color": {
                    "value": 9
                }
            },
            "purple": {
                "minecraft:color": {
                    "value": 10
                }
            },
            "blue": {
                "minecraft:color": {
                    "value": 11
                }
            },
            "brown": {
                "minecraft:color": {
                    "value": 12
                }
            },
            "green": {
                "minecraft:color": {
                    "value": 13
                }
            },
            "red": {
                "minecraft:color": {
                    "value": 14
                }
            },
            "black": {
                "minecraft:color": {
                    "value": 15
                }
            },
            "kromatik": {
                "minecraft:is_illager_captain": {}
            },
            "no_armor": {
                "minecraft:variant": {
                    "value": 0
                },
                "minecraft:damage_sensor": {
                    "triggers": [
                        {
                            "on_damage": {
                                "filters": {
                                    "all_of": [
                                        {
                                            "test": "is_owner",
                                            "subject": "other",
                                            "value": true
                                        },
                                        {
                                            "test": "has_tag",
                                            "subject": "other",
                                            "operator": "not",
                                            "value": "billey:can_hit_own_pet"
                                        }
                                    ]
                                },
                                "event": "say_owner_hit_pet_info"
                            },
                            "cause": "all",
                            "deals_damage": false
                        },
                        {
                            "on_damage": {
                                "filters": {
                                    "all_of": [
                                        {
                                            "test": "has_component",
                                            "subject": "self",
                                            "value": "minecraft:is_tamed"
                                        },
                                        {
                                            "test": "is_owner",
                                            "subject": "other",
                                            "value": false
                                        },
                                        {
                                            "test": "has_tag",
                                            "subject": "other",
                                            "value": "billey:cant_hit_other_pet"
                                        }
                                    ]
                                },
                                "event": "say_other_hit_pet_info"
                            },
                            "cause": "all",
                            "deals_damage": false
                        },
                        {
                            "cause": "all",
                            "damage_multiplier": 1.0
                        },
                        {
                            "cause": "all",
                            "deals_damage": false,
                            "on_damage_sound_event": "armor.equip_generic",
                            "on_damage": {
                                "event": "destroy_head_equipment",
                                "target": "self",
                                "filters": {
                                    "all_of": [
                                        {
                                            "test": "has_damage",
                                            "value": "fatal"
                                        },
                                        {
                                            "test": "has_equipment",
                                            "value": "billey:pet_hat",
                                            "domain": "head"
                                        }
                                    ]
                                }
                            }
                        }
                    ]
                },
                "minecraft:interact": {
                    "interactions": [
                        {
                            "play_sounds": "plop",
                            "swing": true,
                            "interact_text": "action.interact.get_info",
                            "on_interact": {
                                "filters": {
                                    "any_of": [
                                        {
                                            "test": "has_equipment",
                                            "subject": "other",
                                            "domain": "hand",
                                            "value": "feather"
                                        },
                                        {
                                            "test": "has_equipment",
                                            "subject": "other",
                                            "domain": "hand",
                                            "value": "book"
                                        },
                                        {
                                            "test": "has_equipment",
                                            "subject": "other",
                                            "domain": "hand",
                                            "value": "billey:info_book"
                                        }
                                    ]
                                },
                                "event": "send_info",
                                "target": "self"
                            }
                        },
                        {
                            "play_sounds": "plop",
                            "swing": true,
                            "interact_text": "action.interact.untame",
                            "on_interact": {
                                "filters": {
                                    "all_of": [
                                        {
                                            "test": "has_equipment",
                                            "subject": "other",
                                            "domain": "hand",
                                            "value": "billey:untaming_stick"
                                        },
                                        {
                                            "test": "is_owner",
                                            "subject": "other",
                                            "value": true
                                        }
                                    ]
                                },
                                "event": "untame",
                                "target": "self"
                            }
                        },
                        {
                            "play_sounds": "plop",
                            "swing": true,
                            "interact_text": "action.interact.wander",
                            "on_interact": {
                                "filters": {
                                    "all_of": [
                                        {
                                            "test": "has_equipment",
                                            "subject": "other",
                                            "domain": "hand",
                                            "value": "stick"
                                        },
                                        {
                                            "test": "has_component",
                                            "subject": "self",
                                            "value": "minecraft:behavior.follow_owner"
                                        },
                                        {
                                            "test": "is_owner",
                                            "subject": "other",
                                            "value": true
                                        }
                                    ]
                                },
                                "event": "eventwander",
                                "target": "self"
                            }
                        },
                        {
                            "play_sounds": "plop",
                            "swing": true,
                            "interact_text": "action.interact.follow",
                            "on_interact": {
                                "filters": {
                                    "all_of": [
                                        {
                                            "test": "has_equipment",
                                            "subject": "other",
                                            "domain": "hand",
                                            "value": "stick"
                                        },
                                        {
                                            "test": "has_component",
                                            "subject": "self",
                                            "operator": "not",
                                            "value": "minecraft:behavior.follow_owner"
                                        },
                                        {
                                            "test": "is_owner",
                                            "subject": "other",
                                            "value": true
                                        }
                                    ]
                                },
                                "event": "eventfollow",
                                "target": "self"
                            }
                        },
                        {
                            "interact_text": "action.interact.pet",
                            "on_interact": {
                                "filters": {
                                    "all_of": [
                                        {
                                            "test": "has_equipment",
                                            "subject": "other",
                                            "domain": "hand",
                                            "operator": "!=",
                                            "value": "billey:swordfish"
                                        },
                                        {
                                            "test": "has_equipment",
                                            "subject": "other",
                                            "domain": "hand",
                                            "operator": "!=",
                                            "value": "billey:golden_swordfish"
                                        },
                                        {
                                            "test": "is_sneaking",
                                            "subject": "other",
                                            "value": true
                                        }
                                    ]
                                },
                                "event": "bepetted",
                                "target": "self"
                            }
                        },
                        {
                            "use_item": true,
                            "play_sounds": "eat",
                            "interact_text": "action.interact.feed",
                            "on_interact": {
                                "filters": {
                                    "all_of": [
                                        {
                                            "test": "has_equipment",
                                            "subject": "other",
                                            "domain": "hand",
                                            "value": "billey:sand_banana"
                                        }
                                    ]
                                },
                                "event": "beenfedabanana",
                                "target": "self"
                            }
                        },
                        {
                            "use_item": true,
                            "play_sounds": "milk",
                            "interact_text": "action.interact.use",
                            "transform_to_item": "glass_bottle",
                            "on_interact": {
                                "filters": {
                                    "all_of": [
                                        {
                                            "test": "has_equipment",
                                            "subject": "other",
                                            "domain": "hand",
                                            "value": "billey:colorful_bottle"
                                        },
                                        {
                                            "test": "is_owner",
                                            "subject": "other",
                                            "value": true
                                        }
                                    ]
                                },
                                "event": "kroma",
                                "target": "self"
                            }
                        },
                        {
                            "use_item": true,
                            "play_sounds": "milk",
                            "interact_text": "action.interact.use",
                            "transform_to_item": "glass_bottle",
                            "on_interact": {
                                "filters": {
                                    "all_of": [
                                        {
                                            "test": "has_equipment",
                                            "subject": "other",
                                            "domain": "hand",
                                            "value": "billey:colorless_bottle"
                                        },
                                        {
                                            "test": "is_owner",
                                            "subject": "other",
                                            "value": true
                                        }
                                    ]
                                },
                                "event": "nokroma",
                                "target": "self"
                            }
                        }
                    ]
                }
            },
            "ball": {
                "minecraft:variant": {
                    "value": 0
                }
            },
            "ballhurt": {
                "minecraft:variant": {
                    "value": 0
                }
            },
            "minecraft:hamster_baby": {
                "minecraft:is_baby": {},
                "minecraft:scale": {
                    "value": 0.4
                },
                "minecraft:is_dyeable": {
                    "interact_text": "action.interact.dye"
                },
                "minecraft:behavior.follow_parent": {
                    "priority": 5,
                    "speed_multiplier": 1.1
                }
            },
            "duckage": {
                "minecraft:ageable": {
                    "duration": 4800,
                    "feed_items": [
                        "bread",
                        "wheat_seeds",
                        "melon_seeds",
                        "pumpkin_seeds",
                        "beetroot_seeds",
                        "carrot",
                        "golden_carrot"
                    ],
                    "grow_up": {
                        "event": "minecraft:ageable_grow_up",
                        "target": "self"
                    }
                }
            },
            "minecraft:hamster_adult": {
                "minecraft:experience_reward": {
                    "on_bred": "Math.Random(1,7)",
                    "on_death": "q.last_hit_by_player ? Math.Random(1,3) : 0"
                },
                "minecraft:loot": {
                    "table": "loot_tables/entities/billhamster.json"
                },
                "minecraft:breedable": {
                    "require_tame": true,
                    "breeds_with": [
                        {
                            "mate_type": "billey:hamster",
                            "baby_type": "billey:hamster",
                            "breed_event": {
                                "event": "minecraft:entity_born",
                                "target": "baby"
                            }
                        }
                    ],
                    "breed_items": [
                        "billey:poultry_orange",
                        "bread",
                        "wheat_seeds",
                        "melon_seeds",
                        "pumpkin_seeds",
                        "beetroot_seeds",
                        "carrot",
                        "golden_carrot"
                    ]
                },
                "minecraft:scale": {
                    "value": 0.8
                },
                "minecraft:behavior.breed": {
                    "priority": 3,
                    "speed_multiplier": 1.5
                },
                "minecraft:rideable": {
                    "seat_count": 1,
                    "family_types": [
                        "zombie"
                    ],
                    "seats": {
                        "position": [
                            0,
                            0.2,
                            -0.3
                        ]
                    }
                }
            },
            "wild": {
                "minecraft:despawn": {
                    "despawn_from_distance": {}
                },
                "minecraft:tameable": {
                    "probability": 0.33,
                    "tame_items": [
                        "billey:power_banana",
                        "bread",
                        "wheat_seeds",
                        "melon_seeds",
                        "pumpkin_seeds",
                        "beetroot_seeds",
                        "carrot",
                        "golden_carrot"
                    ],
                    "tame_event": {
                        "event": "ontame",
                        "target": "self"
                    }
                }
            },
            "tamed": {
                "minecraft:behavior.avoid_mob_type": {
                    "priority": 0,
                    "max_flee": 16,
                    "entity_types": [
                        {
                            "filters": {
                                "test": "has_component",
                                "subject": "other",
                                "value": "minecraft:explode"
                            },
                            "max_dist": 8,
                            "walk_speed_multiplier": 1.3,
                            "sprint_speed_multiplier": 1.3
                        }
                    ]
                },
                "minecraft:persistent": {},
                "minecraft:is_tamed": {},
                "minecraft:tameable": {}, //for the script to be able to get the mob's owner
                "minecraft:behavior.stay_while_sitting": {
                    "priority": 3
                },
                "minecraft:sittable": {},
                "minecraft:behavior.follow_owner": {
                    "priority": 4,
                    "speed_multiplier": 1.5,
                    "start_distance": 7,
                    "stop_distance": 5
                }
            },
            "timer": {
                "minecraft:timer": {
                    "time": [
                        3,
                        12
                    ],
                    "looping": true,
                    "time_down_event": {
                        "event": "do_timer",
                        "target": "self"
                    }
                }
            },
            "quacking": {
                "minecraft:is_sheared": {},
                "minecraft:timer": {
                    "time": [
                        1.25,
                        1.25
                    ],
                    "looping": true,
                    "time_down_event": {
                        "event": "stop_quack",
                        "target": "self"
                    }
                }
            },
            "flying": {
                "minecraft:is_saddled": {},
                "minecraft:timer": {
                    "time": [
                        0.75,
                        1.0
                    ],
                    "looping": true,
                    "time_down_event": {
                        "event": "stop_flying",
                        "target": "self"
                    }
                }
            }
        },
        "components": {
            "minecraft:behavior.owner_hurt_by_target": {
                "priority": 1,
                "entity_types": {
                    "filters": {
                        "test": "has_tag",
                        "subject": "self",
                        "value": "billey:brave"
                    }
                }
            },
            "minecraft:behavior.owner_hurt_target": {
                "priority": 2,
                "entity_types": {
                    "max_dist": 127,
                    "filters": {
                        "test": "has_tag",
                        "subject": "self",
                        "value": "billey:brave"
                    }
                }
            },
            "minecraft:behavior.hurt_by_target": {
                "priority": 2,
                "entity_types": {
                    "filters": {
                        "test": "has_tag",
                        "subject": "self",
                        "value": "billey:brave"
                    }
                }
            },
            "minecraft:on_target_acquired": {
                "event": "billey:pet_target_acquired",
                "target": "self"
            },
            "minecraft:on_target_escape": {
                "event": "billey:pet_target_escape",
                "target": "self"
            },
            "minecraft:interact": {
                "interactions": [
                    {
                        "play_sounds": "plop",
                        "swing": true,
                        "interact_text": "action.interact.get_info",
                        "on_interact": {
                            "filters": {
                                "any_of": [
                                    {
                                        "test": "has_equipment",
                                        "subject": "other",
                                        "domain": "hand",
                                        "value": "feather"
                                    },
                                    {
                                        "test": "has_equipment",
                                        "subject": "other",
                                        "domain": "hand",
                                        "value": "book"
                                    },
                                    {
                                        "test": "has_equipment",
                                        "subject": "other",
                                        "domain": "hand",
                                        "value": "billey:info_book"
                                    }
                                ]
                            },
                            "event": "send_info",
                            "target": "self"
                        }
                    }
                ]
            },
            "minecraft:is_hidden_when_invisible": {},
            "minecraft:type_family": {
                "family": [
                    "hamster",
                    "mob",
                    "strider"
                ]
            },
            "minecraft:breathable": {
                "total_supply": 15,
                "suffocate_time": 0
            },
            "minecraft:collision_box": {
                "width": 0.6,
                "height": 0.4
            },
            "minecraft:nameable": {},
            "minecraft:health": {
                "value": 3,
                "max": 3
            },
            "minecraft:healable": {
                "items": [
                    {
                        "item": "billey:poultry_orange",
                        "heal_amount": 7
                    },
                    {
                        "item": "billey:cooked_snail",
                        "heal_amount": 4,
                        "effects": [
                            {
                                "name": "strength",
                                "chance": 1.0,
                                "duration": 15,
                                "amplifier": 1
                            }
                        ]
                    },
                    {
                        "item": "billey:cooked_snail_s",
                        "heal_amount": 4,
                        "effects": [
                            {
                                "name": "speed",
                                "chance": 1.0,
                                "duration": 15,
                                "amplifier": 1
                            }
                        ]
                    },
                    {
                        "item": "billey:cooked_snail_w",
                        "heal_amount": 4,
                        "effects": [
                            {
                                "name": "regeneration",
                                "chance": 1.0,
                                "duration": 15,
                                "amplifier": 1
                            }
                        ]
                    },
                    {
                        "item": "wheat_seeds",
                        "heal_amount": 1
                    },
                    {
                        "item": "melon_seeds",
                        "heal_amount": 2
                    },
                    {
                        "item": "pumpkin_seeds",
                        "heal_amount": 2
                    },
                    {
                        "item": "carrot",
                        "heal_amount": 3
                    },
                    {
                        "item": "melon",
                        "heal_amount": 4
                    },
                    {
                        "item": "golden_carrot",
                        "heal_amount": 6
                    },
                    {
                        "item": "beetroot_seeds",
                        "heal_amount": 2
                    }
                ]
            },
            "minecraft:hurt_on_condition": {
                "damage_conditions": [
                    {
                        "filters": {
                            "test": "in_lava",
                            "subject": "self",
                            "operator": "==",
                            "value": true
                        },
                        "cause": "lava",
                        "damage_per_tick": 4
                    }
                ]
            },
            "minecraft:movement": {
                "value": 0.2
            },
            "minecraft:leashable": {
                "soft_distance": 4.0,
                "hard_distance": 6.0,
                "max_distance": 10.0
            },
            "minecraft:balloonable": {
                "mass": 0.5
            },
            "minecraft:navigation.walk": {
                "can_path_over_water": false,
                "avoid_damage_blocks": true,
                "avoid_water": true
            },
            "minecraft:movement.basic": {},
            "minecraft:jump.static": {},
            "minecraft:can_climb": {},
            "minecraft:behavior.float": {
                "priority": 0
            },
            "minecraft:behavior.panic": {
                "priority": 1,
                "speed_multiplier": 1.5
            },
            "minecraft:behavior.mount_pathing": {
                "priority": 2,
                "speed_multiplier": 1.5,
                "target_dist": 0.0,
                "track_target": true
            },
            "minecraft:behavior.tempt": {
                "priority": 5,
                "speed_multiplier": 1.5,
                "items": [
                    "bread",
                    "wheat_seeds",
                    "melon_seeds",
                    "pumpkin_seeds",
                    "beetroot_seeds",
                    "carrot",
                    "golden_carrot",
                    "billey:sand_banana"
                ]
            },
            "minecraft:behavior.beg": {
                "priority": 9,
                "look_distance": 3,
                "look_time": 0,
                "items": [
                    "bread",
                    "wheat_seeds",
                    "melon_seeds",
                    "pumpkin_seeds",
                    "beetroot_seeds",
                    "carrot",
                    "golden_carrot",
                    "billey:sand_banana"
                ]
            },
            "minecraft:behavior.random_stroll": {
                "priority": 6,
                "speed_multiplier": 1.0
            },
            "minecraft:behavior.look_at_player": {
                "probability": 0.01,
                "priority": 7,
                "look_distance": 6.0,
                "probability": 0.02
            },
            "minecraft:behavior.random_look_around": {
                "priority": 8
            },
            "minecraft:physics": {},
            "minecraft:pushable": {
                "is_pushable": true,
                "is_pushable_by_piston": true
            },
            "minecraft:behavior.melee_attack": {
                "require_complete_path": true,
                "priority": 4,
                "speed_multiplier": 1.5,
                "track_target": true
            },
            "minecraft:attack": {
                "damage": 1
            },
            "minecraft:conditional_bandwidth_optimization": {}
        },
        "events": {
            "reset_target": {
                "reset_target": {}
            },
            "destroy_head_equipment": {
                "queue_command": {
                    "command": "scriptevent billey:destroy_pet_head_equipment"
                }
            },
            "set_follow_state": {
                "sequence": [
                    {
                        "filters": {
                            "test": "has_component",
                            "subject": "self",
                            "value": "minecraft:behavior.follow_owner"
                        },
                        "set_property": {
                            "billey:follow_owner_state": "following"
                        }
                    },
                    {
                        "filters": {
                            "test": "has_component",
                            "subject": "self",
                            "operator": "not",
                            "value": "minecraft:behavior.follow_owner"
                        },
                        "set_property": {
                            "billey:follow_owner_state": "wandering"
                        }
                    }
                ]
            },
            "set_sitting_property_false": {
                "set_property": {
                    "billey:is_sitting": false
                }
            },
            "set_sitting_property_true": {
                "set_property": {
                    "billey:is_sitting": true
                }
            },
            "say_owner_hit_pet_info": {
                "queue_command": {
                    "target": "other",
                    "command": [
                        "titleraw @s actionbar {\"rawtext\":[{\"translate\":\"chat.billeys_mobs.owner_hit_pet\"}]}",
                        "tellraw @s[tag=!billey:has_hurt_own_pet] {\"rawtext\":[{\"translate\":\"ui.billeys_mobs.info.owner_hit_pet\"}]}",
                        "tag @s add billey:has_hurt_own_pet"
                    ]
                }
            },
            "say_other_hit_pet_info": {
                "queue_command": {
                    "target": "other",
                    "command": "titleraw @s actionbar {\"rawtext\":[{\"translate\":\"chat.billeys_mobs.other_hit_pet\"}]}"
                }
            },
            "add_sittable": {
                "add": {
                    "component_groups": [
                        "sittable"
                    ]
                }
            },
            "remove_sittable": {
                "remove": {
                    "component_groups": [
                        "sittable"
                    ]
                }
            },
            "check_if_experiments_on": {
                "queue_command": {
                    "command": "tag @s add billey_exp_on_v2"
                }
            },
            "send_info": {
                "queue_command": {
                    "target": "other",
                    "command": [
                        "tellraw @s {\"rawtext\":[{\"text\":\"\\n\"}]}",
                        "tellraw @s {\"rawtext\":[{\"translate\":\"ui.billeys_mobs.info.hamster\",\"with\":[\"\\n\"]},{\"text\": \"\\n\"},{\"text\": \"\\n\"},{\"translate\":\"ui.billeys_mobs.info.tip2\"}]}",
                        "tellraw @s {\"rawtext\":[{\"text\":\"\\n\"}]}"
                    ]
                }
            },
            "untame": {
                "sequence": [
                    {
                        "queue_command": {
                            "command": [
                                "playsound random.orb @a ~~~ 1.00 0.8 0.5",
                                "tellraw @a[r=5] {\"rawtext\": [{\"translate\": \"billmobs.untame\"},{\"selector\": \"@s\"}, {\"translate\": \"billmobs.untame2\"}] }"
                            ]
                        }
                    },
                    {
                        "remove": {
                            "component_groups": [
                                "tamed_component"
                            ]
                        }
                    },
                    {
                        "add": {
                            "component_groups": [
                                "untamed"
                            ]
                        }
                    }
                ]
            },
            "get_electrocuted": {
                "add": {
                    "component_groups": [
                        "electrocuted"
                    ]
                }
            },
            "eventwander": {
                "sequence": [
                    {
                        "queue_command": {
                            "command": [
                                "tellraw @a[r=5] {\"rawtext\": [{\"translate\": \"billmobs.wander\"},{\"selector\": \"@s\"}, {\"translate\": \"billmobs.wander2\"}] }"
                            ]
                        }
                    },
                    {
                        "trigger": "eventwander_silent"
                    }
                ]
            },
            "eventfollow": {
                "sequence": [
                    {
                        "queue_command": {
                            "command": [
                                "tellraw @a[r=5] {\"rawtext\": [{\"translate\": \"billmobs.follow\"},{\"selector\": \"@s\"}, {\"translate\": \"billmobs.follow2\"}] }"
                            ]
                        }
                    },
                    {
                        "trigger": "eventfollow_silent"
                    }
                ]
            },
            "eventwander_silent": {
                "sequence": [
                    {
                        "remove": {
                            "component_groups": [
                                "following"
                            ]
                        }
                    },
                    {
                        "set_property": {
                            "billey:follow_owner_state": "wandering"
                        }
                    }
                ]
            },
            "eventfollow_silent": {
                "sequence": [
                    {
                        "add": {
                            "component_groups": [
                                "following"
                            ]
                        }
                    },
                    {
                        "set_property": {
                            "billey:follow_owner_state": "following"
                        }
                    }
                ]
            },
            "beenfedabanana": {
                "sequence": [
                    {
                        "queue_command": {
                            "command": [
                                "particle billey:eatbanana ~ ~.5 ~"
                            ]
                        }
                    },
                    {
                        "randomize": [
                            {
                                "weight": 8,
                                "queue_command": {
                                    "command": [
                                        "effect @s regeneration 7 1"
                                    ]
                                }
                            },
                            {
                                "weight": 4,
                                "queue_command": {
                                    "command": [
                                        "effect @s regeneration 10"
                                    ]
                                }
                            },
                            {
                                "weight": 4,
                                "queue_command": {
                                    "command": [
                                        "effect @s speed 10"
                                    ]
                                }
                            },
                            {
                                "weight": 4,
                                "queue_command": {
                                    "command": [
                                        "effect @s absorption 10"
                                    ]
                                }
                            },
                            {
                                "weight": 4,
                                "queue_command": {
                                    "command": [
                                        "effect @s resistance 10"
                                    ]
                                }
                            },
                            {
                                "weight": 4,
                                "queue_command": {
                                    "command": [
                                        "effect @s strength 10"
                                    ]
                                }
                            },
                            {
                                "weight": 4,
                                "queue_command": {
                                    "command": [
                                        "effect @s water_breathing 10"
                                    ]
                                }
                            },
                            {
                                "weight": 4,
                                "queue_command": {
                                    "command": [
                                        "effect @s fire_resistance 10"
                                    ]
                                }
                            },
                            {
                                "weight": 1,
                                "sequence": [
                                    {
                                        "queue_command": {
                                            "command": [
                                                "effect @s levitation 1 0 true"
                                            ]
                                        }
                                    },
                                    {
                                        "queue_command": {
                                            "target": "other",
                                            "command": [
                                                "effect @s levitation 1 0 true"
                                            ]
                                        }
                                    }
                                ]
                            }
                        ]
                    }
                ]
            },
            "bepetted": {
                "sequence": [
                    {
                        "randomize": [
                            {
                                "weight": 13
                            },
                            {
                                "weight": 1
                            },
                            {
                                "weight": 1,
                                "queue_command": {
                                    "command": [
                                        "playanimation @s animation.billeys_mobs.cat.petted"
                                    ]
                                }
                            }
                        ]
                    },
                    {
                        "queue_command": {
                            "target": "other",
                            "command": [
                                "playanimation @s animation.billeys_mobsplayer.pet"
                            ]
                        }
                    },
                    {
                        "randomize": [
                            {
                                "weight": 1
                            },
                            {
                                "weight": 99
                            },
                            {
                                "weight": 3,
                                "queue_command": {
                                    "command": [
                                        "effect @s resistance 10 1 true"
                                    ]
                                }
                            },
                            {
                                "weight": 3,
                                "queue_command": {
                                    "command": [
                                        "effect @s fire_resistance 10 1 true"
                                    ]
                                }
                            },
                            {
                                "weight": 3,
                                "queue_command": {
                                    "command": [
                                        "effect @s strength 10 1 true"
                                    ]
                                }
                            },
                            {
                                "weight": 3,
                                "queue_command": {
                                    "command": [
                                        "effect @s water_breathing 30 0 true"
                                    ]
                                }
                            },
                            {
                                "weight": 3,
                                "queue_command": {
                                    "command": [
                                        "effect @s speed 10 1 true"
                                    ]
                                }
                            },
                            {
                                "weight": 1,
                                "queue_command": {
                                    "command": [
                                        "effect @s levitation 1 1 true",
                                        "effect @s regeneration 30 1 true"
                                    ]
                                }
                            },
                            {
                                "weight": 1,
                                "queue_command": {
                                    "command": [
                                        "effect @s speed 1 0"
                                    ]
                                }
                            }
                        ]
                    }
                ]
            },
            "beno": {
                "add": {
                    "component_groups": [
                        "no_armor"
                    ]
                },
                "remove": {
                    "component_groups": [
                        "leather_armor",
                        "golden_armor",
                        "chain_armor",
                        "iron_armor",
                        "diamond_armor",
                        "netherite_armor",
                        "endrod_armor"
                    ]
                }
            },
            "billey:pet_target_acquired": {},
            "billey:pet_target_escape": {},
            "kroma": {
                "add": {
                    "component_groups": [
                        "kromatik"
                    ]
                }
            },
            "nokroma": {
                "remove": {
                    "component_groups": [
                        "kromatik"
                    ]
                }
            },
            "minecraft:entity_spawned": {
                "sequence": [
                    {
                        "randomize": [
                            {
                                "weight": 95,
                                "remove": {},
                                "add": {
                                    "component_groups": [
                                        "minecraft:hamster_adult"
                                    ]
                                }
                            },
                            {
                                "weight": 5,
                                "remove": {},
                                "add": {
                                    "component_groups": [
                                        "minecraft:hamster_baby"
                                    ]
                                }
                            }
                        ]
                    },
                    {
                        "add": {
                            "component_groups": [
                                "quacking",
                                "wild"
                            ]
                        }
                    },
                    {
                        "filters": {
                            "test": "has_biome_tag",
                            "value": "nether"
                        },
                        "add": {
                            "component_groups": [
                                "red"
                            ]
                        }
                    },
                    {
                        "filters": {
                            "test": "has_biome_tag",
                            "value": "the_end"
                        },
                        "add": {
                            "component_groups": [
                                "blue"
                            ]
                        }
                    },
                    {
                        "randomize": [
                            {
                                "weight": 100,
                                "remove": {},
                                "add": {
                                    "component_groups": [
                                        "white"
                                    ]
                                }
                            },
                            {
                                "weight": 200,
                                "remove": {},
                                "add": {
                                    "component_groups": [
                                        "silver"
                                    ]
                                }
                            },
                            {
                                "weight": 200,
                                "remove": {},
                                "add": {
                                    "component_groups": [
                                        "gray"
                                    ]
                                }
                            },
                            {
                                "weight": 300,
                                "remove": {},
                                "add": {
                                    "component_groups": [
                                        "orange"
                                    ]
                                }
                            },
                            {
                                "weight": 100,
                                "remove": {},
                                "add": {
                                    "component_groups": [
                                        "black"
                                    ]
                                }
                            },
                            {
                                "weight": 100,
                                "remove": {},
                                "add": {
                                    "component_groups": [
                                        "brown"
                                    ]
                                }
                            },
                            {
                                "weight": 4,
                                "remove": {},
                                "add": {
                                    "component_groups": [
                                        "lightgreen",
                                        "special"
                                    ]
                                }
                            },
                            {
                                "weight": 4,
                                "remove": {},
                                "add": {
                                    "component_groups": [
                                        "blue",
                                        "special"
                                    ]
                                }
                            },
                            {
                                "weight": 4,
                                "remove": {},
                                "add": {
                                    "component_groups": [
                                        "red",
                                        "special"
                                    ]
                                }
                            },
                            {
                                "weight": 4,
                                "remove": {},
                                "add": {
                                    "component_groups": [
                                        "cyan",
                                        "special"
                                    ]
                                }
                            },
                            {
                                "weight": 4,
                                "remove": {},
                                "add": {
                                    "component_groups": [
                                        "magenta",
                                        "special"
                                    ]
                                }
                            },
                            {
                                "weight": 4,
                                "remove": {},
                                "add": {
                                    "component_groups": [
                                        "yellow",
                                        "special"
                                    ]
                                }
                            },
                            {
                                "weight": 1,
                                "remove": {},
                                "add": {
                                    "component_groups": [
                                        "kromatik"
                                    ]
                                }
                            }
                        ]
                    }
                ]
            },
            "do_timer": {
                "randomize": [
                    {
                        "weight": 7,
                        "remove": {},
                        "add": {
                            "component_groups": [
                                "quacking"
                            ]
                        }
                    },
                    {
                        "weight": 3,
                        "remove": {},
                        "add": {
                            "component_groups": [
                                "flying"
                            ]
                        }
                    }
                ]
            },
            "stop_quack": {
                "remove": {
                    "component_groups": [
                        "quacking"
                    ]
                },
                "add": {
                    "component_groups": [
                        "timer"
                    ]
                }
            },
            "stop_flying": {
                "remove": {
                    "component_groups": [
                        "flying"
                    ]
                },
                "add": {
                    "component_groups": [
                        "timer"
                    ]
                }
            },
            "minecraft:entity_born": {
                "sequence": [
                    {
                        "remove": {},
                        "add": {
                            "component_groups": [
                                "minecraft:hamster_baby",
                                "duckage",
                                "flying",
                                "tamed",
                                "no_armor"
                            ]
                        }
                    },
                    {
                        "filters": {
                            "any_of": [
                                {
                                    "test": "has_biome_tag",
                                    "value": "nether"
                                },
                                {
                                    "test": "is_variant",
                                    "value": 1
                                }
                            ]
                        },
                        "add": {
                            "component_groups": [
                                "red"
                            ]
                        }
                    },
                    {
                        "filters": {
                            "test": "is_variant",
                            "value": 5
                        },
                        "add": {
                            "component_groups": [
                                "white"
                            ]
                        }
                    },
                    {
                        "filters": {
                            "test": "has_component",
                            "value": "minecraft:is_illager_captain",
                            "subject": "parent"
                        },
                        "add": {
                            "component_groups": [
                                "kromatik"
                            ]
                        }
                    }
                ]
            },
            "minecraft:entity_born_green": {
                "sequence": [
                    {
                        "remove": {},
                        "add": {
                            "component_groups": [
                                "minecraft:hamster_baby",
                                "duckage",
                                "flying",
                                "tamed",
                                "green"
                            ]
                        }
                    },
                    {
                        "filters": {
                            "test": "has_component",
                            "value": "minecraft:is_illager_captain",
                            "subject": "parent"
                        },
                        "add": {
                            "component_groups": [
                                "kromatik"
                            ]
                        }
                    },
                    {
                        "filters": {
                            "any_of": [
                                {
                                    "test": "has_biome_tag",
                                    "value": "nether"
                                },
                                {
                                    "test": "is_variant",
                                    "value": 1
                                }
                            ]
                        },
                        "add": {
                            "component_groups": [
                                "red"
                            ]
                        }
                    }
                ]
            },
            "minecraft:entity_born_purple": {
                "sequence": [
                    {
                        "remove": {},
                        "add": {
                            "component_groups": [
                                "minecraft:hamster_baby",
                                "duckage",
                                "flying",
                                "tamed",
                                "purple"
                            ]
                        }
                    },
                    {
                        "filters": {
                            "test": "has_component",
                            "value": "minecraft:is_illager_captain",
                            "subject": "parent"
                        },
                        "add": {
                            "component_groups": [
                                "kromatik"
                            ]
                        }
                    },
                    {
                        "filters": {
                            "any_of": [
                                {
                                    "test": "has_biome_tag",
                                    "value": "nether"
                                },
                                {
                                    "test": "is_variant",
                                    "value": 1
                                }
                            ]
                        },
                        "add": {
                            "component_groups": [
                                "red"
                            ]
                        }
                    }
                ]
            },
            "minecraft:entity_born_white": {
                "sequence": [
                    {
                        "remove": {},
                        "add": {
                            "component_groups": [
                                "minecraft:hamster_baby",
                                "duckage",
                                "flying",
                                "tamed",
                                "white"
                            ]
                        }
                    },
                    {
                        "filters": {
                            "test": "has_component",
                            "value": "minecraft:is_illager_captain",
                            "subject": "parent"
                        },
                        "add": {
                            "component_groups": [
                                "kromatik"
                            ]
                        }
                    },
                    {
                        "filters": {
                            "any_of": [
                                {
                                    "test": "has_biome_tag",
                                    "value": "the_end"
                                },
                                {
                                    "test": "is_variant",
                                    "value": 1
                                }
                            ]
                        },
                        "add": {
                            "component_groups": [
                                "inverted"
                            ]
                        }
                    }
                ]
            },
            "ontame": {
                "sequence": [
                    {
                        "queue_command": {
                            "command": [
                                "tellraw @s {\"rawtext\":[{\"text\":\"\\n\"}]}",
                                "tellraw @a[r=6,tag=!billeyinfotip2] {\"rawtext\":[{\"translate\":\"ui.billeys_mobs.info.tip2\"}]}",
                                "tellraw @s {\"rawtext\":[{\"text\":\"\\n\"}]}",
                                "tag @a[r=6,tag=!billeyinfotip2] add billeyinfotip2"
                            ]
                        }
                    },
                    {
                        "remove": {
                            "component_groups": [
                                "wild",
                                "timer",
                                "flying"
                            ]
                        }
                    },
                    {
                        "add": {
                            "component_groups": [
                                "tamed",
                                "quacking",
                                "no_armor"
                            ]
                        }
                    },
                    {
                        "filters": {
                            "test": "has_component",
                            "value": "minecraft:is_baby"
                        },
                        "add": {
                            "component_groups": [
                                "duckage"
                            ]
                        }
                    }
                ]
            },
            "minecraft:ageable_grow_up": {
                "remove": {
                    "component_groups": [
                        "minecraft:hamster_baby",
                        "duckage"
                    ]
                },
                "add": {
                    "component_groups": [
                        "minecraft:hamster_adult"
                    ]
                }
            },
            "addgold": {
                "add": {
                    "component_groups": [
                        "gold"
                    ]
                }
            }
        }
    }
}