{
	"format_version": "1.16.0",
	"minecraft:entity": {
		"description": {
			"identifier": "billey:snail",
			"is_spawnable": false,
			"is_summonable": true,
			"is_experimental": false,
			"scripts": {
                "animate": [
                    {
                        "set_follow_state": "q.is_tamed && q.property('billey:follow_owner_state') == 'unknown'"
                    },
                    {
                        "set_sitting_property": "q.is_tamed"
                    }, "check_beta_apis",
                    {
                        "rainbow_effects": "q.is_illager_captain"
                    },
                    {
                        "stand_up_when_hit": "q.is_tamed"
                    },
					{"info":"!q.is_tamed"},
					"tamed",
					"fix"
				]
			},
            "animations": {
                "check_beta_apis": "animation.billeys_mobs.check_beta_apis",
                "set_follow_state": "animation.billeys_mobs.set_follow_state",
                "set_sitting_property": "controller.animation.billeys_mobs.set_sitting_property",
                "rainbow_effects": "animation.billeys_mobs.rainbow_effects",
                "stand_up_when_hit": "controller.animation.billeys_mobs.stand_up_when_hit",
				"info": "animation.billeys_mobs.info.snail",
				"fix": "controller.animation.billeys_mobs.snail.fix",
				"tamed": "controller.animation.billeys_mobs.tame"
			},
            
            "properties": {
                "billey:is_billey_mob": {
                    "client_sync": true,
                    "type": "bool",
                    "default": true
                },
                "billey:head_equipment_color": {
                    "client_sync": true,
                    "type": "int",
                    "range": [
                        0,
                        15
                    ],
                    "default": 0
                },
                //pets' leg slot is used for bowties
                "billey:legs_equipment_color": {
                    "client_sync": true,
                    "type": "int",
                    "range": [
                        0,
                        15
                    ],
                    "default": 0
                },
                "billey:chest_equipment_color": {
                    "client_sync": true,
                    "type": "int",
                    "range": [
                        0,
                        15
                    ],
                    "default": 0
                },
                "billey:feet_equipment_color": {
                    "client_sync": true,
                    "type": "int",
                    "range": [
                        0,
                        15
                    ],
                    "default": 0
                },
                "billey:body_equipment_color": {
                    "client_sync": true,
                    "type": "int",
                    "range": [
                        0,
                        15
                    ],
                    "default": 0
                },
                "billey:follow_owner_state": {
                    //only used so scripts can know whether it's following or wandering
                    "type": "enum",
                    "default": "unknown",
                    "values": [
                        "unknown",
                        "following",
                        "wandering"
                    ]
                },
                "billey:is_sitting": {
                    //only used so scripts can know whether or not it's sitting
                    "type": "bool",
                    "default": false
                }
            }
		},
		"component_groups": {
            "sittable": {
                "minecraft:sittable": {}
            },
			"tamed_component": {
				"minecraft:is_tamed": {}
			},
			"untamed": { /*This is just for ones untamed by the untaming stick.
The real tame items of this mob are in the wild component group*/
				"minecraft:tameable": {
					"probability": 1.0,
					"tame_event": {
						"event": "on_tame"
					},
					"tame_items": [
						"billey:power_banana",
						"billey:raw_catfish",
						"billey:bettafish",
						"billey:pizzapiece",
						"salmon",
						"fish",
						"clownfish",
						"sweet_berries",
						"rotten_flesh",
						"wheat_seeds",
						"melon_seeds",
						"carrot",
						"beetroot_seeds",
						"pumpkin_seeds",
						"chicken",
						"billey:raw_hamster",
						"billey:poultry_orange",
						"billey:raw_snail",
						"billey:raw_snail_s",
						"billey:raw_snail_w",
						"billey:raw_piranha",
						"bread",
						"apple",
						"fermented_spider_eye",
						"spider_eye",
						"string"
					]
				}
			},
			"electrocuted": {
				"minecraft:loot": {
					"table": "loot_tables/entities/billey_electrocuted.json"
				}
			},
			"following": {
				"minecraft:behavior.follow_owner": {
					"priority": 4,
					"speed_multiplier": 1,
					"start_distance": 7,
					"stop_distance": 5
				}
			},
			"kromatik": {
				"minecraft:is_illager_captain": {}
			},
			"minecraft:snail_baby": {
				"minecraft:is_baby": {},
				"minecraft:scale": {
					"value": 0.5
				},
				"minecraft:ageable": {
					"duration": 4800,
					"feed_items": [
						"leaves",
						"leaves2",
						"red_mushroom",
						"brown_mushroom",
						"wood",
						"tallgrass",
						"wheat",
						"apple",
						"sea_pickle"
					],
					"grow_up": {
						"event": "minecraft:ageable_grow_up",
						"target": "self"
					}
				},
				"minecraft:behavior.follow_parent": {
					"priority": 5,
					"speed_multiplier": 1.1
				}
			},
			"minecraft:snail_adult": {
				"minecraft:experience_reward": {
					"on_bred": "Math.Random(1,7)",
					"on_death": "q.last_hit_by_player ? Math.Random(1,3) : 0"
				},
				"minecraft:breedable": {
					"require_tame": true,
					"allow_sitting": false,
					"blend_attributes": true,
					"breeds_with": {
						"mateType": "billey:snail",
						"babyType": "billey:snail",
						"breed_event": {
							"event": "minecraft:entity_born",
							"target": "baby"
						}
					},
					"breed_items": [ "billey:poultry_orange",
						"leaves",
						"leaves2",
						"red_mushroom",
						"brown_mushroom",
						"wood",
						"tallgrass",
						"wheat",
						"apple",
						"sea_pickle"
					]
				},
				"minecraft:behavior.breed": {
					"priority": 3,
					"speed_multiplier": 1
				},
				"minecraft:rideable": {
					"seat_count": 1,
					"family_types": [
						"zombie"
					],
					"seats": {
						"position": [
							0,
							0.35,
							0
						]
					}
				}
			},
			"minecraft:tropicalfish_base_white": {
				"minecraft:color": {
					"value": 0
				}
			},
			"minecraft:tropicalfish_base_orange": {
				"minecraft:color": {
					"value": 1
				}
			},
			"minecraft:tropicalfish_base_magenta": {
				"minecraft:color": {
					"value": 2
				}
			},
			"minecraft:tropicalfish_base_lightblue": {
				"minecraft:color": {
					"value": 3
				}
			},
			"minecraft:tropicalfish_base_yellow": {
				"minecraft:color": {
					"value": 4
				}
			},
			"minecraft:tropicalfish_base_lightgreen": {
				"minecraft:color": {
					"value": 5
				}
			},
			"minecraft:tropicalfish_base_pink": {
				"minecraft:color": {
					"value": 6
				}
			},
			"minecraft:tropicalfish_base_gray": {
				"minecraft:color": {
					"value": 7
				}
			},
			"minecraft:tropicalfish_base_silver": {
				"minecraft:color": {
					"value": 8
				}
			},
			"minecraft:tropicalfish_base_cyan": {
				"minecraft:color": {
					"value": 9
				}
			},
			"minecraft:tropicalfish_base_purple": {
				"minecraft:color": {
					"value": 10
				}
			},
			"minecraft:tropicalfish_base_blue": {
				"minecraft:color": {
					"value": 11
				}
			},
			"minecraft:tropicalfish_base_brown": {
				"minecraft:color": {
					"value": 12
				}
			},
			"minecraft:tropicalfish_base_green": {
				"minecraft:color": {
					"value": 13
				}
			},
			"minecraft:tropicalfish_base_red": {
				"minecraft:color": {
					"value": 14
				}
			},
			"minecraft:tropicalfish_base_black": {
				"minecraft:color": {
					"value": 15
				}
			},
			"minecraft:tropicalfish_pattern_white": {
				"minecraft:mark_variant": {
					"value": 0
				}
			},
			"minecraft:tropicalfish_pattern_orange": {
				"minecraft:mark_variant": {
					"value": 1
				}
			},
			"minecraft:tropicalfish_pattern_magenta": {
				"minecraft:mark_variant": {
					"value": 2
				}
			},
			"minecraft:tropicalfish_pattern_lightblue": {
				"minecraft:mark_variant": {
					"value": 3
				}
			},
			"minecraft:tropicalfish_pattern_yellow": {
				"minecraft:mark_variant": {
					"value": 4
				}
			},
			"minecraft:tropicalfish_pattern_lightgreen": {
				"minecraft:mark_variant": {
					"value": 5
				}
			},
			"minecraft:tropicalfish_pattern_pink": {
				"minecraft:mark_variant": {
					"value": 6
				}
			},
			"minecraft:tropicalfish_pattern_gray": {
				"minecraft:mark_variant": {
					"value": 7
				}
			},
			"minecraft:tropicalfish_pattern_silver": {
				"minecraft:mark_variant": {
					"value": 8
				}
			},
			"minecraft:tropicalfish_pattern_cyan": {
				"minecraft:mark_variant": {
					"value": 9
				}
			},
			"minecraft:tropicalfish_pattern_purple": {
				"minecraft:mark_variant": {
					"value": 10
				}
			},
			"minecraft:tropicalfish_pattern_blue": {
				"minecraft:mark_variant": {
					"value": 11
				}
			},
			"minecraft:tropicalfish_pattern_brown": {
				"minecraft:mark_variant": {
					"value": 12
				}
			},
			"minecraft:tropicalfish_pattern_green": {
				"minecraft:mark_variant": {
					"value": 13
				}
			},
			"minecraft:tropicalfish_pattern_red": {
				"minecraft:mark_variant": {
					"value": 14
				}
			},
			"minecraft:tropicalfish_pattern_black": {
				"minecraft:mark_variant": {
					"value": 15
				}
			},
			"sleeping": {
				"minecraft:navigation.walk": {},
				"minecraft:movement": {
					"value": 0.001
				},
				"minecraft:damage_sensor": {
					"triggers": [
                    {
                        "on_damage": {
                            "filters": {
                                "all_of": [
                                    {
                                        "test": "is_owner",
                                        "subject": "other",
                                        "value": true
                                    },
                                    {
                                        "test": "has_tag",
                                        "subject": "other",
                                        "operator": "not",
                                        "value": "billey:can_hit_own_pet"
                                    }
                                ]
                            },
                            "event": "say_owner_hit_pet_info"
                        },
                        "cause": "all",
                        "deals_damage": false
                    },
                    {
                        "on_damage": {
                            "filters": {
                                "all_of": [
                                    {
                                        "test": "has_component",
                                        "subject": "self",
                                        "value": "minecraft:is_tamed"
                                    },
                                    {
                                        "test": "is_owner",
                                        "subject": "other",
                                        "value": false
                                    },
                                    {
                                        "test": "has_tag",
                                        "subject": "other",
                                        "value": "billey:cant_hit_other_pet"
                                    }
                                ]
                            },
                            "event": "say_other_hit_pet_info"
                        },
                        "cause": "all",
                        "deals_damage": false
                    },
						{
							"on_damage": {
								"filters": {
									"all_of": [
										{
											"test": "has_damage",
											"operator": "not",
											"value": "fatal"
										}
									]
								},
								"event": "wake_up"
							}
						}
					]
				},
				"minecraft:timer": {
					"time": [
						60,
						300
					],
					"looping": false,
					"time_down_event": {
						"event": "wake_up",
						"target": "self"
					}
				},
				"minecraft:on_target_acquired": {
					"event": "angry",
					"target": "self"
				},
				"minecraft:interact": {
					"interactions": [
						{
							"play_sounds": "plop",
							"swing": true,
							"interact_text": "action.interact.get_info",
							"on_interact": {
								"filters": {
									"any_of": [
										{
											"test": "has_equipment",
											"subject": "other",
											"domain": "hand",
											"value": "feather"
										},
										{
                                        "test": "has_equipment",
                                        "subject": "other",
                                        "domain": "hand",
                                        "value": "book"
                                    },
                                    {
                                        "test": "has_equipment",
                                        "subject": "other",
                                        "domain": "hand",
                                        "value": "billey:info_book"
                                    }
									]
								},
								"event": "send_info",
								"target": "self"
							}
						},
						{
							"play_sounds": "plop",
							"swing": true,
							"interact_text": "action.interact.wander",
							"on_interact": {
								"filters": {
									"all_of": [
										{
											"test": "has_equipment",
											"subject": "other",
											"domain": "hand",
											"value": "stick"
										},
										{
											"test": "has_component",
											"subject": "self",
											"value": "minecraft:behavior.follow_owner"
										},										{
											"test": "is_owner",
											"subject": "other",
											"value": true
										}
									]
								},
								"event": "eventwander",
								"target": "self"
							}
						},
						{
							"play_sounds": "plop",
							"swing": true,
							"interact_text": "action.interact.follow",
							"on_interact": {
								"filters": {
									"all_of": [
										{
											"test": "has_equipment",
											"subject": "other",
											"domain": "hand",
											"value": "stick"
										},
										{
											"test": "has_component",
											"subject": "self",
											"operator": "not",
											"value": "minecraft:behavior.follow_owner"
										},										{
											"test": "is_owner",
											"subject": "other",
											"value": true
										}
									]
								},
								"event": "eventfollow",
								"target": "self"
							}
						},
						{
							"interact_text": "action.interact.pet",
							"on_interact": {
								"filters": {
									"all_of": [
										{
											"test": "has_equipment",
											"subject": "other",
											"domain": "hand",
											"operator": "!=",
											"value": "billey:swordfish"
										},
										{
											"test": "has_equipment",
											"subject": "other",
											"domain": "hand",
											"operator": "!=",
											"value": "billey:golden_swordfish"
										},
                                    {
                                        "test": "is_sneaking",
                                        "subject": "other",
                                        "value": true
                                    }
									]
								},
								"event": "bepetted",
								"target": "self"
							}
						},
						{
							"use_item": true,
							"play_sounds": "eat",
							"interact_text": "action.interact.feed",
							"on_interact": {
								"filters": {
									"all_of": [
										{
											"test": "has_equipment",
											"subject": "other",
											"domain": "hand",
											"value": "billey:sand_banana"
										},
										{
											"test": "is_family",
											"subject": "other",
											"value": "player"
										}
									]
								},
								"event": "beenfedabanana",
								"target": "self"
							}
						},
						{
							"interact_text": "Wake Up",
							"on_interact": {
								"event": "wake_up",
								"target": "self"
							}
						}
					]
				},
				"minecraft:is_sheared": {}
			},
			"sleep_angry": {
				"minecraft:pushable": {
					"is_pushable": true,
					"is_pushable_by_piston": true
				},
				"minecraft:movement": {
					"value": 0.08
				},
				"minecraft:on_target_escape": {
					"event": "sleep",
					"target": "self"
				},
				"minecraft:navigation.climb": {
					"can_path_over_water": false,
					"avoid_water": true,
					"avoid_damage_blocks": true,
					"can_float": true,
					"avoid_sun": true
				},
				"minecraft:movement.basic": {},
				"minecraft:can_climb": {},
				"minecraft:tameable": {
					"probability": 0.667,
					"tame_items": [
						"billey:power_banana",
						"leaves",
						"leaves2",
						"red_mushroom",
						"brown_mushroom",
						"wood",
						"tallgrass",
						"wheat",
						"apple",
						"sea_pickle",
						"red_flower",
						"yellow_flower"
					],
					"tame_event": {
						"event": "tame",
						"target": "self"
					}
				},
				"minecraft:despawn": {
					"despawn_from_distance": {}
				},
				"minecraft:behavior.random_stroll": {
					"priority": 6,
					"speed_multiplier": 1
				},
				"minecraft:behavior.random_look_around": {
					"priority": 8
				},
				"minecraft:behavior.look_at_player": { "probability": 0.01,
					"priority": 7,
					"look_distance": 6,
					"probability": 0.02
				},
				"minecraft:behavior.mount_pathing": {
					"priority": 2,
					"speed_multiplier": 1.5,
					"target_dist": 0,
					"track_target": true
				},
				"minecraft:behavior.tempt": {
					"priority": 4,
					"speed_multiplier": 1,
					"items": [
						"leaves",
						"leaves2",
						"red_mushroom",
						"brown_mushroom",
						"wood",
						"tallgrass",
						"wheat",
						"apple",
						"sea_pickle",
						"billey:sand_banana"
					]
				}
			},
			"awake": {
				"minecraft:despawn": {
					"despawn_from_distance": {}
				},
				"minecraft:interact": {
					"interactions": [
						{
							"play_sounds": "plop",
							"swing": true,
							"interact_text": "action.interact.get_info",
							"on_interact": {
								"filters": {
									"any_of": [
										{
											"test": "has_equipment",
											"subject": "other",
											"domain": "hand",
											"value": "feather"
										},
										{
                                        "test": "has_equipment",
                                        "subject": "other",
                                        "domain": "hand",
                                        "value": "book"
                                    },
                                    {
                                        "test": "has_equipment",
                                        "subject": "other",
                                        "domain": "hand",
                                        "value": "billey:info_book"
                                    }
									]
								},
								"event": "send_info",
								"target": "self"
							}
						}
					]
				},
				"minecraft:behavior.avoid_mob_type": {
					"priority": 5,
					"entity_types": [
						{
							"filters": {
								"all_of": [
									{
										"test": "has_component",
										"subject": "other",
										"value": "minecraft:is_sheared"
									},
									{
										"test": "is_family",
										"subject": "other",
										"value": "snail"
									}
								]
							},
							"max_dist": 2,
							"walk_speed_multiplier": 1.0
						}
					]
				},
				"minecraft:pushable": {
					"is_pushable": true,
					"is_pushable_by_piston": true
				},
				"minecraft:movement": {
					"value": 0.1
				},
				"minecraft:timer": {
					"time": [
						180,
						580
					],
					"looping": false,
					"time_down_event": {
						"event": "sleep",
						"target": "self"
					}
				},
				"minecraft:navigation.climb": {
					"can_path_over_water": false,
					"avoid_water": true,
					"avoid_damage_blocks": true,
					"can_float": true,
					"avoid_sun": true
				},
				"minecraft:movement.basic": {},
				"minecraft:can_climb": {},
				"minecraft:tameable": {
					"probability": 0.667,
					"tame_items": [
						"billey:power_banana",
						"leaves",
						"leaves2",
						"red_mushroom",
						"brown_mushroom",
						"wood",
						"tallgrass",
						"wheat",
						"apple",
						"sea_pickle",
						"red_flower",
						"yellow_flower"
					],
					"tame_event": {
						"event": "tame",
						"target": "self"
					}
				},
				"minecraft:behavior.random_stroll": {
					"priority": 6,
					"speed_multiplier": 1
				},
				"minecraft:behavior.random_look_around": {
					"priority": 8
				},
				"minecraft:behavior.look_at_player": { "probability": 0.01,
					"priority": 7,
					"look_distance": 6,
					"probability": 0.02
				},
				"minecraft:behavior.mount_pathing": {
					"priority": 2,
					"speed_multiplier": 1.5,
					"target_dist": 0,
					"track_target": true
				},
				"minecraft:behavior.tempt": {
					"priority": 4,
					"speed_multiplier": 1,
					"items": [
						"leaves",
						"leaves2",
						"red_mushroom",
						"brown_mushroom",
						"wood",
						"tallgrass",
						"wheat",
						"apple",
						"sea_pickle"
					]
				}
			},
			"tame_awake": {
				"minecraft:pushable": {
					"is_pushable": true,
					"is_pushable_by_piston": true
				},
				"minecraft:movement": {
					"value": 0.08
				},
				"minecraft:navigation.climb": {
					"can_path_over_water": false,
					"avoid_water": true,
					"avoid_damage_blocks": true,
					"can_float": true,
					"avoid_sun": false
				},
				"minecraft:movement.basic": {},
				"minecraft:can_climb": {},
				"minecraft:behavior.random_stroll": {
					"priority": 6,
					"speed_multiplier": 1
				},
				"minecraft:behavior.random_look_around": {
					"priority": 8
				},
				"minecraft:behavior.look_at_player": { "probability": 0.01,
					"priority": 7,
					"look_distance": 6,
					"probability": 0.02
				},
				"minecraft:behavior.mount_pathing": {
					"priority": 2,
					"speed_multiplier": 1.5,
					"target_dist": 0,
					"track_target": true
				},
				"minecraft:behavior.tempt": {
					"priority": 4,
					"speed_multiplier": 1,
					"items": [
						"leaves",
						"leaves2",
						"red_mushroom",
						"brown_mushroom",
						"wood",
						"tallgrass",
						"wheat",
						"apple",
						"sea_pickle"
					]
				}
			},
			"tamed": {
				"minecraft:behavior.owner_hurt_by_target": {
					"priority": 1
				},
				"minecraft:behavior.owner_hurt_target": {
					"priority": 2,
                    "entity_types": {
                        "max_dist": 127,
                        "filters": {
                            "test": "is_owner",
                            "subject": "other",
                            "operator": "not"
                        }
                    }
				},
				"minecraft:behavior.avoid_mob_type": {
					"priority": 0,
					"max_flee": 16,
					"entity_types": [
						{
							"filters": {
								"test": "has_component",
								"subject": "other",
								"value": "minecraft:explode"
							},
							"max_dist": 12,
							"walk_speed_multiplier": 1.4,
							"sprint_speed_multiplier": 1.4
						}
					]
				},
				"minecraft:persistent": {},
				"minecraft:behavior.follow_owner": {
					"priority": 4,
					"speed_multiplier": 1,
					"start_distance": 7,
					"stop_distance": 5
				},
				"minecraft:healable": {
					"items": [
						{
							"item": "apple",
							"heal_amount": 4
						},
						{
							"item": "sea_pickle",
							"heal_amount": 5
						},
						{
							"item": "grass",
							"heal_amount": 2
						},
						{
							"item": "leaves2",
							"heal_amount": 3
						},
						{
							"item": "leaves",
							"heal_amount": 3
						},
						{
							"item": "wood",
							"heal_amount": 3
						},
						{
							"item": "brown_mushroom",
							"heal_amount": 1
						},
						{
							"item": "red_mushroom",
							"heal_amount": 1
						}
					]
				},
				"minecraft:is_tamed": {},
                "minecraft:tameable": {}, //for the script to be able to get the mob's owner
				"minecraft:timer": {
					"time": [
						0.0,
						0.0
					],
					"looping": false,
					"time_down_event": {
						"event": "get_none",
						"target": "self"
					}
				},
				"minecraft:interact": {
					"interactions": [
						{
							"play_sounds": "plop",
							"swing": true,
							"interact_text": "action.interact.get_info",
							"on_interact": {
								"filters": {
									"any_of": [
										{
											"test": "has_equipment",
											"subject": "other",
											"domain": "hand",
											"value": "feather"
										},
										{
                                        "test": "has_equipment",
                                        "subject": "other",
                                        "domain": "hand",
                                        "value": "book"
                                    },
                                    {
                                        "test": "has_equipment",
                                        "subject": "other",
                                        "domain": "hand",
                                        "value": "billey:info_book"
                                    }
									]
								},
								"event": "send_info",
								"target": "self"
							}
						},
						{
							"play_sounds": "plop",
							"swing": true,
							"interact_text": "action.interact.untame",
							"on_interact": {
								"filters": {
									"all_of": [
										{
											"test": "has_equipment",
											"subject": "other",
											"domain": "hand",
											"value": "billey:untaming_stick"
										},										{
											"test": "is_owner",
											"subject": "other",
											"value": true
										}
									]
								},
								"event": "untame",
								"target": "self"
							}
						},
						{
							"interact_text": "action.interact.pet",
							"on_interact": {
								"filters": {
									"all_of": [
										{
											"test": "has_equipment",
											"subject": "other",
											"domain": "hand",
											"operator": "!=",
											"value": "billey:swordfish"
										},
										{
											"test": "has_equipment",
											"subject": "other",
											"domain": "hand",
											"operator": "!=",
											"value": "billey:golden_swordfish"
										},
                                    {
                                        "test": "is_sneaking",
                                        "subject": "other",
                                        "value": true
                                    }
									]
								},
								"event": "bepetted",
								"target": "self"
							}
						},
						{
							"use_item": true,
							"play_sounds": "eat",
							"interact_text": "action.interact.feed",
							"on_interact": {
								"filters": {
									"all_of": [
										{
											"test": "has_equipment",
											"subject": "other",
											"domain": "hand",
											"value": "billey:sand_banana"
										},
										{
											"test": "is_family",
											"subject": "other",
											"value": "player"
										}
									]
								},
								"event": "beenfedabanana",
								"target": "self"
							}
						},
						{
							"use_item": true,
							"play_sounds": "milk",
							"interact_text": "action.interact.use",
							"transform_to_item": "glass_bottle",
							"on_interact": {
								"filters": {
									"all_of": [
										{
											"test": "has_equipment",
											"subject": "other",
											"domain": "hand",
											"value": "billey:colorful_bottle"
										},										{
											"test": "is_owner",
											"subject": "other",
											"value": true
										}
									]
								},
								"event": "kroma",
								"target": "self"
							}
						},
						{
							"use_item": true,
							"play_sounds": "milk",
							"interact_text": "action.interact.use",
							"transform_to_item": "glass_bottle",
							"on_interact": {
								"filters": {
									"all_of": [
										{
											"test": "has_equipment",
											"subject": "other",
											"domain": "hand",
											"value": "billey:colorless_bottle"
										},										{
											"test": "is_owner",
											"subject": "other",
											"value": true
										}
									]
								},
								"event": "nokroma",
								"target": "self"
							}
						}
					]
				},
				"minecraft:sittable": {
					"sit_event": {
						"event": "tame_sleep",
						"target": "self"
					},
					"stand_event": {
						"event": "tame_wake_up",
						"target": "self"
					}
				}
			},
			"tame_sleeping": {
				"minecraft:movement": {
					"value": 0.001
				},
				"minecraft:navigation.walk": {},
				"minecraft:behavior.stay_while_sitting": {
					"priority": 0
				},
				"minecraft:movement.basic": {},
				"minecraft:is_sheared": {}
			},
			"helmet_none": {
				"minecraft:health": {
					"value": 16,
					"max": 16
				}
			},
			"slow": {
				"minecraft:loot": {
					"table": "loot_tables/entities/billsnails.json"
				},
				"minecraft:variant": {
					"value": 1
				},
				"minecraft:attack": {
					"damage": [
						1,
						2
					],
					"effect_name": "slowness",
					"effect_duration": 30000
				}
			},
			"poison": {
				"minecraft:loot": {
					"table": "loot_tables/entities/billsnailw.json"
				},
				"minecraft:variant": {
					"value": 2
				},
				"minecraft:attack": {
					"damage": 1,
					"effect_name": "wither",
					"effect_duration": 30000
				}
			},
			"wet": {
				"minecraft:environment_sensor": {
					"triggers": {
						"filters": {
							"test": "in_water",
							"value": false
						},
						"event": "owo"
					}
				}
			},
			"gary": {
				"minecraft:mark_variant": {
					"value": 1
				},
				"minecraft:color": {
					"value": 3
				}
			}
		},
		"components": {
			"minecraft:is_hidden_when_invisible": {},
			"minecraft:environment_sensor": {
				"triggers": {
					"filters": {
						"test": "in_water",
						"value": true
					},
					"event": "get_wet"
				}
			},
			"minecraft:type_family": {
				"family": [
					"snail",
					"mob",
					"strider"
				]
			},
			"minecraft:breathable": {
				"total_supply": 600,
				"suffocate_time": 0
			},
			"minecraft:collision_box": {
				"width": 0.4,
				"height": 0.35
			},
			"minecraft:color": {
				"value": 13
			},
			"minecraft:mark_variant": {
				"value": 12
			},
			"minecraft:health": {
				"value": 8,
				"max": 8
			},
			"minecraft:hurt_on_condition": {
				"damage_conditions": [
					{
						"filters": {
							"test": "in_lava",
							"subject": "self",
							"operator": "==",
							"value": true
						},
						"cause": "lava",
						"damage_per_tick": 4
					}
				]
			},
			"minecraft:movement": {
				"value": 0.08
			},
			"minecraft:leashable": {
				"soft_distance": 4,
				"hard_distance": 6,
				"max_distance": 10
			},
			"minecraft:balloonable": {
				"mass": 0.6
			},
			"minecraft:attack": {
				"damage": 1,
				"effect_name": "weakness",
				"effect_duration": 30000
			},
			"minecraft:loot": {
				"table": "loot_tables/entities/billsnail.json"
			},
			"minecraft:behavior.nearest_attackable_target": {
				"priority": 2,
				"entity_types": [
					{
						"filters": {
							"all_of": [
								{
									"test": "is_family",
									"subject": "other",
									"value": "monster"
								},
								{
									"any_of": [
										{
											"test": "is_family",
											"subject": "other",
											"operator": "not",
											"value": "creeper"
										},
										{
											"test": "is_family",
											"subject": "other",
											"value": "mcreeper"
										}
									]
								}
							]
						},
						"max_dist": 10
					}
				]
			},
			"minecraft:behavior.melee_attack": {
				"require_complete_path": true,
				"priority": 2,
				"speed_multiplier": 1.4,
				"track_target": true
			},
			"minecraft:behavior.float": {
				"priority": 0
			},
			"minecraft:behavior.hurt_by_target": {
				"priority": 2
			},
			"minecraft:behavior.move_to_land": {
				"priority": 0,
				"search_range": 10,
				"search_height": 5,
				"speed_multiplier": 8
			},
			"minecraft:physics": {},
			"minecraft:nameable": {
				"default_trigger": {
					"event": "nogary",
					"target": "self"
				},
				"name_actions": [
					{
						"name_filter": "Gary_",
						"on_named": {
							"event": "bgary",
							"target": "self"
						}
					}
				]
			}
		},
		
        "events": {
            "reset_target": {
                "reset_target": {}
            },"destroy_head_equipment": {
    "queue_command":{
"command": "scriptevent billey:destroy_pet_head_equipment"
}
},
            "set_follow_state": {
                "sequence": [
                    {
                        "filters": {
                            "test": "has_component",
                            "subject": "self",
                            "value": "minecraft:behavior.follow_owner"
                        },
                        "set_property": {
                            "billey:follow_owner_state": "following"
                        }
                    },
                    {
                        "filters": {
                            "test": "has_component",
                            "subject": "self",
                            "operator": "not",
                            "value": "minecraft:behavior.follow_owner"
                        },
                        "set_property": {
                            "billey:follow_owner_state": "wandering"
                        }
                    }
                ]
            },
            "set_sitting_property_false": {
                "set_property": {
                    "billey:is_sitting": false
                }
            },
            "set_sitting_property_true": {
                "set_property": {
                    "billey:is_sitting": true
                }
            },
            "say_owner_hit_pet_info": {
                "queue_command": {
                    "target": "other",
                    "command": [
                        "titleraw @s actionbar {\"rawtext\":[{\"translate\":\"chat.billeys_mobs.owner_hit_pet\"}]}",
                        "tellraw @s[tag=!billey:has_hurt_own_pet] {\"rawtext\":[{\"translate\":\"ui.billeys_mobs.info.owner_hit_pet\"}]}",
                        "tag @s add billey:has_hurt_own_pet"
                    ]
                }
            },
            "say_other_hit_pet_info": {
                "queue_command": {
                    "target": "other",
                    "command": "titleraw @s actionbar {\"rawtext\":[{\"translate\":\"chat.billeys_mobs.other_hit_pet\"}]}"
                }
            },
            "add_sittable": {
                "add": {
                    "component_groups": [
                        "sittable"
                    ]
                }
            },
            "remove_sittable": {
                "remove": {
                    "component_groups": [
                        "sittable"
                    ]
                }
            },
			"send_info": {
				"queue_command": {
					"target": "other",
					"command": [
						"tellraw @s {\"rawtext\":[{\"text\":\"\\n\"}]}",
						"tellraw @s {\"rawtext\":[{\"translate\":\"ui.billeys_mobs.info.snail\",\"with\":[\"\\n\"]},{\"text\": \"\\n\"},{\"text\": \"\\n\"},{\"translate\":\"ui.billeys_mobs.info.formore\"}]}",
						"tellraw @s {\"rawtext\":[{\"text\":\"\\n\"}]}"
					]
				}
			},
			"get_electrocuted": {
				"add": {
					"component_groups": [
						"electrocuted"
					]
				}
			},
			"untame": {
				"sequence": [
					{
						"queue_command": {
							"command": [
								"playsound random.orb @a ~~~ 1.00 0.8 0.5",
								"tellraw @a[r=5] {\"rawtext\": [{\"translate\": \"billmobs.untame\"},{\"selector\": \"@s\"}, {\"translate\": \"billmobs.untame2\"}] }"
							]
						}
					},
					{
						"remove": {
							"component_groups": [
								"tamed_component"
							]
						},
						"add": {
							"component_groups": [
								"untamed"
							]
						}
					}
				]
			},
            "eventwander": {
                "sequence": [
                    {
                        "queue_command": {
                            "command": [
                                "tellraw @a[r=5] {\"rawtext\": [{\"translate\": \"billmobs.wander\"},{\"selector\": \"@s\"}, {\"translate\": \"billmobs.wander2\"}] }"
                            ]
                        }
                    },
                    {
                        "trigger": "eventwander_silent"
                    }
                ]
            },
            "eventfollow": {
                "sequence": [
                    {
                        "queue_command": {
                            "command": [
                                "tellraw @a[r=5] {\"rawtext\": [{\"translate\": \"billmobs.follow\"},{\"selector\": \"@s\"}, {\"translate\": \"billmobs.follow2\"}] }"
                            ]
                        }
                    },
                    {
                        "trigger": "eventfollow_silent"
                    }
                ]
            },
            "eventwander_silent": {
                "sequence": [
                    {
                        "remove": {
                            "component_groups": [
                                "following"
                            ]
                        }
                    },
                    {
                        "set_property": {
                            "billey:follow_owner_state": "wandering"
                        }
                    }
                ]
            },
            "eventfollow_silent": {
                "sequence": [
                    {
                        "add": {
                            "component_groups": [
                                "following"
                            ]
                        }
                    },
                    {
                        "set_property": {
                            "billey:follow_owner_state": "following"
                        }
                    }
                ]
            },
			"beenfedabanana": {
				"sequence": [
					{
						"queue_command": {
							"command": [
								"particle billey:eatbanana ~ ~.2 ~"
							]
						}
					},
					{
						"randomize": [
							{
								"weight": 8,
								"queue_command": {
									"command": [
										"effect @s regeneration 7 1"
									]
								}
							},
							{
								"weight": 4,
								"queue_command": {
									"command": [
										"effect @s regeneration 10"
									]
								}
							},
							{
								"weight": 4,
								"queue_command": {
									"command": [
										"effect @s speed 10"
									]
								}
							},
							{
								"weight": 4,
								"queue_command": {
									"command": [
										"effect @s absorption 10"
									]
								}
							},
							{
								"weight": 4,
								"queue_command": {
									"command": [
										"effect @s resistance 10"
									]
								}
							},
							{
								"weight": 4,
								"queue_command": {
									"command": [
										"effect @s strength 10"
									]
								}
							},
							{
								"weight": 4,
								"queue_command": {
									"command": [
										"effect @s water_breathing 10"
									]
								}
							},
							{
								"weight": 4,
								"queue_command": {
									"command": [
										"effect @s fire_resistance 10"
									]
								}
							},
							{
								"weight": 1,
								"sequence": [
									{
										"queue_command": {
											"command": [
												"effect @s levitation 1 0 true"
											]
										}
									},
									{
										"queue_command": {
											"target": "other",
											"command": [
												"effect @s levitation 1 0 true"
											]
										}
									}
								]
							}
						]
					}
				]
			},
			"bepetted": {
				"sequence": [
					{
						"randomize": [
							{
								"weight": 13
							},
							{
								"weight": 1
							},
							{
								"weight": 1,
								"queue_command": {
									"command": [
										"playanimation @s animation.billeys_mobs.cat.petted"
									]
								}
							}
						]
					},
					{
						"queue_command": {
							"target": "other",
							"command": [
								"playanimation @s animation.billeys_mobsplayer.pet"
							]
						}
					},
					{
						"randomize": [
							{
								"weight": 1
							},
							{
								"weight": 99
							},
							{
								"weight": 3,
								"queue_command": {
									"command": [
										"effect @s resistance 10 1 true"
									]
								}
							},
							{
								"weight": 3,
								"queue_command": {
									"command": [
										"effect @s fire_resistance 10 1 true"
									]
								}
							},
							{
								"weight": 3,
								"queue_command": {
									"command": [
										"effect @s strength 10 1 true"
									]
								}
							},
							{
								"weight": 3,
								"queue_command": {
									"command": [
										"effect @s water_breathing 30 0 true"
									]
								}
							},
							{
								"weight": 3,
								"queue_command": {
									"command": [
										"effect @s speed 10 1 true"
									]
								}
							},
							{
								"weight": 1,
								"queue_command": {
									"command": [
										"effect @s levitation 1 1 true",
										"effect @s regeneration 30 1 true"
									]
								}
							},
							{
								"weight": 1,
								"queue_command": {
									"command": [
										"effect @s speed 1 0"
									]
								}
							}
						]
					}
				]
			},
			"kroma": {
				"add": {
					"component_groups": [
						"kromatik"
					]
				}
			},
			"nokroma": {
				"remove": {
					"component_groups": [
						"kromatik"
					]
				}
			},
			"bgary": {
				"add": {
					"component_groups": [
						"gary"
					]
				}
			},
			"nogary": {
				"add": {},
				"remove": {
					"component_groups": [
						"wet",
						"gary"
					]
				}
			},
			"minecraft:entity_spawned": {
				"sequence": [
					{
						"randomize": [
							{
								"weight": 95,
								"remove": {},
								"add": {
									"component_groups": [
										"minecraft:snail_adult"
									]
								}
							},
							{
								"weight": 5,
								"remove": {},
								"add": {
									"component_groups": [
										"minecraft:snail_baby"
									]
								}
							}
						]
					},
					{
						"randomize": [
							{
								"weight": 4,
								"remove": {},
								"add": {
									"component_groups": [
										"awake"
									]
								}
							},
							{
								"weight": 1,
								"remove": {},
								"add": {
									"component_groups": [
										"sleeping"
									]
								}
							}
						]
					},
					{
						"randomize": [
							{
								"weight": 3,
								"remove": {},
								"add": {
									"component_groups": [
										"slow"
									]
								}
							},
							{
								"weight": 3
							},
							{
								"weight": 1,
								"remove": {},
								"add": {
									"component_groups": [
										"poison"
									]
								}
							}
						]
					},
					{
						"randomize": [
							{
								"weight": 1,
								"add": {
									"component_groups": [
										"minecraft:tropicalfish_base_white"
									]
								}
							},
							{
								"weight": 1,
								"add": {
									"component_groups": [
										"minecraft:tropicalfish_base_orange"
									]
								}
							},
							{
								"weight": 1,
								"add": {
									"component_groups": [
										"minecraft:tropicalfish_base_magenta"
									]
								}
							},
							{
								"weight": 1,
								"add": {
									"component_groups": [
										"minecraft:tropicalfish_base_lightblue"
									]
								}
							},
							{
								"weight": 1,
								"add": {
									"component_groups": [
										"minecraft:tropicalfish_base_yellow"
									]
								}
							},
							{
								"weight": 2,
								"add": {
									"component_groups": [
										"minecraft:tropicalfish_base_lightgreen"
									]
								}
							},
							{
								"weight": 1,
								"add": {
									"component_groups": [
										"minecraft:tropicalfish_base_pink"
									]
								}
							},
							{
								"weight": 1,
								"add": {
									"component_groups": [
										"minecraft:tropicalfish_base_gray"
									]
								}
							},
							{
								"weight": 1,
								"add": {
									"component_groups": [
										"minecraft:tropicalfish_base_silver"
									]
								}
							},
							{
								"weight": 1,
								"add": {
									"component_groups": [
										"minecraft:tropicalfish_base_cyan"
									]
								}
							},
							{
								"weight": 1,
								"add": {
									"component_groups": [
										"minecraft:tropicalfish_base_purple"
									]
								}
							},
							{
								"weight": 1,
								"add": {
									"component_groups": [
										"minecraft:tropicalfish_base_blue"
									]
								}
							},
							{
								"weight": 1,
								"add": {
									"component_groups": [
										"minecraft:tropicalfish_base_brown"
									]
								}
							},
							{
								"weight": 1,
								"add": {
									"component_groups": [
										"minecraft:tropicalfish_base_green"
									]
								}
							},
							{
								"weight": 1,
								"add": {
									"component_groups": [
										"minecraft:tropicalfish_base_red"
									]
								}
							},
							{
								"weight": 1,
								"add": {
									"component_groups": [
										"minecraft:tropicalfish_base_black"
									]
								}
							}
						]
					},
					{
						"randomize": [
							{
								"weight": 3,
								"add": {
									"component_groups": [
										"minecraft:tropicalfish_pattern_white"
									]
								}
							},
							{
								"weight": 1,
								"add": {
									"component_groups": [
										"minecraft:tropicalfish_pattern_orange"
									]
								}
							},
							{
								"weight": 1,
								"add": {
									"component_groups": [
										"minecraft:tropicalfish_pattern_magenta"
									]
								}
							},
							{
								"weight": 1,
								"add": {
									"component_groups": [
										"minecraft:tropicalfish_pattern_lightblue"
									]
								}
							},
							{
								"weight": 1,
								"add": {
									"component_groups": [
										"minecraft:tropicalfish_pattern_yellow"
									]
								}
							},
							{
								"weight": 1,
								"add": {
									"component_groups": [
										"minecraft:tropicalfish_pattern_lightgreen"
									]
								}
							},
							{
								"weight": 1,
								"add": {
									"component_groups": [
										"minecraft:tropicalfish_pattern_pink"
									]
								}
							},
							{
								"weight": 1,
								"add": {
									"component_groups": [
										"minecraft:tropicalfish_pattern_gray"
									]
								}
							},
							{
								"weight": 1,
								"add": {
									"component_groups": [
										"minecraft:tropicalfish_pattern_silver"
									]
								}
							},
							{
								"weight": 1,
								"add": {
									"component_groups": [
										"minecraft:tropicalfish_pattern_cyan"
									]
								}
							},
							{
								"weight": 1,
								"add": {
									"component_groups": [
										"minecraft:tropicalfish_pattern_purple"
									]
								}
							},
							{
								"weight": 1,
								"add": {
									"component_groups": [
										"minecraft:tropicalfish_pattern_blue"
									]
								}
							},
							{
								"weight": 1,
								"add": {
									"component_groups": [
										"minecraft:tropicalfish_pattern_brown"
									]
								}
							},
							{
								"weight": 1,
								"add": {
									"component_groups": [
										"minecraft:tropicalfish_pattern_green"
									]
								}
							},
							{
								"weight": 1,
								"add": {
									"component_groups": [
										"minecraft:tropicalfish_pattern_red"
									]
								}
							},
							{
								"weight": 1,
								"add": {
									"component_groups": [
										"minecraft:tropicalfish_pattern_black"
									]
								}
							}
						]
					}
				]
			},
			"minecraft:entity_born": {
				"sequence": [
					{
						"filters": {
							"any_of": [
								{
									"test": "is_variant",
									"subject": "self",
									"value": 1
								},
								{
									"test": "is_variant",
									"subject": "parent",
									"value": 1
								}
							]
						},
						"add": {
							"component_groups": [
								"slow"
							]
						}
					},
					{
						"filters": {
							"test": "has_component",
							"value": "minecraft:is_illager_captain",
							"subject": "parent"
						},
						"add": {
							"component_groups": [
								"kromatik"
							]
						}
					},
					{
						"filters": {
							"any_of": [
								{
									"test": "is_variant",
									"subject": "self",
									"value": 2
								},
								{
									"test": "is_variant",
									"subject": "parent",
									"value": 2
								}
							]
						},
						"add": {
							"component_groups": [
								"poison"
							]
						}
					},
					{
						"randomize": [
							{
								"weight": 1,
								"add": {
									"component_groups": [
										"minecraft:tropicalfish_pattern_white",
										"minecraft:snail_baby",
										"tamed",
										"tame_awake"
									]
								}
							},
							{
								"weight": 1,
								"add": {
									"component_groups": [
										"minecraft:tropicalfish_pattern_orange",
										"minecraft:snail_baby",
										"tamed",
										"tame_awake"
									]
								}
							},
							{
								"weight": 1,
								"add": {
									"component_groups": [
										"minecraft:tropicalfish_pattern_magenta",
										"minecraft:snail_baby",
										"tamed",
										"tame_awake"
									]
								}
							},
							{
								"weight": 1,
								"add": {
									"component_groups": [
										"minecraft:tropicalfish_pattern_lightblue",
										"minecraft:snail_baby",
										"tamed",
										"tame_awake"
									]
								}
							},
							{
								"weight": 1,
								"add": {
									"component_groups": [
										"minecraft:tropicalfish_pattern_yellow",
										"minecraft:snail_baby",
										"tamed",
										"tame_awake"
									]
								}
							},
							{
								"weight": 1,
								"add": {
									"component_groups": [
										"minecraft:tropicalfish_pattern_lightgreen",
										"minecraft:snail_baby",
										"tamed",
										"tame_awake"
									]
								}
							},
							{
								"weight": 1,
								"add": {
									"component_groups": [
										"minecraft:tropicalfish_pattern_pink",
										"minecraft:snail_baby",
										"tamed",
										"tame_awake"
									]
								}
							},
							{
								"weight": 1,
								"add": {
									"component_groups": [
										"minecraft:tropicalfish_pattern_gray",
										"minecraft:snail_baby",
										"tamed",
										"tame_awake"
									]
								}
							},
							{
								"weight": 1,
								"add": {
									"component_groups": [
										"minecraft:tropicalfish_pattern_silver",
										"minecraft:snail_baby",
										"tamed",
										"tame_awake"
									]
								}
							},
							{
								"weight": 1,
								"add": {
									"component_groups": [
										"minecraft:tropicalfish_pattern_cyan",
										"minecraft:snail_baby",
										"tamed",
										"tame_awake"
									]
								}
							},
							{
								"weight": 1,
								"add": {
									"component_groups": [
										"minecraft:tropicalfish_pattern_purple",
										"minecraft:snail_baby",
										"tamed",
										"tame_awake"
									]
								}
							},
							{
								"weight": 1,
								"add": {
									"component_groups": [
										"minecraft:tropicalfish_pattern_blue",
										"minecraft:snail_baby",
										"tamed",
										"tame_awake"
									]
								}
							},
							{
								"weight": 1,
								"add": {
									"component_groups": [
										"minecraft:tropicalfish_pattern_brown",
										"minecraft:snail_baby",
										"tamed",
										"tame_awake"
									]
								}
							},
							{
								"weight": 1,
								"add": {
									"component_groups": [
										"minecraft:tropicalfish_pattern_green",
										"minecraft:snail_baby",
										"tamed",
										"tame_awake"
									]
								}
							},
							{
								"weight": 1,
								"add": {
									"component_groups": [
										"minecraft:tropicalfish_pattern_red",
										"minecraft:snail_baby",
										"tamed",
										"tame_awake"
									]
								}
							},
							{
								"weight": 1,
								"add": {
									"component_groups": [
										"minecraft:tropicalfish_pattern_black",
										"minecraft:snail_baby",
										"tamed",
										"tame_awake"
									]
								}
							}
						]
					}
				]
			},
			"minecraft:ageable_grow_up": {
				"remove": {
					"component_groups": [
						"minecraft:snail_baby"
					]
				},
				"add": {
					"component_groups": [
						"minecraft:snail_adult"
					]
				}
			},
			"wake_up": {
				"remove": {
					"component_groups": [
						"sleeping"
					]
				},
				"add": {
					"component_groups": [
						"awake"
					]
				}
			},
			"sleep": {
				"add": {
					"component_groups": [
						"sleeping"
					]
				},
				"remove": {
					"component_groups": [
						"awake",
						"sleep_angry"
					]
				}
			},
			"angry": {
				"add": {
					"component_groups": [
						"sleep_angry"
					]
				},
				"remove": {
					"component_groups": [
						"sleeping"
					]
				}
			},
			"tame": {
				"remove": {
					"component_groups": [
						"sleeping",
						"awake",
						"sleep_angry"
					]
				},
				"add": {
					"component_groups": [
						"tamed",
						"tame_awake"
					]
				}
			},
			"tame_wake_up": {
				"remove": {
					"component_groups": [
						"tame_sleeping"
					]
				},
				"add": {
					"component_groups": [
						"tame_awake"
					]
				}
			},
			"tame_sleep": {
				"add": {
					"component_groups": [
						"tame_sleeping"
					]
				},
				"remove": {
					"component_groups": [
						"tame_awake"
					]
				}
			},
			"get_none": {
				"add": {
					"component_groups": [
						"helmet_none"
					]
				},
				"remove": {
					"component_groups": [
						"helmet_diamond",
						"helmet_iron",
						"helmet_chain",
						"helmet_gold",
						"helmet_leather"
					]
				}
			},
			"get_diamond": {
				"add": {
					"component_groups": [
						"helmet_diamond"
					]
				},
				"remove": {
					"component_groups": [
						"helmet_none",
						"helmet_iron",
						"helmet_chain",
						"helmet_gold",
						"helmet_leather"
					]
				}
			},
			"get_iron": {
				"add": {
					"component_groups": [
						"helmet_iron"
					]
				},
				"remove": {
					"component_groups": [
						"helmet_diamond",
						"helmet_none",
						"helmet_chain",
						"helmet_gold",
						"helmet_leather"
					]
				}
			},
			"get_chain": {
				"add": {
					"component_groups": [
						"helmet_chain"
					]
				},
				"remove": {
					"component_groups": [
						"helmet_diamond",
						"helmet_iron",
						"helmet_none",
						"helmet_gold",
						"helmet_leather"
					]
				}
			},
			"get_gold": {
				"add": {
					"component_groups": [
						"helmet_gold"
					]
				},
				"remove": {
					"component_groups": [
						"helmet_diamond",
						"helmet_iron",
						"helmet_chain",
						"helmet_none",
						"helmet_leather"
					]
				}
			},
			"get_leather": {
				"add": {
					"component_groups": [
						"helmet_leather"
					]
				},
				"remove": {
					"component_groups": [
						"helmet_diamond",
						"helmet_iron",
						"helmet_chain",
						"helmet_gold",
						"helmet_none"
					]
				}
			},
			"get_wet": {
				"add": {
					"component_groups": [
						"wet"
					]
				}
			},
			"owo": {
				"remove": {
					"component_groups": [
						"wet"
					]
				}
			}
		}
	}
}