{
    "format_version": "1.16.0",
    "minecraft:entity": {
        "description": {
            "identifier": "billey:stick_bug",
            "runtime_identifier": "minecraft:parrot",
            "is_spawnable": true,
            "is_summonable": true,
            "scripts": {
                "animate": [
                    {
                        "set_follow_state": "q.is_tamed && q.property('billey:follow_owner_state') == 'unknown'"
                    },
                    {
                        "set_sitting_property": "q.is_tamed"
                    }, "check_beta_apis",
                    {
                        "rainbow_effects": "q.is_illager_captain"
                    },
                    {
                        "stand_up_when_hit": "q.is_tamed"
                    },
                    {
                        "info": "!q.is_tamed"
                    },
                    "tame",
                    "fertilize",
                    {
                        "fertilize_boosted": "q.is_saddled"
                    }
                ]
            },
            "animations": {
                "check_beta_apis": "animation.billeys_mobs.check_beta_apis",
                "set_follow_state": "animation.billeys_mobs.set_follow_state",
                "set_sitting_property": "controller.animation.billeys_mobs.set_sitting_property",
                "rainbow_effects": "animation.billeys_mobs.rainbow_effects",
                "stand_up_when_hit": "controller.animation.billeys_mobs.stand_up_when_hit",
                "info": "animation.billeys_mobs.info.stick_bug",
                "tame": "controller.animation.billeys_mobs.tame",
                "fertilize": "animation.billeys_mobs.stickbug.fertilize",
                "fertilize_boosted": "animation.billeys_mobs.stickbug.fertilize_boosted"
            },
            
            "properties": {
                "billey:is_billey_mob": {
                    "client_sync": true,
                    "type": "bool",
                    "default": true
                },
                "billey:head_equipment_color": {
                    "client_sync": true,
                    "type": "int",
                    "range": [
                        0,
                        15
                    ],
                    "default": 0
                },
                //pets' leg slot is used for bowties
                "billey:legs_equipment_color": {
                    "client_sync": true,
                    "type": "int",
                    "range": [
                        0,
                        15
                    ],
                    "default": 0
                },
                "billey:chest_equipment_color": {
                    "client_sync": true,
                    "type": "int",
                    "range": [
                        0,
                        15
                    ],
                    "default": 0
                },
                "billey:feet_equipment_color": {
                    "client_sync": true,
                    "type": "int",
                    "range": [
                        0,
                        15
                    ],
                    "default": 0
                },
                "billey:body_equipment_color": {
                    "client_sync": true,
                    "type": "int",
                    "range": [
                        0,
                        15
                    ],
                    "default": 0
                },
                "billey:follow_owner_state": {
                    //only used so scripts can know whether it's following or wandering
                    "type": "enum",
                    "default": "unknown",
                    "values": [
                        "unknown",
                        "following",
                        "wandering"
                    ]
                },
                "billey:is_sitting": {
                    //only used so scripts can know whether or not it's sitting
                    "type": "bool",
                    "default": false
                }
            }
        },
        "component_groups": {
            "sittable": {
                "minecraft:sittable": {}
            },
            "tamed_component": {
                "minecraft:is_tamed": {}
            },
            "untamed": { /*This is just for ones untamed by the untaming stick.
The real tame items of this mob are in the wild component group*/
                "minecraft:tameable": {
                    "probability": 1.0,
                    "tame_event": {
                        "event": "on_tame"
                    },
                    "tame_items": [
                        "billey:power_banana",
                        "billey:raw_catfish",
                        "billey:bettafish",
                        "billey:pizzapiece",
                        "salmon",
                        "fish",
                        "clownfish",
                        "sweet_berries",
                        "rotten_flesh",
                        "wheat_seeds",
                        "melon_seeds",
                        "carrot",
                        "beetroot_seeds",
                        "pumpkin_seeds",
                        "chicken",
                        "billey:raw_hamster",
                        "billey:poultry_orange",
                        "billey:raw_snail",
                        "billey:raw_snail_s",
                        "billey:raw_snail_w",
                        "billey:raw_piranha",
                        "bread",
                        "apple",
                        "fermented_spider_eye",
                        "spider_eye",
                        "string",
                        "sea_pickle",
                        "leaves",
                        "leaves2",
                        "tallgrass"
                    ]
                }
            },
            "electrocuted": {
                "minecraft:loot": {
                    "table": "loot_tables/entities/billey_electrocuted.json"
                }
            },
            "noloot": {
                "minecraft:loot": {
                    "table": "loot_tables/empty.json"
                }
            },
            "following": {
                "minecraft:behavior.follow_owner": {
                    "priority": 4,
                    "speed_multiplier": 1.0,
                    "start_distance": 7,
                    "stop_distance": 5
                }
            },
            "tamed": {
                "minecraft:behavior.nearest_attackable_target": {
                    "priority": 3,
                    "entity_types": [
                        {
                            "filters": {
                                "all_of": [
                                    {
                                        "test": "is_family",
                                        "subject": "other",
                                        "value": "monster"
                                    },
                                    {
                                        "test": "is_family",
                                        "subject": "other",
                                        "operator": "not",
                                        "value": "piglin"
                                    },
                                    {
                                        "test": "has_component",
                                        "subject": "other",
                                        "operator": "not",
                                        "value": "minecraft:is_tamed"
                                    },
                                    {
                                        "test": "is_family",
                                        "subject": "other",
                                        "operator": "not",
                                        "value": "zombie_pigman"
                                    }
                                ]
                            },
                            "max_dist": 2
                        }
                    ]
                },
                "minecraft:sittable": {},
                "minecraft:behavior.follow_owner": {
                    "priority": 4,
                    "speed_multiplier": 1.1,
                    "start_distance": 7,
                    "stop_distance": 5
                },
                "minecraft:behavior.stay_while_sitting": {
                    "priority": 2
                },
                "minecraft:behavior.owner_hurt_by_target": {
                    "priority": 2,
                    "entity_types": {
                        "filters": {
                            "none_of": [
                                {
                                    "test": "has_tag",
                                    "subject": "other",
                                    "value": "tamed"
                                }
                            ]
                        }
                    }
                },
                "minecraft:behavior.owner_hurt_target": {
                    "priority": 2,
                    "entity_types": {
                        "max_dist": 127,
                        "filters": {
                            "none_of": [
                                {
                                    "test": "has_tag",
                                    "subject": "other",
                                    "value": "tamed"
                                }
                            ]
                        }
                    }
                },
                "minecraft:behavior.avoid_mob_type": {
                    "priority": 0,
                    "max_flee": 16,
                    "entity_types": [
                        {
                            "filters": {
                                "test": "has_component",
                                "subject": "other",
                                "value": "minecraft:explode"
                            },
                            "max_dist": 12,
                            "walk_speed_multiplier": 1.4,
                            "sprint_speed_multiplier": 1.4
                        }
                    ]
                },
                "minecraft:persistent": {},
                "minecraft:behavior.tempt": {
                    "priority": 5,
                    "speed_multiplier": 1.0,
                    "items": [
                        "sweet_berries",
                        "apple",
                        "melon",
                        "billey:poultry_orange",
                        "billey:orange_peel",
                        "billey:sand_banana"
                    ]
                },
                "minecraft:behavior.beg": {
                    "priority": 9,
                    "look_distance": 3,
                    "look_time": 0,
                    "items": [
                        "sweet_berries",
                        "apple",
                        "melon",
                        "billey:poultry_orange",
                        "billey:orange_peel",
                        "billey:sand_banana"
                    ]
                },
                "minecraft:is_tamed": {},
                "minecraft:tameable": {}, //for the script to be able to get the mob's owner
                "minecraft:interact": {
                    "interactions": [
                        {
                            "play_sounds": "plop",
                            "swing": true,
                            "interact_text": "action.interact.get_info",
                            "on_interact": {
                                "filters": {
                                    "any_of": [
                                        {
                                            "test": "has_equipment",
                                            "subject": "other",
                                            "domain": "hand",
                                            "value": "feather"
                                        },
                                        {
                                        "test": "has_equipment",
                                        "subject": "other",
                                        "domain": "hand",
                                        "value": "book"
                                    },
                                    {
                                        "test": "has_equipment",
                                        "subject": "other",
                                        "domain": "hand",
                                        "value": "billey:info_book"
                                    }
                                    ]
                                },
                                "event": "send_info",
                                "target": "self"
                            }
                        },
                        {
                            "play_sounds": "plop",
                            "swing": true,
                            "interact_text": "action.interact.untame",
                            "on_interact": {
                                "filters": {
                                    "all_of": [
                                        {
                                            "test": "has_equipment",
                                            "subject": "other",
                                            "domain": "hand",
                                            "value": "billey:untaming_stick"
                                        },
                                        {
                                            "test": "is_owner",
                                            "subject": "other",
                                            "value": true
                                        }
                                    ]
                                },
                                "event": "untame",
                                "target": "self"
                            }
                        },
                        {
                            "play_sounds": "plop",
                            "swing": true,
                            "interact_text": "action.interact.wander",
                            "on_interact": {
                                "filters": {
                                    "all_of": [
                                        {
                                            "test": "has_equipment",
                                            "subject": "other",
                                            "domain": "hand",
                                            "value": "stick"
                                        },
                                        {
                                            "test": "has_component",
                                            "subject": "self",
                                            "value": "minecraft:behavior.follow_owner"
                                        },
                                        {
                                            "test": "is_owner",
                                            "subject": "other",
                                            "value": true
                                        }
                                    ]
                                },
                                "event": "eventwander",
                                "target": "self"
                            }
                        },
                        {
                            "use_item": true,
                            "play_sounds": "eat",
                            "interact_text": "action.interact.equip",
                            "on_interact": {
                                "filters": {
                                    "all_of": [
                                        {
                                            "test": "has_equipment",
                                            "subject": "other",
                                            "domain": "hand",
                                            "value": "billey:mergoose_spikes"
                                        },
                                        {
                                            "test": "is_family",
                                            "subject": "other",
                                            "value": "player"
                                        },
                                        {
                                            "test": "has_component",
                                            "subject": "self",
                                            "value": "minecraft:timer",
                                            "operator": "not"
                                        }
                                    ]
                                },
                                "event": "get_mergoose_spikes",
                                "target": "self"
                            }
                        },
                        {
                            "use_item": true,
                            "play_sounds": "eat",
                            "interact_text": "action.interact.billeys_mobs.boost",
                            "on_interact": {
                                "filters": {
                                    "all_of": [
                                        {
                                            "test": "has_equipment",
                                            "subject": "other",
                                            "domain": "hand",
                                            "value": "billey:poopstain_spawn_egg"
                                        },
                                        {
                                            "test": "is_family",
                                            "subject": "other",
                                            "value": "player"
                                        }
                                    ]
                                },
                                "event": "boost",
                                "target": "self"
                            }
                        },
                        {
                            "play_sounds": "plop",
                            "swing": true,
                            "interact_text": "action.interact.follow",
                            "on_interact": {
                                "filters": {
                                    "all_of": [
                                        {
                                            "test": "has_equipment",
                                            "subject": "other",
                                            "domain": "hand",
                                            "value": "stick"
                                        },
                                        {
                                            "test": "has_component",
                                            "subject": "self",
                                            "operator": "not",
                                            "value": "minecraft:behavior.follow_owner"
                                        },
                                        {
                                            "test": "is_owner",
                                            "subject": "other",
                                            "value": true
                                        }
                                    ]
                                },
                                "event": "eventfollow",
                                "target": "self"
                            }
                        },
                        {
                            "interact_text": "action.interact.pet",
                            "on_interact": {
                                "filters": {
                                    "all_of": [
                                        {
                                            "test": "has_equipment",
                                            "subject": "other",
                                            "domain": "hand",
                                            "operator": "!=",
                                            "value": "billey:swordfish"
                                        },
                                        {
                                            "test": "has_equipment",
                                            "subject": "other",
                                            "domain": "hand",
                                            "operator": "!=",
                                            "value": "billey:golden_swordfish"
                                        },
                                        {
                                            "test": "is_sneaking",
                                            "subject": "other",
                                            "value": true
                                        }
                                    ]
                                },
                                "event": "bepetted",
                                "target": "self"
                            }
                        },
                        {
                            "use_item": true,
                            "play_sounds": "eat",
                            "interact_text": "action.interact.feed",
                            "on_interact": {
                                "filters": {
                                    "all_of": [
                                        {
                                            "test": "has_equipment",
                                            "subject": "other",
                                            "domain": "hand",
                                            "value": "billey:sand_banana"
                                        }
                                    ]
                                },
                                "event": "beenfedabanana",
                                "target": "self"
                            }
                        },
                        {
                            "use_item": true,
                            "play_sounds": "milk",
                            "interact_text": "action.interact.use",
                            "transform_to_item": "glass_bottle",
                            "on_interact": {
                                "filters": {
                                    "all_of": [
                                        {
                                            "test": "has_equipment",
                                            "subject": "other",
                                            "domain": "hand",
                                            "value": "billey:colorful_bottle"
                                        },
                                        {
                                            "test": "is_owner",
                                            "subject": "other",
                                            "value": true
                                        }
                                    ]
                                },
                                "event": "kroma",
                                "target": "self"
                            }
                        },
                        {
                            "use_item": true,
                            "play_sounds": "milk",
                            "interact_text": "action.interact.use",
                            "transform_to_item": "glass_bottle",
                            "on_interact": {
                                "filters": {
                                    "all_of": [
                                        {
                                            "test": "has_equipment",
                                            "subject": "other",
                                            "domain": "hand",
                                            "value": "billey:colorless_bottle"
                                        },
                                        {
                                            "test": "is_owner",
                                            "subject": "other",
                                            "value": true
                                        }
                                    ]
                                },
                                "event": "nokroma",
                                "target": "self"
                            }
                        }
                    ]
                }
            },
            "nonstoppanic": {
                "minecraft:behavior.panic": {
                    "priority": 1,
                    "speed_multiplier": 1.8,
                    "force": true
                }
            },
            "kromatik": {
                "minecraft:is_illager_captain": {},
                "minecraft:color": {
                    "value": 0
                }
            },
            "despawned": {
                "minecraft:instant_despawn": {}
            },
            "variant_zero": {
                "minecraft:variant": {
                    "value": 0
                }
            },
            "variant_one": {
                "minecraft:variant": {
                    "value": 1
                }
            },
            "variant_two": {
                "minecraft:variant": {
                    "value": 2
                }
            },
            "variant_three": {
                "minecraft:variant": {
                    "value": 3
                }
            },
            "variant_four": {
                "minecraft:variant": {
                    "value": 4
                }
            },
            "variant_five": {
                "minecraft:variant": {
                    "value": 5
                }
            },
            "variant_six": {
                "minecraft:variant": {
                    "value": 6
                }
            },
            "variant_seven": {
                "minecraft:variant": {
                    "value": 7
                }
            },
            "variant_eight": {
                "minecraft:variant": {
                    "value": 8
                }
            },
            "variant_nine": {
                "minecraft:variant": {
                    "value": 9
                }
            },
            "angry": {
                "minecraft:follow_range": {
                    "value": 10,
                    "max": 20
                },
                "minecraft:angry": {
                    "duration": 30,
                    "broadcast_anger": true,
                    "broadcast_range": 10,
                    "calm_event": {
                        "event": "billey:pet_target_escape",
                        "target": "self"
                    },
                    "broadcast_filters": {
                        "test": "is_family",
                        "value": "stick_bug",
                        "subject": "self"
                    },
                    "broadcast_targets": [
                        "stick_bug"
                    ]
                }
            },
            "wild": {
                "minecraft:tameable": {
                    "probability": 0.9,
                    "tame_event": {
                        "event": "on_tame",
                        "target": "self"
                    },
                    "tame_items": [
                        "apple",
                        "melon",
                        "billey:poultry_orange",
                        "billey:orange_peel",
                        "billey:sand_banana",
                        "billey:power_banana",
                        "sweet_berries"
                    ]
                },
                "minecraft:despawn": {
                    "despawn_from_distance": {}
                }
            },
            "scalecg": {
                "minecraft:scale": {
                    "value": 0.4
                }
            },
            "baby": {
                "minecraft:is_baby": {},
                "minecraft:scale": {
                    "value": 0.4
                }
            },
            "adult": {
                "minecraft:loot": {
                    "table": "loot_tables/entities/billstick_bug.json"
                },
                "minecraft:experience_reward": {
                    "on_bred": "Math.Random(1,7)",
                    "on_death": "q.last_hit_by_player ? Math.Random(1,3) : 0"
                },
                "minecraft:breedable": {
                    "require_tame": true,
                    "require_full_health": true,
                    "breeds_with": [
                        {
                            "mate_type": "billey:stick_bug",
                            "baby_type": "billey:stick_bug",
                            "breed_event": {
                                "event": "minecraft:entity_born",
                                "target": "baby"
                            }
                        }
                    ],
                    "breed_items": [
                        "billey:poultry_orange",
                        "apple",
                        "melon",
                        "sweet_berries",
                        "billey:orange_peel",
                        "billey:poultry_orange"
                    ]
                },
                "minecraft:behavior.breed": {
                    "priority": 3,
                    "speed_multiplier": 1.0
                }
            },
            "growup": {
                "minecraft:scale_by_age": {
                    "start_scale": 0.4,
                    "end_scale": 0.66
                },
                "minecraft:ageable": {
                    "duration": 4800,
                    "feed_items": [
                        "apple",
                        "melon",
                        "sweet_berries",
                        "billey:orange_peel",
                        "billey:poultry_orange"
                    ],
                    "grow_up": {
                        "event": "minecraft:ageable_grow_up",
                        "target": "self"
                    }
                }
            },
            "boosted": {
                "minecraft:timer": {
                    "time": [
                        4,
                        6
                    ],
                    "looping": false,
                    "time_down_event": {
                        "event": "lose_boost",
                        "target": "self"
                    }
                },
                "minecraft:behavior.run_around_like_crazy": {
                    "priority": 6,
                    "speed_multiplier": 1.0
                },
                "minecraft:is_saddled": {}
            },
            "mergoose_spikes": {
                "minecraft:timer": {
                    "time": [
                        3600,
                        3600
                    ],
                    "looping": false,
                    "time_down_event": {
                        "event": "lose_spikes",
                        "target": "self"
                    }
                },
                "minecraft:shooter": {
                    "def": "billey:stick_bug_attack2"
                }
            },
            "no_boost": {
                "minecraft:shooter": {
                    "def": "billey:stick_bug_attack"
                }
            }
        },
        "components": {
            "minecraft:interact": {
                "interactions": [
                    {
                        "play_sounds": "plop",
                        "swing": true,
                        "interact_text": "action.interact.get_info",
                        "on_interact": {
                            "filters": {
                                "any_of": [
                                    {
                                        "test": "has_equipment",
                                        "subject": "other",
                                        "domain": "hand",
                                        "value": "feather"
                                    },
                                    {
                                        "test": "has_equipment",
                                        "subject": "other",
                                        "domain": "hand",
                                        "value": "book"
                                    },
                                    {
                                        "test": "has_equipment",
                                        "subject": "other",
                                        "domain": "hand",
                                        "value": "billey:info_book"
                                    }
                                ]
                            },
                            "event": "send_info",
                            "target": "self"
                        }
                    }
                ]
            },
            "minecraft:behavior.panic": {
                "priority": 2,
                "speed_multiplier": 1.3
            },
            "minecraft:behavior.hurt_by_target": {
                "priority": 1,
                "entity_types": {
                    "filters": {
                        "none_of": [
                            {
                                "test": "has_tag",
                                "subject": "other",
                                "value": "tamed"
                            }
                        ]
                    }
                }
            },
            "minecraft:is_hidden_when_invisible": {},
            "minecraft:type_family": {
                "family": [
                    "stick_bug",
                    "strider",
                    "mob",
                    "arthropod"
                ]
            },
            "minecraft:breathable": {
                "total_supply": 15,
                "suffocate_time": 0
            },
            "minecraft:collision_box": {
                "width": 0.6,
                "height": 0.4
            },
            "minecraft:nameable": {},
            "minecraft:health": {
                "value": 3,
                "max": 3
            },
            "minecraft:hurt_on_condition": {
                "damage_conditions": [
                    {
                        "filters": {
                            "test": "in_lava",
                            "subject": "self",
                            "operator": "==",
                            "value": true
                        },
                        "cause": "lava",
                        "damage_per_tick": 4
                    }
                ]
            },
            "minecraft:movement": {
                "value": 0.2
            },
            "minecraft:damage_sensor": {
                "triggers": [
                    {
                        "on_damage": {
                            "filters": {
                                "all_of": [
                                    {
                                        "test": "is_owner",
                                        "subject": "other",
                                        "value": true
                                    },
                                    {
                                        "test": "has_tag",
                                        "subject": "other",
                                        "operator": "not",
                                        "value": "billey:can_hit_own_pet"
                                    }
                                ]
                            },
                            "event": "say_owner_hit_pet_info"
                        },
                        "cause": "all",
                        "deals_damage": false
                    },
                    {
                        "on_damage": {
                            "filters": {
                                "all_of": [
                                    {
                                        "test": "has_component",
                                        "subject": "self",
                                        "value": "minecraft:is_tamed"
                                    },
                                    {
                                        "test": "is_owner",
                                        "subject": "other",
                                        "value": false
                                    },
                                    {
                                        "test": "has_tag",
                                        "subject": "other",
                                        "value": "billey:cant_hit_other_pet"
                                    }
                                ]
                            },
                            "event": "say_other_hit_pet_info"
                        },
                        "cause": "all",
                        "deals_damage": false
                    },
                    {
                        "cause": "all",
                        "deals_damage": false,
                        "on_damage_sound_event": "armor.equip_generic",
                        "on_damage": {
                            "event": "destroy_head_equipment",
                            "target": "self",
                            "filters": {
                                "all_of": [
                                    {
                                        "test": "has_damage",
                                        "value": "fatal"
                                    },
                                    {
                                        "test": "has_equipment",
                                        "value": "billey:pet_hat",
                                        "domain": "head"
                                    }
                                ]
                            }
                        }
                    },
                    {
                        "cause": "all",
                        "deals_damage": false,
                        "on_damage": {
                            "filters": {
                                "test": "is_family",
                                "subject": "other",
                                "value": "player",
                                "operator": "not"
                            }
                        }
                    },
                    {
                        "cause": "fall",
                        "deals_damage": false
                    }
                ]
            },
            "minecraft:leashable": {
                "soft_distance": 4.0,
                "hard_distance": 6.0,
                "max_distance": 10.0
            },
            "minecraft:balloonable": {
                "mass": 0.1
            },
            "minecraft:navigation.walk": {
                "can_float": true,
                "avoid_water": true,
                "avoid_damage_blocks": true
            },
            "minecraft:target_nearby_sensor": {
                "inside_range": 3.0,
                "outside_range": 4.0,
                "on_inside_range": {
                    "event": "become_invis",
                    "target": "self"
                }
            },
            "minecraft:movement.basic": {},
            "minecraft:jump.static": {},
            "minecraft:can_climb": {},
            "minecraft:behavior.float": {
                "priority": 0
            },
            "minecraft:attack": {
                "damage": 1
            },
            "minecraft:behavior.ranged_attack": {
                "priority": 4,
                "speed_multiplier": 1.25,
                "attack_interval_min": 0,
                "attack_interval_max": 1,
                "attack_radius_min": 0,
                "attack_radius": 1.5
            },
            "minecraft:on_target_acquired": {
                "event": "billey:pet_target_acquired",
                "target": "self"
            },
            "minecraft:on_target_escape": {
                "event": "billey:pet_target_escape",
                "target": "self"
            },
            "minecraft:healable": {
                "items": [
                    {
                        "item": "billey:poultry_orange",
                        "heal_amount": 7
                    },
                    {
                        "item": "billey:orange_peel",
                        "heal_amount": 1
                    },
                    {
                        "item": "apple",
                        "heal_amount": 4
                    },
                    {
                        "item": "melon",
                        "heal_amount": 3
                    },
                    {
                        "item": "billey:raw_snail",
                        "heal_amount": 4
                    },
                    {
                        "item": "billey:raw_snail_s",
                        "heal_amount": 4
                    },
                    {
                        "item": "billey:raw_snail_w",
                        "heal_amount": 4
                    },
                    {
                        "item": "billey:poultry_orange",
                        "heal_amount": 7
                    },
                    {
                        "item": "billey:cooked_snail",
                        "heal_amount": 4,
                        "effects": [
                            {
                                "name": "strength",
                                "chance": 1.0,
                                "duration": 15,
                                "amplifier": 1
                            }
                        ]
                    },
                    {
                        "item": "billey:cooked_snail_s",
                        "heal_amount": 4,
                        "effects": [
                            {
                                "name": "speed",
                                "chance": 1.0,
                                "duration": 15,
                                "amplifier": 1
                            }
                        ]
                    },
                    {
                        "item": "billey:cooked_snail_w",
                        "heal_amount": 4,
                        "effects": [
                            {
                                "name": "regeneration",
                                "chance": 1.0,
                                "duration": 15,
                                "amplifier": 1
                            }
                        ]
                    },
                    {
                        "item": "sweet_berries",
                        "heal_amount": 2
                    }
                ]
            },
            "minecraft:behavior.tempt": {
                "priority": 5,
                "speed_multiplier": 1.0,
                "items": [
                    "apple",
                    "melon",
                    "billey:poultry_orange",
                    "billey:orange_peel",
                    "sweet_berries",
                    "billey:sand_banana"
                ]
            },
            "minecraft:behavior.beg": {
                "priority": 9,
                "look_distance": 3,
                "look_time": 0,
                "items": [
                    "apple",
                    "melon",
                    "billey:poultry_orange",
                    "billey:orange_peel",
                    "sweet_berries",
                    "billey:sand_banana"
                ]
            },
            "minecraft:behavior.random_stroll": {
                "priority": 6,
                "speed_multiplier": 1.0
            },
            "minecraft:behavior.look_at_player": {
                "probability": 0.01,
                "priority": 7,
                "look_distance": 6.0
            },
            "minecraft:behavior.random_look_around": {
                "priority": 8
            },
            "minecraft:physics": {},
            "minecraft:pushable": {
                "is_pushable": true,
                "is_pushable_by_piston": true
            },
            "minecraft:conditional_bandwidth_optimization": {}
        },
        
        "events": {
            "reset_target": {
                "reset_target": {}
            },"destroy_head_equipment": {
    "queue_command":{
"command": "scriptevent billey:destroy_pet_head_equipment"
}
},
            "set_follow_state": {
                "sequence": [
                    {
                        "filters": {
                            "test": "has_component",
                            "subject": "self",
                            "value": "minecraft:behavior.follow_owner"
                        },
                        "set_property": {
                            "billey:follow_owner_state": "following"
                        }
                    },
                    {
                        "filters": {
                            "test": "has_component",
                            "subject": "self",
                            "operator": "not",
                            "value": "minecraft:behavior.follow_owner"
                        },
                        "set_property": {
                            "billey:follow_owner_state": "wandering"
                        }
                    }
                ]
            },
            "set_sitting_property_false": {
                "set_property": {
                    "billey:is_sitting": false
                }
            },
            "set_sitting_property_true": {
                "set_property": {
                    "billey:is_sitting": true
                }
            },
            "say_owner_hit_pet_info": {
                "queue_command": {
                    "target": "other",
                    "command": [
                        "titleraw @s actionbar {\"rawtext\":[{\"translate\":\"chat.billeys_mobs.owner_hit_pet\"}]}",
                        "tellraw @s[tag=!billey:has_hurt_own_pet] {\"rawtext\":[{\"translate\":\"ui.billeys_mobs.info.owner_hit_pet\"}]}",
                        "tag @s add billey:has_hurt_own_pet"
                    ]
                }
            },
            "say_other_hit_pet_info": {
                "queue_command": {
                    "target": "other",
                    "command": "titleraw @s actionbar {\"rawtext\":[{\"translate\":\"chat.billeys_mobs.other_hit_pet\"}]}"
                }
            },
            "add_sittable": {
                "add": {
                    "component_groups": [
                        "sittable"
                    ]
                }
            },
            "remove_sittable": {
                "remove": {
                    "component_groups": [
                        "sittable"
                    ]
                }
            },
            "send_info": {
                "queue_command": {
                    "target": "other",
                    "command": [
                        "tellraw @s {\"rawtext\":[{\"text\":\"\\n\"}]}",
                        "tellraw @s {\"rawtext\":[{\"translate\":\"ui.billeys_mobs.info.stick_bug\",\"with\":[\"\\n\"]},{\"text\": \"\\n\"},{\"text\": \"\\n\"},{\"translate\":\"ui.billeys_mobs.info.formore\"}]}",
                        "tellraw @s {\"rawtext\":[{\"text\":\"\\n\"}]}"
                    ]
                }
            },
            "boost": {
                "sequence": [
                    {
                        "queue_command": {
                            "command": [
                                "effect @s speed 5 4",
                                "effect @s regeneration 3 1 true"
                            ]
                        }
                    },
                    {
                        "remove": {
                            "component_groups": [
                                "no_boost"
                            ]
                        },
                        "add": {
                            "component_groups": [
                                "boosted"
                            ]
                        }
                    }
                ]
            },
            "become_invis": {
                "queue_command": {
                    "command": [
                        "effect @s invisibility 3600 0 true",
                        "effect @s speed 2 6 true"
                    ]
                }
            },
            "untame": {
                "sequence": [
                    {
                        "queue_command": {
                            "command": [
                                "playsound random.orb @a ~~~ 1.00 0.8 0.5",
                                "tellraw @a[r=5] {\"rawtext\": [{\"translate\": \"billmobs.untame\"},{\"selector\": \"@s\"}, {\"translate\": \"billmobs.untame2\"}] }"
                            ]
                        }
                    },
                    {
                        "remove": {
                            "component_groups": [
                                "tamed_component"
                            ]
                        },
                        "add": {
                            "component_groups": [
                                "untamed"
                            ]
                        }
                    }
                ]
            },
            "get_electrocuted": {
                "add": {
                    "component_groups": [
                        "electrocuted"
                    ]
                }
            },
            "eventwander": {
                "sequence": [
                    {
                        "queue_command": {
                            "command": [
                                "tellraw @a[r=5] {\"rawtext\": [{\"translate\": \"billmobs.wander\"},{\"selector\": \"@s\"}, {\"translate\": \"billmobs.wander2\"}] }"
                            ]
                        }
                    },
                    {
                        "trigger": "eventwander_silent"
                    }
                ]
            },
            "eventfollow": {
                "sequence": [
                    {
                        "queue_command": {
                            "command": [
                                "tellraw @a[r=5] {\"rawtext\": [{\"translate\": \"billmobs.follow\"},{\"selector\": \"@s\"}, {\"translate\": \"billmobs.follow2\"}] }"
                            ]
                        }
                    },
                    {
                        "trigger": "eventfollow_silent"
                    }
                ]
            },
            "eventwander_silent": {
                "sequence": [
                    {
                        "remove": {
                            "component_groups": [
                                "following"
                            ]
                        }
                    },
                    {
                        "set_property": {
                            "billey:follow_owner_state": "wandering"
                        }
                    }
                ]
            },
            "eventfollow_silent": {
                "sequence": [
                    {
                        "add": {
                            "component_groups": [
                                "following"
                            ]
                        }
                    },
                    {
                        "set_property": {
                            "billey:follow_owner_state": "following"
                        }
                    }
                ]
            },
            "on_tame": {
                "sequence": [
                    {
                        "add": {
                            "component_groups": [
                                "tamed",
                                "following"
                            ]
                        },
                        "remove": {
                            "component_groups": [
                                "wild",
                                "albino",
                                "sheared",
                                "saddle"
                            ]
                        }
                    },
                    {
                        "filters": {
                            "test": "has_component",
                            "value": "minecraft:is_baby",
                            "subject": "self"
                        },
                        "add": {
                            "component_groups": [
                                "growup"
                            ]
                        },
                        "remove": {
                            "component_groups": [
                                "scalecg"
                            ]
                        }
                    },
                    {
                        "filters": {
                            "test": "has_component",
                            "operator": "not",
                            "value": "minecraft:is_baby",
                            "subject": "self"
                        }
                    }
                ]
            },
            "addpanic": {
                "add": {
                    "component_groups": [
                        "nonstoppanic"
                    ]
                }
            },
            "removepanic": {
                "remove": {
                    "component_groups": [
                        "nonstoppanic"
                    ]
                }
            },
            "despawn": {
                "add": {
                    "component_groups": [
                        "despawned"
                    ]
                }
            },
            "billey:pet_target_acquired": {
                "add": {
                    "component_groups": [
                        "angry"
                    ]
                }
            },
            "billey:pet_target_escape": {
                "sequence": [
                    {
                        "remove": {
                            "component_groups": [
                                "angry"
                            ]
                        }
                    },
                    {
                        "queue_command": {
                            "command": [
                                "effect @s invisibility 0 255 true"
                            ]
                        }
                    }
                ]
            }, //mergoose_spikes
            "get_mergoose_spikes": {
                "add": {
                    "component_groups": [
                        "mergoose_spikes"
                    ]
                },
                "remove": {
                    "component_groups": [
                        "no_boost"
                    ]
                }
            },
            "lose_spikes": {
                "add": {
                    "component_groups": [
                        "no_boost"
                    ]
                },
                "remove": {
                    "component_groups": [
                        "mergoose_spikes"
                    ]
                }
            },
            "lose_boost": {
                "add": {
                    "component_groups": [
                        "no_boost"
                    ]
                },
                "remove": {
                    "component_groups": [
                        "boosted"
                    ]
                }
            },
            "onkillevent": {
                "queue_command": {
                    "command": [
                        "kill @e[type=item,r=1.5]",
                        "playsound random.eat @a ~~~",
                        "effect @s clear",
                        "effect @s regeneration 1 255 true"
                    ]
                }
            },
            "minecraft:entity_spawned": {
                "sequence": [
                    {
                        "randomize": [
                            {
                                "weight": 1,
                                "add": {
                                    "component_groups": [
                                        "kromatik"
                                    ]
                                }
                            },
                            {
                                "weight": 299
                            }
                        ]
                    },
                    {
                        "randomize": [
                            {
                                "weight": 9,
                                "add": {
                                    "component_groups": [
                                        "adult",
                                        "wild",
                                        "no_boost"
                                    ]
                                }
                            },
                            {
                                "weight": 1,
                                "add": {
                                    "component_groups": [
                                        "baby",
                                        "wild",
                                        "no_boost"
                                    ]
                                }
                            }
                        ]
                    },
                    {
                        "randomize": [
                            {
                                "weight": 3,
                                "add": {
                                    "component_groups": [
                                        "variant_zero"
                                    ]
                                }
                            },
                            {
                                "weight": 1,
                                "add": {
                                    "component_groups": [
                                        "variant_one"
                                    ]
                                }
                            },
                            {
                                "weight": 1,
                                "add": {
                                    "component_groups": [
                                        "variant_two"
                                    ]
                                }
                            }
                        ]
                    }
                ]
            },
            "minecraft:entity_born": {
                "sequence": [
                    {
                        "add": {
                            "component_groups": [
                                "baby",
                                "tamed",
                                "growup",
                                "following"
                            ]
                        }
                    },
                    {
                        "randomize": [
                            {
                                "weight": 99
                            },
                            {
                                "weight": 1,
                                "add": {
                                    "component_groups": [
                                        "variant_nine"
                                    ]
                                }
                            }
                        ]
                    },
                    {
                        "filters": {
                            "test": "has_component",
                            "value": "minecraft:is_illager_captain",
                            "subject": "parent"
                        },
                        "add": {
                            "component_groups": [
                                "kromatik"
                            ]
                        }
                    }
                ]
            },
            "beenfedabanana": {
                "sequence": [
                    {
                        "queue_command": {
                            "command": [
                                "particle billey:eatbanana ~ ~.25 ~"
                            ]
                        }
                    },
                    {
                        "randomize": [
                            {
                                "weight": 8,
                                "queue_command": {
                                    "command": [
                                        "effect @s regeneration 7 1"
                                    ]
                                }
                            },
                            {
                                "weight": 4,
                                "queue_command": {
                                    "command": [
                                        "effect @s regeneration 10"
                                    ]
                                }
                            },
                            {
                                "weight": 4,
                                "queue_command": {
                                    "command": [
                                        "effect @s speed 10"
                                    ]
                                }
                            },
                            {
                                "weight": 4,
                                "queue_command": {
                                    "command": [
                                        "effect @s absorption 10"
                                    ]
                                }
                            },
                            {
                                "weight": 4,
                                "queue_command": {
                                    "command": [
                                        "effect @s resistance 10"
                                    ]
                                }
                            },
                            {
                                "weight": 4,
                                "queue_command": {
                                    "command": [
                                        "effect @s strength 10"
                                    ]
                                }
                            },
                            {
                                "weight": 4,
                                "queue_command": {
                                    "command": [
                                        "effect @s water_breathing 10"
                                    ]
                                }
                            },
                            {
                                "weight": 4,
                                "queue_command": {
                                    "command": [
                                        "effect @s fire_resistance 10"
                                    ]
                                }
                            },
                            {
                                "weight": 1,
                                "sequence": [
                                    {
                                        "queue_command": {
                                            "command": [
                                                "effect @s levitation 1 0 true"
                                            ]
                                        }
                                    },
                                    {
                                        "queue_command": {
                                            "target": "other",
                                            "command": [
                                                "effect @s levitation 1 0 true"
                                            ]
                                        }
                                    }
                                ]
                            }
                        ]
                    }
                ]
            },
            "kroma": {
                "add": {
                    "component_groups": [
                        "kromatik"
                    ]
                }
            },
            "nokroma": {
                "remove": {
                    "component_groups": [
                        "kromatik"
                    ]
                }
            },
            "do_ambient": {
                "add": {
                    "component_groups": [
                        "yes_ambient"
                    ]
                },
                "remove": {
                    "component_groups": [
                        "no_ambient"
                    ]
                }
            },
            "dont_ambient": {
                "remove": {
                    "component_groups": [
                        "yes_ambient"
                    ]
                },
                "add": {
                    "component_groups": [
                        "no_ambient"
                    ]
                }
            },
            "bepetted": {
                "sequence": [
                    {
                        "randomize": [
                            {
                                "weight": 13
                            },
                            {
                                "weight": 1
                            },
                            {
                                "weight": 1,
                                "queue_command": {
                                    "command": [
                                        "playanimation @s animation.billeys_mobs.cat.petted"
                                    ]
                                }
                            }
                        ]
                    },
                    {
                        "queue_command": {
                            "target": "other",
                            "command": [
                                "playanimation @s animation.billeys_mobsplayer.pet"
                            ]
                        }
                    },
                    {
                        "randomize": [
                            {
                                "weight": 1
                            },
                            {
                                "weight": 99
                            },
                            {
                                "weight": 3,
                                "queue_command": {
                                    "command": [
                                        "effect @s resistance 10 1 true"
                                    ]
                                }
                            },
                            {
                                "weight": 3,
                                "queue_command": {
                                    "command": [
                                        "effect @s fire_resistance 10 1 true"
                                    ]
                                }
                            },
                            {
                                "weight": 3,
                                "queue_command": {
                                    "command": [
                                        "effect @s strength 10 1 true"
                                    ]
                                }
                            },
                            {
                                "weight": 3,
                                "queue_command": {
                                    "command": [
                                        "effect @s water_breathing 30 0 true"
                                    ]
                                }
                            },
                            {
                                "weight": 3,
                                "queue_command": {
                                    "command": [
                                        "effect @s speed 10 1 true"
                                    ]
                                }
                            },
                            {
                                "weight": 1,
                                "queue_command": {
                                    "command": [
                                        "effect @s levitation 1 1 true",
                                        "effect @s regeneration 30 1 true"
                                    ]
                                }
                            },
                            {
                                "weight": 1,
                                "queue_command": {
                                    "command": [
                                        "effect @s speed 1 0"
                                    ]
                                }
                            }
                        ]
                    }
                ]
            },
            "minecraft:ageable_grow_up": {
                "remove": {
                    "component_groups": [
                        "baby",
                        "growup"
                    ]
                },
                "add": {
                    "component_groups": [
                        "adult"
                    ]
                }
            }
        }
    }
}