{
    "format_version": "1.16.0",
    "minecraft:entity": {
        "description": {
            "identifier": "billey:cucumbeel",
            "runtime_identifier": "minecraft:salmon",
            "is_spawnable": true,
            "is_summonable": true,
            "scripts": {
                "animate": [
                    "check_beta_apis",
                    {
                        "rainbow_effects": "q.is_illager_captain"
                    },
                    {
                        "info": "!q.is_tamed"
                    },
                    "tame",
                    "fix",
                    "cucumba",
                    {
                        "goup": "q.has_rider && q.is_moving && q.is_in_water"
                    },
                    {
                        "slow": "q.has_rider && q.is_in_water"
                    },
                    {
                        "waterbreth": "q.has_rider"
                    }
                ]
            },
            "animations": {
                "check_beta_apis": "animation.billeys_mobs.check_beta_apis",
                "rainbow_effects": "animation.billeys_mobs.rainbow_effects",
                "stand_up_when_hit": "controller.animation.billeys_mobs.stand_up_when_hit",
                "info": "animation.billeys_mobs.info.cucumbeel",
                "fix": "controller.animation.billeys_mobs.cucumbeel.fix",
                "tame": "controller.animation.billeys_mobs.tame",
                "cucumba": "controller.animation.cucumba.vitamin",
                "mineral": "controller.animation.cucumba.veryhighnumba",
                "waterbreth": "controller.animation.cucumba.bacteria",
                "goup": "animation.cucumba.goup",
                "slow": "animation.cucumba.slow"
            },
            
            "properties": {
                "billey:in_tank": {
                    "client_sync": true,
                    "type": "bool",
                    "default": false
                },
                "billey:is_billey_mob": {
                    "client_sync": true,
                    "type": "bool",
                    "default": true
                },
                "billey:head_equipment_color": {
                    "client_sync": true,
                    "type": "int",
                    "range": [
                        0,
                        15
                    ],
                    "default": 0
                },
                //pets' leg slot is used for bowties
                "billey:legs_equipment_color": {
                    "client_sync": true,
                    "type": "int",
                    "range": [
                        0,
                        15
                    ],
                    "default": 0
                },
                "billey:chest_equipment_color": {
                    "client_sync": true,
                    "type": "int",
                    "range": [
                        0,
                        15
                    ],
                    "default": 0
                },
                "billey:feet_equipment_color": {
                    "client_sync": true,
                    "type": "int",
                    "range": [
                        0,
                        15
                    ],
                    "default": 0
                },
                "billey:body_equipment_color": {
                    "client_sync": true,
                    "type": "int",
                    "range": [
                        0,
                        15
                    ],
                    "default": 0
                }
            }
        },
        "component_groups": {
            "tamed_component": {
                "minecraft:is_tamed": {}
            },
            "untamed": { /*This is just for ones untamed by the untaming stick.
The real tame items of this mob are in the wild component group*/
                "minecraft:tameable": {
                    "probability": 1.0,
                    "tame_event": {
                        "event": "tamed_yay"
                    },
                    "tame_items": [
                        "billey:power_banana",
                        "billey:raw_catfish",
                        "billey:bettafish",
                        "billey:pizzapiece",
                        "salmon",
                        "fish",
                        "rotten_flesh",
                        "wheat_seeds",
                        "melon_seeds",
                        "carrot",
                        "beetroot_seeds",
                        "pumpkin_seeds",
                        "chicken",
                        "billey:raw_hamster",
                        "billey:poultry_orange",
                        "billey:raw_snail",
                        "billey:raw_snail_s",
                        "billey:raw_snail_w",
                        "billey:raw_piranha",
                        "bread",
                        "apple",
                        "fermented_spider_eye",
                        "spider_eye",
                        "string"
                    ]
                }
            },
            "electrocuted": {
                "minecraft:loot": {
                    "table": "loot_tables/entities/billey_electrocuted.json"
                }
            },
            "following": {
                "minecraft:behavior.follow_owner": {
                    "can_teleport": false,
                    "priority": 0,
                    "speed_multiplier": 1.25,
                    "start_distance": 7,
                    "stop_distance": 5
                }
            },
            "kromatik": {
                "minecraft:is_illager_captain": {}
            },
            "wild": {
                "minecraft:shareables": {
                    "all_items": false,
                    "all_items_max_amount": 1,
                    "items": [
                        {
                            "item": "minecraft:chicken",
                            "priority": 0,
                            "max_amount": 1
                        },
                        {
                            "item": "minecraft:clownfish",
                            "priority": 0,
                            "max_amount": 1
                        },
                        {
                            "item": "minecraft:fish",
                            "priority": 0,
                            "max_amount": 1
                        },
                        {
                            "item": "minecraft:rotten_flesh",
                            "priority": 0,
                            "max_amount": 1
                        },
                        {
                            "item": "minecraft:salmon",
                            "priority": 0,
                            "max_amount": 1
                        },
                        {
                            "item": "billey:swordmeat",
                            "priority": 0,
                            "max_amount": 1
                        },
                        {
                            "item": "billey:swordcooked",
                            "priority": 0,
                            "max_amount": 1
                        },
                        {
                            "item": "minecraft:bone",
                            "priority": 1,
                            "max_amount": 1
                        },
                        {
                            "item": "minecraft:feather",
                            "priority": 1,
                            "max_amount": 1
                        },
                        {
                            "item": "minecraft:dye", //ink sac
                            "priority": 1,
                            "max_amount": 1
                        },
                        {
                            "item": "billey:shark_tooth",
                            "priority": 1,
                            "max_amount": 1
                        },
                        {
                            "item": "billey:shark_scales",
                            "priority": 1,
                            "max_amount": 1
                        },
                        {
                            "item": "billey:swordfin",
                            "priority": 1,
                            "max_amount": 1
                        },
                        {
                            "item": "billey:swordtail",
                            "priority": 1,
                            "max_amount": 1
                        },
                        {
                            "item": "billey:swordstick",
                            "priority": 1,
                            "max_amount": 1
                        },
                        {
                            "item": "billey:anglerlight",
                            "priority": 1,
                            "max_amount": 1
                        },
                        {
                            "item": "billey:betta_fish",
                            "priority": 0,
                            "max_amount": 1
                        },
                        {
                            "item": "billey:raw_catfish",
                            "priority": 0,
                            "max_amount": 1
                        },
                        {
                            "item": "billey:pizzapiece",
                            "priority": 0,
                            "max_amount": 1
                        },
                        {
                            "item": "billey:raw_piranha",
                            "priority": 0,
                            "max_amount": 1
                        }
                    ]
                },
                "minecraft:behavior.eat_carried_item": {
                    "priority": 4,
                    "delay_before_eating": 0
                },
                "minecraft:behavior.pickup_items": {
                    "priority": 0,
                    "max_dist": 10,
                    "goal_radius": 2,
                    "speed_multiplier": 1.1
                },
                "minecraft:behavior.equip_item": {
                    "priority": 2
                },
                "minecraft:despawn": {
                    "despawn_from_distance": {}
                },
                "minecraft:tameable": {
                    "probability": 0.69420666,
                    "tame_items": [
                        "billey:power_banana",
                        "billey:pizzapiece"
                    ],
                    "tame_event": {
                        "event": "tamed_yay",
                        "target": "self"
                    }
                },
                "minecraft:rideable": {
                    "seat_count": 1,
                    "family_types": [
                        "picklepet"
                    ],
                    "interact_text": "action.interact.ride.horse",
                    "seats": {
                        "position": [
                            0.0,
                            0.0,
                            0.0
                        ]
                    }
                }
            },
            "tamed": {
                "minecraft:is_tamed": {},
                "minecraft:tameable": {},
                "minecraft:behavior.owner_hurt_by_target": {
                    "priority": 1,
                    "entity_types": {
                        "filters": {
                            "test": "has_tag",
                            "subject": "self",
                            "value": "billey:brave"
                        }
                    }
                },
                "minecraft:behavior.owner_hurt_target": {
                    "priority": 2,
                    "entity_types": {
                        "max_dist": 127,
                        "filters": {
                            "test": "has_tag",
                            "subject": "self",
                            "value": "billey:brave"
                        }
                    }
                },
                "minecraft:persistent": {},
                "minecraft:leashable": {
                    "soft_distance": 6.0,
                    "hard_distance": 8.0,
                    "max_distance": 12.0
                },
                "minecraft:healable": {
                    "items": [
                        {
                            "item": "billey:poultry_orange",
                            "heal_amount": 7
                        },
                        {
                            "item": "billey:cooked_snail",
                            "heal_amount": 4,
                            "effects": [
                                {
                                    "name": "strength",
                                    "chance": 1.0,
                                    "duration": 15,
                                    "amplifier": 1
                                }
                            ]
                        },
                        {
                            "item": "billey:cooked_snail_s",
                            "heal_amount": 4,
                            "effects": [
                                {
                                    "name": "speed",
                                    "chance": 1.0,
                                    "duration": 15,
                                    "amplifier": 1
                                }
                            ]
                        },
                        {
                            "item": "billey:cooked_snail_w",
                            "heal_amount": 4,
                            "effects": [
                                {
                                    "name": "regeneration",
                                    "chance": 1.0,
                                    "duration": 15,
                                    "amplifier": 1
                                }
                            ]
                        },
                        {
                            "item": "billey:pizzapiece",
                            "heal_amount": 4
                        }
                    ]
                },
                "minecraft:rideable": {
                    "seat_count": 1,
                    "rider_can_interact": true,
                    "family_types": [
                        "player"
                    ],
                    "seats": {
                        "position": [
                            0.0,
                            0.0,
                            0.0
                        ]
                    }
                }
            },
            "boosted": {
                "minecraft:movement": {
                    "value": 0.6
                },
                "minecraft:timer": {
                    "time": [
                        12,
                        18
                    ],
                    "time_down_event": {
                        "event": "remove_boost",
                        "target": "self"
                    }
                }
            },
            "boosted_short": {
                "minecraft:underwater_movement": {
                    "value": 0.6
                },
                "minecraft:timer": {
                    "time": [
                        8,
                        12
                    ],
                    "time_down_event": {
                        "event": "remove_boost",
                        "target": "self"
                    }
                }
            },
            "boosted_long": {
                "minecraft:underwater_movement": {
                    "value": 0.7
                },
                "minecraft:timer": {
                    "time": [
                        60,
                        70
                    ],
                    "time_down_event": {
                        "event": "remove_boost",
                        "target": "self"
                    }
                }
            },
            "no_boost": {
                "minecraft:underwater_movement": {
                    "value": 0.2
                }
            },
            "fishmovement": {
                "minecraft:navigation.generic": {
                    "is_amphibious": false,
                    "can_path_over_water": false,
                    "can_swim": true,
                    "can_walk": false,
                    "can_breach": false,
                    "can_sink": false
                },
                "minecraft:physics": {
                    "has_gravity": false
                },
                "minecraft:pushable": {
                    "is_pushable": true,
                    "is_pushable_by_piston": true
                },
                "minecraft:movement.sway": {
                    "sway_amplitude": 0.0
                },
                "minecraft:behavior.swim_idle": {
                    "priority": 5,
                    "idle_time": 5.0,
                    "success_rate": 0.1
                },
                "minecraft:behavior.random_swim": {
                    "priority": 3,
                    "speed_multiplier": 1.0,
                    "xz_dist": 16,
                    "y_dist": 4,
                    "interval": 0
                },
                "minecraft:behavior.swim_wander": {
                    "priority": 4,
                    "interval": 0.1,
                    "look_ahead": 2.0,
                    "speed_multiplier": 1.0,
                    "wander_time": 5.0
                }
            },
            "dead": {
                "minecraft:transformation": {
                    "into": "billey:despawn",
                    "delay": 0.01
                }
            },
            "horsemovement": {
                "minecraft:behavior.move_to_water": {
                    "priority": 0,
                    "search_range": 100,
                    "search_height": 5
                },
                "minecraft:physics": {},
                "minecraft:navigation.walk": {
                    "is_amphibious": true,
                    "avoid_water": true
                },
                "minecraft:movement.basic": {},
                "minecraft:jump.static": {},
                "minecraft:behavior.player_ride_tamed": {},
                "minecraft:input_ground_controlled": {},
                "minecraft:can_power_jump": {}
            }
        },
        "components": {
            "minecraft:environment_sensor": {
                "triggers": [
                    {
                        "event": "exit_fish_tank",
                        "target": "self",
                        "filters": [
                            {
                                "test": "is_riding",
                                "subject": "self",
                                "value": false
                            },
                            {
                                "test": "bool_property",
                                "subject": "self",
                                "domain": "billey:in_tank",
                                "value": true
                            }
                        ]
                    }
                ]
            },
            "minecraft:block_sensor": {
                "sensor_radius": 0,
                "on_break": [{
                    "block_list": [
                        "billey:fish_tank"
                    ],
                    "on_block_broken": "exit_fish_tank"
                }]
            },
            "minecraft:attack": {
                "damage": [
                    1,
                    2
                ]
            },
            "minecraft:behavior.melee_attack": {
                "require_complete_path": true,
                "priority": 2,
                "speed_multiplier": 1,
                "track_target": true
            },
            "minecraft:behavior.hurt_by_target": {
                "priority": 2,
                "entity_types": {
                    "filters": {
                        "test": "has_tag",
                        "subject": "self",
                        "value": "billey:brave"
                    }
                }
            },
            "minecraft:on_target_acquired": {
                "event": "billey:pet_target_acquired",
                "target": "self"
            },
            "minecraft:on_target_escape": {
                "event": "billey:pet_target_escape",
                "target": "self"
            },
            "minecraft:is_hidden_when_invisible": {},
            "minecraft:experience_reward": {
                "on_death": "q.last_hit_by_player ? Math.Random(1,3) : 0"
            },
            "minecraft:type_family": {
                "family": [
                    "cod",
                    "fish"
                ]
            },
            "minecraft:collision_box": {
                "width": 0.6,
                "height": 0.5
            },
            "minecraft:health": {
                "value": 6,
                "max": 6
            },
            "minecraft:damage_sensor": {
                "triggers": [
                    {
                        "on_damage": {
                            "filters": {
                                "all_of": [
                                    {
                                        "test": "is_owner",
                                        "subject": "other",
                                        "value": true
                                    },
                                    {
                                        "test": "has_tag",
                                        "subject": "other",
                                        "operator": "not",
                                        "value": "billey:can_hit_own_pet"
                                    }
                                ]
                            },
                            "event": "say_owner_hit_pet_info"
                        },
                        "cause": "all",
                        "deals_damage": false
                    },
                    {
                        "on_damage": {
                            "filters": {
                                "all_of": [
                                    {
                                        "test": "has_component",
                                        "subject": "self",
                                        "value": "minecraft:is_tamed"
                                    },
                                    {
                                        "test": "is_owner",
                                        "subject": "other",
                                        "value": false
                                    },
                                    {
                                        "test": "has_tag",
                                        "subject": "other",
                                        "value": "billey:cant_hit_other_pet"
                                    }
                                ]
                            },
                            "event": "say_other_hit_pet_info"
                        },
                        "cause": "all",
                        "deals_damage": false
                    },
                    {
                        "on_damage": {
                            "filters": {
                                "test": "has_equipment",
                                "subject": "other",
                                "domain": "hand",
                                "value": "billey:golden_swordfish"
                            }
                        },
                        "damage_multiplier": 2.333
                    },
                    {
                        "on_damage": {
                            "filters": {
                                "test": "has_equipment",
                                "subject": "other",
                                "domain": "hand",
                                "value": "billey:swordfish"
                            }
                        },
                        "damage_multiplier": 2.333
                    },
                    {
                        "on_damage": {
                            "filters": {
                                "all_of": [
                                    {
                                        "any_of": [
                                            {
                                                "test": "is_family",
                                                "subject": "other",
                                                "value": "eatscod"
                                            },
                                            {
                                                "test": "is_family",
                                                "subject": "other",
                                                "value": "piranha"
                                            }
                                        ]
                                    },
                                    {
                                        "test": "has_damage",
                                        "value": "fatal"
                                    }
                                ]
                            },
                            "event": "die"
                        },
                        "deals_damage": false
                    },{
                        "cause": "all",
                        "deals_damage": false,
                        "on_damage_sound_event": "armor.equip_generic",
                        "on_damage": {
                            "event": "destroy_head_equipment",
                            "target": "self",
                            "filters": {
                                "all_of": [
                                    {
                                        "test": "has_damage",
                                        "value": "fatal"
                                    },
                                    {
                                        "test": "has_equipment",
                                        "value": "billey:pet_hat",
                                        "domain": "head"
                                    }
                                ]
                            }
                        }
                    }
                ]
            },
            "minecraft:hurt_on_condition": {
                "damage_conditions": [
                    {
                        "filters": {
                            "test": "in_lava",
                            "subject": "self",
                            "operator": "==",
                            "value": true
                        },
                        "cause": "lava",
                        "damage_per_tick": 4
                    }
                ]
            },
            "minecraft:loot": {
                "table": "loot_tables/entities/fish.json"
            },
            "minecraft:scale": {
                "value": 1.0
            },
            "minecraft:breathable": {
                "total_supply": 15,
                "suffocate_time": 0,
                "breathes_air": false,
                "breathes_water": true
            },
            "minecraft:movement": {
                "value": 0.1
            },
            "minecraft:underwater_movement": {
                "value": 0.2
            },
            "minecraft:interact": {
                "interactions": [
                    {
                        "play_sounds": "plop",
                        "swing": true,
                        "interact_text": "action.interact.get_info",
                        "on_interact": {
                            "filters": {
                                "any_of": [
                                    {
                                        "test": "has_equipment",
                                        "subject": "other",
                                        "domain": "hand",
                                        "value": "feather"
                                    },
                                    {
                                        "test": "has_equipment",
                                        "subject": "other",
                                        "domain": "hand",
                                        "value": "book"
                                    },
                                    {
                                        "test": "has_equipment",
                                        "subject": "other",
                                        "domain": "hand",
                                        "value": "billey:info_book"
                                    }
                                ]
                            },
                            "event": "send_info",
                            "target": "self"
                        }
                    },
                    {
                        "use_item": true,
                        "play_sounds": "eat",
                        "interact_text": "action.interact.feed",
                        "on_interact": {
                            "filters": {
                                "all_of": [
                                    {
                                        "test": "has_equipment",
                                        "subject": "other",
                                        "domain": "hand",
                                        "value": "billey:chocolate_catfish"
                                    },
                                    {
                                        "test": "is_family",
                                        "subject": "other",
                                        "value": "player"
                                    }
                                ]
                            },
                            "event": "boost_long",
                            "target": "self"
                        }
                    },
                    {
                        "hurt_item": 1,
                        "play_sounds": "eat",
                        "interact_text": "action.interact.billeys_mobs.boost",
                        "on_interact": {
                            "filters": {
                                "all_of": [
                                    {
                                        "test": "has_equipment",
                                        "subject": "other",
                                        "domain": "hand",
                                        "value": "billey:terraphin_staff"
                                    },
                                    {
                                        "test": "is_family",
                                        "subject": "other",
                                        "value": "player"
                                    },
                                    {
                                        "test": "is_sneaking",
                                        "subject": "other",
                                        "value": false
                                    }
                                ]
                            },
                            "event": "boost",
                            "target": "self"
                        }
                    },
                    {
                        "use_item": true,
                        "play_sounds": "eat",
                        "interact_text": "action.interact.billeys_mobs.boost",
                        "on_interact": {
                            "filters": {
                                "all_of": [
                                    {
                                        "test": "has_equipment",
                                        "subject": "other",
                                        "domain": "hand",
                                        "value": "billey:orange_peel"
                                    },
                                    {
                                        "test": "is_family",
                                        "subject": "other",
                                        "value": "player"
                                    }
                                ]
                            },
                            "event": "boost_short",
                            "target": "self"
                        }
                    },
                    {
                        "play_sounds": "plop",
                        "swing": true,
                        "interact_text": "action.interact.billeys_mobs.boost",
                        "on_interact": {
                            "filters": {
                                "all_of": [
                                    {
                                        "test": "has_equipment",
                                        "subject": "other",
                                        "domain": "hand",
                                        "value": "billey:untaming_stick"
                                    },
                                    {
                                        "test": "is_owner",
                                        "subject": "other",
                                        "value": true
                                    }
                                ]
                            },
                            "event": "untame",
                            "target": "self"
                        }
                    },
                    {
                        "use_item": true,
                        "play_sounds": "milk",
                        "interact_text": "action.interact.use",
                        "transform_to_item": "billey:pickle_juice",
                        "on_interact": {
                            "filters": {
                                "all_of": [
                                    {
                                        "test": "has_equipment",
                                        "subject": "other",
                                        "domain": "hand",
                                        "value": "glass_bottle"
                                    },
                                    {
                                        "test": "is_family",
                                        "subject": "other",
                                        "value": "player"
                                    }
                                ]
                            }
                        }
                    },
                    {
                        "interact_text": "action.interact.pet",
                        "on_interact": {
                            "filters": {
                                "all_of": [
                                    {
                                        "test": "has_equipment",
                                        "subject": "other",
                                        "domain": "hand",
                                        "operator": "!=",
                                        "value": "billey:swordfish"
                                    },
                                    {
                                        "test": "has_equipment",
                                        "subject": "other",
                                        "domain": "hand",
                                        "operator": "!=",
                                        "value": "billey:golden_swordfish"
                                    },
                                    {
                                        "test": "is_sneaking",
                                        "subject": "other",
                                        "value": true
                                    }
                                ]
                            },
                            "event": "bepetted",
                            "target": "self"
                        }
                    },
                    {
                        "use_item": true,
                        "play_sounds": "eat",
                        "interact_text": "action.interact.feed",
                        "on_interact": {
                            "filters": {
                                "all_of": [
                                    {
                                        "test": "has_equipment",
                                        "subject": "other",
                                        "domain": "hand",
                                        "value": "billey:sand_banana"
                                    },
                                    {
                                        "test": "is_family",
                                        "subject": "other",
                                        "value": "player"
                                    }
                                ]
                            },
                            "event": "beenfedabanana",
                            "target": "self"
                        }
                    },
                    {
                        "use_item": true,
                        "play_sounds": "milk",
                        "interact_text": "action.interact.use",
                        "transform_to_item": "glass_bottle",
                        "on_interact": {
                            "filters": {
                                "all_of": [
                                    {
                                        "test": "has_equipment",
                                        "subject": "other",
                                        "domain": "hand",
                                        "value": "billey:colorful_bottle"
                                    },
                                    {
                                        "test": "is_owner",
                                        "subject": "other",
                                        "value": true
                                    }
                                ]
                            },
                            "event": "kroma",
                            "target": "self"
                        }
                    },
                    {
                        "use_item": true,
                        "play_sounds": "milk",
                        "interact_text": "action.interact.use",
                        "transform_to_item": "glass_bottle",
                        "on_interact": {
                            "filters": {
                                "all_of": [
                                    {
                                        "test": "has_equipment",
                                        "subject": "other",
                                        "domain": "hand",
                                        "value": "billey:colorless_bottle"
                                    },
                                    {
                                        "test": "is_owner",
                                        "subject": "other",
                                        "value": true
                                    }
                                ]
                            },
                            "event": "nokroma",
                            "target": "self"
                        }
                    },
                    {
                        "play_sounds": "plop",
                        "swing": true,
                        "interact_text": "action.interact.wander",
                        "on_interact": {
                            "filters": {
                                "all_of": [
                                    {
                                        "test": "has_equipment",
                                        "subject": "other",
                                        "domain": "hand",
                                        "value": "stick"
                                    },
                                    {
                                        "test": "has_component",
                                        "subject": "self",
                                        "value": "minecraft:behavior.follow_owner"
                                    },
                                    {
                                        "test": "is_owner",
                                        "subject": "other",
                                        "value": true
                                    }
                                ]
                            },
                            "event": "eventwander",
                            "target": "self"
                        }
                    },
                    {
                        "play_sounds": "plop",
                        "swing": true,
                        "interact_text": "action.interact.follow",
                        "on_interact": {
                            "filters": {
                                "all_of": [
                                    {
                                        "test": "has_equipment",
                                        "subject": "other",
                                        "domain": "hand",
                                        "value": "stick"
                                    },
                                    {
                                        "test": "has_component",
                                        "subject": "self",
                                        "operator": "not",
                                        "value": "minecraft:behavior.follow_owner"
                                    },
                                    {
                                        "test": "is_owner",
                                        "subject": "other",
                                        "value": true
                                    }
                                ]
                            },
                            "event": "eventfollow",
                            "target": "self"
                        }
                    }
                ]
            },
            "minecraft:nameable": {},
            "minecraft:conditional_bandwidth_optimization": {}
        },
        "events": {
            "enter_fish_tank": {
                "set_property": {
                    "billey:in_tank": true
                }
            },
            "exit_fish_tank": {
                "set_property": {
                    "billey:in_tank": false
                }
            },
            "reset_target": {
                "reset_target": {}
            },
            "billey:pet_target_acquired": {},
            "billey:pet_target_escape": {},
            "destroy_head_equipment": {
                "queue_command": {
                    "command": "scriptevent billey:destroy_pet_head_equipment"
                }
            },
            "say_owner_hit_pet_info": {
                "queue_command": {
                    "target": "other",
                    "command": [
                        "titleraw @s actionbar {\"rawtext\":[{\"translate\":\"chat.billeys_mobs.owner_hit_pet\"}]}",
                        "tellraw @s[tag=!billey:has_hurt_own_pet] {\"rawtext\":[{\"translate\":\"ui.billeys_mobs.info.owner_hit_pet\"}]}",
                        "tag @s add billey:has_hurt_own_pet"
                    ]
                }
            },
            "say_other_hit_pet_info": {
                "queue_command": {
                    "target": "other",
                    "command": "titleraw @s actionbar {\"rawtext\":[{\"translate\":\"chat.billeys_mobs.other_hit_pet\"}]}"
                }
            },
            "add_sittable": {
                "add": {
                    "component_groups": [
                        "sittable"
                    ]
                }
            },
            "remove_sittable": {
                "remove": {
                    "component_groups": [
                        "sittable"
                    ]
                }
            },
            "send_info": {
                "queue_command": {
                    "target": "other",
                    "command": [
                        "tellraw @s {\"rawtext\":[{\"text\":\"\\n\"}]}",
                        "tellraw @s {\"rawtext\":[{\"translate\":\"ui.billeys_mobs.info.cucumbeel\",\"with\":[\"\\n\"]}]}",
                        "tellraw @s {\"rawtext\":[{\"text\":\"\\n\"}]}",
                        "tellraw @s {\"rawtext\":[{\"translate\":\"ui.billeys_mobs.info.tip6\"}]}",
                        "tellraw @s {\"rawtext\":[{\"text\":\"\\n\"}]}"
                    ]
                }
            },
            "untame": {
                "sequence": [
                    {
                        "queue_command": {
                            "command": [
                                "playsound random.orb @a ~~~ 1.00 0.8 0.5",
                                "tellraw @a[r=5] {\"rawtext\": [{\"translate\": \"billmobs.untame\"},{\"selector\": \"@s\"}, {\"translate\": \"billmobs.untame2\"}] }"
                            ]
                        }
                    },
                    {
                        "remove": {
                            "component_groups": [
                                "tamed_component"
                            ]
                        },
                        "add": {
                            "component_groups": [
                                "untamed"
                            ]
                        }
                    }
                ]
            },
            "boost": {
                "sequence": [
                    {
                        "add": {
                            "component_groups": [
                                "boosted"
                            ]
                        },
                        "remove": {
                            "component_groups": [
                                "no_boost"
                            ]
                        }
                    },
                    {
                        "queue_command": {
                            "command": [
                                "effect @p night_vision 15 1 true"
                            ]
                        }
                    }
                ]
            },
            "boost_short": {
                "sequence": [
                    {
                        "add": {
                            "component_groups": [
                                "boosted_short"
                            ]
                        },
                        "remove": {
                            "component_groups": [
                                "no_boost"
                            ]
                        }
                    },
                    {
                        "queue_command": {
                            "command": [
                                "effect @p night_vision 15 1 true"
                            ]
                        }
                    }
                ]
            },
            "remove_boost": {
                "add": {
                    "component_groups": [
                        "no_boost"
                    ]
                },
                "remove": {
                    "component_groups": [
                        "boosted",
                        "boosted_long",
                        "boosted_short"
                    ]
                }
            },
            "get_electrocuted": {
                "add": {
                    "component_groups": [
                        "electrocuted"
                    ]
                }
            },
            "eventwander": {
                "sequence": [
                    {
                        "remove": {
                            "component_groups": [
                                "following"
                            ]
                        }
                    },
                    {
                        "queue_command": {
                            "command": [
                                "tellraw @a[r=5] {\"rawtext\": [{\"translate\": \"billmobs.wander\"},{\"selector\": \"@s\"}, {\"translate\": \"billmobs.wander2\"}] }"
                            ]
                        }
                    }
                ]
            },
            "eventfollow": {
                "sequence": [
                    {
                        "add": {
                            "component_groups": [
                                "following"
                            ]
                        }
                    },
                    {
                        "queue_command": {
                            "command": [
                                "tellraw @a[r=5] {\"rawtext\": [{\"translate\": \"billmobs.follow\"},{\"selector\": \"@s\"}, {\"translate\": \"billmobs.follow2\"}] }"
                            ]
                        }
                    }
                ]
            },
            "beenfedabanana": {
                "sequence": [
                    {
                        "queue_command": {
                            "command": [
                                "particle billey:eatbanana ~ ~.5 ~"
                            ]
                        }
                    },
                    {
                        "randomize": [
                            {
                                "weight": 8,
                                "queue_command": {
                                    "command": [
                                        "effect @s regeneration 7 1"
                                    ]
                                }
                            },
                            {
                                "weight": 4,
                                "queue_command": {
                                    "command": [
                                        "effect @s regeneration 10"
                                    ]
                                }
                            },
                            {
                                "weight": 4,
                                "queue_command": {
                                    "command": [
                                        "effect @s speed 10"
                                    ]
                                }
                            },
                            {
                                "weight": 4,
                                "queue_command": {
                                    "command": [
                                        "effect @s absorption 10"
                                    ]
                                }
                            },
                            {
                                "weight": 4,
                                "queue_command": {
                                    "command": [
                                        "effect @s resistance 10"
                                    ]
                                }
                            },
                            {
                                "weight": 4,
                                "queue_command": {
                                    "command": [
                                        "effect @s strength 10"
                                    ]
                                }
                            },
                            {
                                "weight": 4,
                                "queue_command": {
                                    "command": [
                                        "effect @s water_breathing 10"
                                    ]
                                }
                            },
                            {
                                "weight": 4,
                                "queue_command": {
                                    "command": [
                                        "effect @s fire_resistance 10"
                                    ]
                                }
                            },
                            {
                                "weight": 1,
                                "sequence": [
                                    {
                                        "queue_command": {
                                            "command": [
                                                "effect @s levitation 1 0 true"
                                            ]
                                        }
                                    },
                                    {
                                        "queue_command": {
                                            "target": "other",
                                            "command": [
                                                "effect @s levitation 1 0 true"
                                            ]
                                        }
                                    }
                                ]
                            }
                        ]
                    }
                ]
            },
            "bepetted": {
                "sequence": [
                    {
                        "randomize": [
                            {
                                "weight": 13
                            },
                            {
                                "weight": 1
                            },
                            {
                                "weight": 1,
                                "queue_command": {
                                    "command": [
                                        "playanimation @s animation.billeys_mobs.cat.petted"
                                    ]
                                }
                            }
                        ]
                    },
                    {
                        "queue_command": {
                            "target": "other",
                            "command": [
                                "playanimation @s animation.billeys_mobsplayer.pet"
                            ]
                        }
                    },
                    {
                        "randomize": [
                            {
                                "weight": 1
                            },
                            {
                                "weight": 99
                            },
                            {
                                "weight": 3,
                                "queue_command": {
                                    "command": [
                                        "effect @s resistance 10 1 true"
                                    ]
                                }
                            },
                            {
                                "weight": 3,
                                "queue_command": {
                                    "command": [
                                        "effect @s fire_resistance 10 1 true"
                                    ]
                                }
                            },
                            {
                                "weight": 3,
                                "queue_command": {
                                    "command": [
                                        "effect @s strength 10 1 true"
                                    ]
                                }
                            },
                            {
                                "weight": 3,
                                "queue_command": {
                                    "command": [
                                        "effect @s water_breathing 30 0 true"
                                    ]
                                }
                            },
                            {
                                "weight": 3,
                                "queue_command": {
                                    "command": [
                                        "effect @s speed 10 1 true"
                                    ]
                                }
                            },
                            {
                                "weight": 1,
                                "queue_command": {
                                    "command": [
                                        "effect @s levitation 1 1 true",
                                        "effect @s regeneration 30 1 true"
                                    ]
                                }
                            },
                            {
                                "weight": 1,
                                "queue_command": {
                                    "command": [
                                        "effect @s speed 1 0"
                                    ]
                                }
                            }
                        ]
                    }
                ]
            },
            "kroma": {
                "add": {
                    "component_groups": [
                        "kromatik"
                    ]
                }
            },
            "nokroma": {
                "remove": {
                    "component_groups": [
                        "kromatik"
                    ]
                }
            },
            "die": {
                "add": {
                    "component_groups": [
                        "dead"
                    ]
                }
            },
            "tamed_yay": {
                "queue_command": {
                    "target": "other",
                    "command": [
                        "tellraw @s {\"rawtext\":[{\"text\":\"\\n\"}]}",
                        "tellraw @a[r=6,tag=!billeyinfotip6] {\"rawtext\":[{\"translate\":\"ui.billeys_mobs.info.tip6\"}]}",
                        "tellraw @s {\"rawtext\":[{\"text\":\"\\n\"}]}",
                        "tag @a[r=6,tag=!billeyinfotip6] add billeyinfotip6"
                    ]
                },
                "add": {
                    "component_groups": [
                        "tamed"
                    ]
                },
                "remove": {
                    "component_groups": [
                        "wild"
                    ]
                }
            },
            "fish": {
                "add": {
                    "component_groups": [
                        "fishmovement"
                    ]
                },
                "remove": {
                    "component_groups": [
                        "horsemovement"
                    ]
                }
            },
            "horse": {
                "add": {
                    "component_groups": [
                        "horsemovement"
                    ]
                },
                "remove": {
                    "component_groups": [
                        "fishmovement"
                    ]
                }
            },
            "minecraft:entity_spawned": {
                "sequence": [
                    {
                        "add": {
                            "component_groups": [
                                "wild",
                                "horsemovement"
                            ]
                        }
                    }
                ]
            }
        }
    }
}