{
    "format_version": "1.10.0",
    "minecraft:entity": {
        "description": {
            "identifier": "billey:orca",
            "runtime_identifier": "minecraft:dolphin",
            "is_spawnable": false,
            "is_summonable": true,
            "scripts": {
                "animate": [ "check_beta_apis",
                    {
                        "rainbow_effects": "q.is_illager_captain"
                    },
                    {"info":"!q.is_tamed"},
                    "tame"
                ]
            },
            "animations": {
                "check_beta_apis": "animation.billeys_mobs.check_beta_apis",
                "rainbow_effects": "animation.billeys_mobs.rainbow_effects",
                "stand_up_when_hit": "controller.animation.billeys_mobs.stand_up_when_hit",
                "info": "animation.billeys_mobs.info.orca",
                "tame": "controller.animation.billeys_mobs.tame"
            },
            
            "properties": {
                "billey:is_billey_mob": {
                    "client_sync": true,
                    "type": "bool",
                    "default": true
                },
                "billey:head_equipment_color": {
                    "client_sync": true,
                    "type": "int",
                    "range": [
                        0,
                        15
                    ],
                    "default": 0
                },
                //pets' leg slot is used for bowties
                "billey:legs_equipment_color": {
                    "client_sync": true,
                    "type": "int",
                    "range": [
                        0,
                        15
                    ],
                    "default": 0
                },
                "billey:chest_equipment_color": {
                    "client_sync": true,
                    "type": "int",
                    "range": [
                        0,
                        15
                    ],
                    "default": 0
                },
                "billey:feet_equipment_color": {
                    "client_sync": true,
                    "type": "int",
                    "range": [
                        0,
                        15
                    ],
                    "default": 0
                },
                "billey:body_equipment_color": {
                    "client_sync": true,
                    "type": "int",
                    "range": [
                        0,
                        15
                    ],
                    "default": 0
                }
            }
        },
        "component_groups": {
            "tamed_component": {
                "minecraft:is_tamed": {}
            },
            "untamed": { /*This is just for ones untamed by the untaming stick.
The real tame items of this mob are in the wild component group*/
                "minecraft:tameable": {
                    "probability": 1.0,
                    "tame_event": {
                        "event": "tamed_yay"
                    },
                    "tame_items": [
                        "billey:power_banana",
                        "billey:raw_catfish",
                        "billey:bettafish",
                        "billey:pizzapiece",
                        "salmon",
                        "fish",
                        "rotten_flesh",
                        "wheat_seeds",
                        "melon_seeds",
                        "carrot",
                        "beetroot_seeds",
                        "pumpkin_seeds",
                        "chicken",
                        "billey:raw_hamster",
                        "billey:poultry_orange",
                        "billey:raw_snail",
                        "billey:raw_snail_s",
                        "billey:raw_snail_w",
                        "billey:raw_piranha",
                        "bread",
                        "apple",
                        "fermented_spider_eye",
                        "spider_eye",
                        "string"
                    ]
                }
            },
            "electrocuted": {
                "minecraft:loot": {
                    "table": "loot_tables/entities/billey_electrocuted.json"
                }
            },
            "following": {
                "minecraft:behavior.follow_owner": {
					"can_teleport": false,
                    "priority": 4,
                    "speed_multiplier": 1.25,
                    "start_distance": 7,
                    "stop_distance": 5
                }
            },
            "kromatik": {
                "minecraft:is_illager_captain": {}
            },
            "dead": {
                "minecraft:transformation": {
                    "into": "billey:despawn",
                    "delay": 0.01
                }
            },
            "minecraft:orca_adult": {
                "minecraft:loot": {
                    "table": "loot_tables/entities/orca.json"
                },
                "minecraft:behavior.melee_attack": {
                    "require_complete_path": true,
                    "priority": 2,
                    "speed_multiplier": 1.5,
                    "track_target": true
                },
                "minecraft:scale": {
                    "value": 2.3
                }
            },
            "minecraft:orca_baby": {
                "minecraft:is_baby": {},
                "minecraft:scale": {
                    "value": 0.9
                },
                "minecraft:ageable": {
                    "duration": 4800,
                    "feed_items": [
                        "fish",
                        "salmon",
                        "kelp",
                        "seagrass"
                    ],
                    "grow_up": {
                        "event": "minecraft:ageable_grow_up",
                        "target": "self"
                    }
                },
                "minecraft:behavior.follow_parent": {
                    "priority": 4,
                    "speed_multiplier": 10.0
                },
                "minecraft:behavior.panic": {
                    "priority": 1,
                    "speed_multiplier": 1.25
                }
            },
            "minecraft:orca_angry": {
                "minecraft:angry": {
                    "duration": 7,
                    "broadcast_anger": true,
                    "broadcast_range": 15,
                    "calm_event": {
                        "event": "billey:pet_target_escape",
                        "target": "self"
                    },
                    "broadcast_filters": {
                        "test": "is_family",
                        "value": "orca",
                        "subject": "self"
                    },
                    "broadcast_targets": [
                        "orca"
                    ]
                },
                "minecraft:on_target_acquired": {}
            },
            "minecraft:orca_dried": {
                "minecraft:damage_over_time": {
                    "damagePerHurt": 1,
                    "timeBetweenHurt": 0
                }
            },
            "minecraft:orca_swimming_navigation": {
                "minecraft:behavior.look_at_player": { "probability": 0.01,
                    "priority": 8,
                    "look_distance": 6
                },
                "minecraft:behavior.swim_idle": {
                    "priority": 5
                },
                "minecraft:behavior.random_swim": { // Randomly selects points to go to, even in water
                    "priority": 3,
                    "speed_multiplier": 1.0,
                    "xz_dist": 16,
                    "y_dist": 4,
                    "interval": 0
                },
                "minecraft:behavior.swim_wander": {
                    "priority": 4,
                    "speed_multiplier": 1.0,
                    "interval": 10,
                    "look_ahead": 2.0
                },
                "minecraft:navigation.generic": {
                    "is_amphibious": true,
                    "can_path_over_water": false,
                    "can_swim": true,
                    "can_walk": false,
                    "can_breach": true,
                    "can_sink": false
                },
                "minecraft:environment_sensor": [
                    {
                        "filters": {
                            "all_of": [
                                {
                                    "test": "on_ground",
                                    "operator": "==",
                                    "value": true
                                },
                                {
                                    "test": "in_water",
                                    "operator": "!=",
                                    "value": true
                                }
                            ]
                        },
                        "event": "minecraft:navigation_on_land"
                    }
                ]
            },
            "minecraft:orca_on_land": {
                "minecraft:navigation.generic": {
                    "is_amphibious": true,
                    "can_path_over_water": true,
                    "can_swim": true,
                    "can_walk": true,
                    "can_breach": false,
                    "can_jump": false
                },
                "minecraft:timer": {
                    "looping": false,
                    "time": 20,
                    "time_down_event": {
                        "event": "minecraft:dried_out"
                    }
                },
                "minecraft:behavior.run_around_like_crazy": {
                    "priority": 1,
                    "speed_multiplier": 1.2
                },
                "minecraft:environment_sensor": [
                    {
                        "filters": {
                            "test": "in_water_or_rain",
                            "operator": "==",
                            "value": true
                        },
                        "event": "minecraft:stop_dryingout"
                    }
                ]
            },
            "minecraft:orca_on_land_in_rain": {
                "minecraft:navigation.generic": {
                    "is_amphibious": true,
                    "can_path_over_water": true,
                    "can_swim": true,
                    "can_walk": true,
                    "can_breach": false,
                    "can_jump": false
                },
                "minecraft:environment_sensor": [
                    {
                        "filters": {
                            "test": "in_water",
                            "operator": "==",
                            "value": true
                        },
                        "event": "minecraft:navigation_off_land"
                    },
                    {
                        "filters": {
                            "test": "in_water_or_rain",
                            "operator": "!=",
                            "value": true
                        },
                        "event": "minecraft:start_dryingout"
                    }
                ]
            },
            "wild": {
                "minecraft:shareables": {
                    "all_items": false,
                    "all_items_max_amount": 1,
                    "items": [
                        {
                            "item": "minecraft:chicken",
                            "priority": 0,
                            "max_amount": 1
                        },
                        {
                            "item": "minecraft:clownfish",
                            "priority": 0,
                            "max_amount": 1
                        },
                        {
                            "item": "minecraft:fish",
                            "priority": 0,
                            "max_amount": 1
                        },
                        {
                            "item": "minecraft:rotten_flesh",
                            "priority": 0,
                            "max_amount": 1
                        },
                        {
                            "item": "minecraft:salmon",
                            "priority": 0,
                            "max_amount": 1
                        },
                        {
                            "item": "billey:swordmeat",
                            "priority": 0,
                            "max_amount": 1
                        },
                        {
                            "item": "billey:swordcooked",
                            "priority": 0,
                            "max_amount": 1
                        },
                        {
                            "item": "minecraft:bone",
                            "priority": 1,
                            "max_amount": 1
                        },
                        {
                            "item": "minecraft:feather",
                            "priority": 1,
                            "max_amount": 1
                        },
                        {
                            "item": "minecraft:dye", //ink sac
                            "priority": 1,
                            "max_amount": 1
                        },
                        {
                            "item": "billey:shark_tooth",
                            "priority": 1,
                            "max_amount": 1
                        },
                        {
                            "item": "billey:shark_scales",
                            "priority": 1,
                            "max_amount": 1
                        },
                        {
                            "item": "billey:swordfin",
                            "priority": 1,
                            "max_amount": 1
                        },
                        {
                            "item": "billey:swordtail",
                            "priority": 1,
                            "max_amount": 1
                        },
                        {
                            "item": "billey:swordstick",
                            "priority": 1,
                            "max_amount": 1
                        },
                        {
                            "item": "billey:anglerlight",
                            "priority": 1,
                            "max_amount": 1
                        },
                        {
                            "item": "billey:betta_fish",
                            "priority": 0,
                            "max_amount": 1
                        },
                        {
                            "item": "billey:raw_catfish",
                            "priority": 0,
                            "max_amount": 1
                        },
                        {
                            "item": "billey:pizzapiece",
                            "priority": 0,
                            "max_amount": 1
                        },
                        {
                            "item": "billey:raw_piranha",
                            "priority": 0,
                            "max_amount": 1
                        }
                    ]
                },
                "minecraft:behavior.eat_carried_item": {
                    "priority": 4,
                    "delay_before_eating": 0
                },
                "minecraft:behavior.pickup_items": {
                    "priority": 0,
                    "max_dist": 10,
                    "goal_radius": 2,
                    "speed_multiplier": 1.1
                },
                "minecraft:behavior.equip_item": {
                    "priority": 2
                },
                "minecraft:despawn": {
                    "despawn_from_distance": {}
                },
                "minecraft:tameable": {
                    "probability": 0.69420666,
                    
                    "tame_items": [
                        "billey:power_banana",
                        "billey:pizzapiece"
                    ],
                    "tame_event": {
                        "event": "yay",
                        "target": "self"
                    }
                }
            },
            "tamed": {
                "minecraft:persistent": {},
                "minecraft:behavior.avoid_mob_type": {
                    "priority": 0,
                    "max_flee": 16,
                    "entity_types": [
                        {
                            "filters": {
                                "test": "has_component",
                                "subject": "other",
                                "value": "minecraft:explode"
                            },
                            "max_dist": 12,
                            "walk_speed_multiplier": 1.4,
                            "sprint_speed_multiplier": 1.4
                        }
                    ]
                },
                "minecraft:is_tamed": {},
                "minecraft:tameable": {}, //for the script to be able to get the mob's owner
                "minecraft:interact": [
                    {
                        "play_sounds": "plop",
                        "swing": true,
                        "interact_text": "action.interact.get_info",
                        "on_interact": {
                            "filters": {
                                "any_of": [
                                    {
                                        "test": "has_equipment",
                                        "subject": "other",
                                        "domain": "hand",
                                        "value": "feather"
                                    },
                                    {
                                        "test": "has_equipment",
                                        "subject": "other",
                                        "domain": "hand",
                                        "value": "book"
                                    },
                                    {
                                        "test": "has_equipment",
                                        "subject": "other",
                                        "domain": "hand",
                                        "value": "billey:info_book"
                                    }
                                ]
                            },
                            "event": "send_info",
                            "target": "self"
                        }
                    },
                    {
                        "play_sounds": "plop",
                        "swing": true,
                        "interact_text": "action.interact.untame",
                        "on_interact": {
                            "filters": {
                                "all_of": [
                                    {
                                        "test": "has_equipment",
                                        "subject": "other",
                                        "domain": "hand",
                                        "value": "billey:untaming_stick"
                                    },
                                    {
                                        "test": "is_owner",
                                        "subject": "other",
                                        "value": true
                                    }
                                ]
                            },
                            "event": "untame",
                            "target": "self"
                        }
                    },
                    {
                        "interact_text": "action.interact.pet",
                        "on_interact": {
                            "filters": {
                                "all_of": [
                                    {
                                        "test": "has_equipment",
                                        "subject": "other",
                                        "domain": "hand",
                                        "operator": "!=",
                                        "value": "billey:swordfish"
                                    },
                                    {
                                        "test": "has_equipment",
                                        "subject": "other",
                                        "domain": "hand",
                                        "operator": "!=",
                                        "value": "billey:golden_swordfish"
                                    },
                                    {
                                        "test": "is_sneaking",
                                        "subject": "other",
                                        "value": true
                                    }
                                ]
                            },
                            "event": "bepetted",
                            "target": "self"
                        }
                    },
                    {
                        "use_item": true,
                        "play_sounds": "eat",
                        "interact_text": "action.interact.feed",
                        "on_interact": {
                            "filters": {
                                "all_of": [
                                    {
                                        "test": "has_equipment",
                                        "subject": "other",
                                        "domain": "hand",
                                        "value": "billey:sand_banana"
                                    },
                                    {
                                        "test": "is_family",
                                        "subject": "other",
                                        "value": "player"
                                    }
                                ]
                            },
                            "event": "beenfedabanana",
                            "target": "self"
                        }
                    },
                    {
                        "use_item": true,
                        "play_sounds": "milk",
                        "interact_text": "action.interact.use",
                        "transform_to_item": "glass_bottle",
                        "on_interact": {
                            "filters": {
                                "all_of": [
                                    {
                                        "test": "has_equipment",
                                        "subject": "other",
                                        "domain": "hand",
                                        "value": "billey:colorful_bottle"
                                    },
                                    {
                                        "test": "is_owner",
                                        "subject": "other",
                                        "value": true
                                    }
                                ]
                            },
                            "event": "kroma",
                            "target": "self"
                        }
                    },
                    {
                        "use_item": true,
                        "play_sounds": "milk",
                        "interact_text": "action.interact.use",
                        "transform_to_item": "glass_bottle",
                        "on_interact": {
                            "filters": {
                                "all_of": [
                                    {
                                        "test": "has_equipment",
                                        "subject": "other",
                                        "domain": "hand",
                                        "value": "billey:colorless_bottle"
                                    },
                                    {
                                        "test": "is_owner",
                                        "subject": "other",
                                        "value": true
                                    }
                                ]
                            },
                            "event": "nokroma",
                            "target": "self"
                        }
                    },
                    {
                        "play_sounds": "plop",
                        "swing": true,
                        "interact_text": "action.interact.wander",
                        "on_interact": {
                            "filters": {
                                "all_of": [
                                    {
                                        "test": "has_equipment",
                                        "subject": "other",
                                        "domain": "hand",
                                        "value": "stick"
                                    },
                                    {
                                        "test": "has_component",
                                        "subject": "self",
                                        "value": "minecraft:behavior.follow_owner"
                                    },
                                    {
                                        "test": "is_owner",
                                        "subject": "other",
                                        "value": true
                                    }
                                ]
                            },
                            "event": "eventwander",
                            "target": "self"
                        }
                    },
                    {
                        "play_sounds": "plop",
                        "swing": true,
                        "interact_text": "action.interact.follow",
                        "on_interact": {
                            "filters": {
                                "all_of": [
                                    {
                                        "test": "has_equipment",
                                        "subject": "other",
                                        "domain": "hand",
                                        "value": "stick"
                                    },
                                    {
                                        "test": "has_component",
                                        "subject": "self",
                                        "operator": "not",
                                        "value": "minecraft:behavior.follow_owner"
                                    },
                                    {
                                        "test": "is_owner",
                                        "subject": "other",
                                        "value": true
                                    }
                                ]
                            },
                            "event": "eventfollow",
                            "target": "self"
                        }
                    }
                ],
                "minecraft:rideable": {
                    "seat_count": 1,
                    "family_types": [
                        "player"
                    ],
                    "seats": {
                        "position": [
                            0.0,
                            0.35,
                            0.0
                        ]
                    }
                },
                "minecraft:healable": {
                    "items": [
                        
                    {
                        "item": "billey:poultry_orange",
                        "heal_amount": 7
                    },{
                        "item": "billey:cooked_snail",
                            "heal_amount": 4,
                            "effects": [
                                {
                                    "name": "strength",
                                    "chance": 1.0,
                                    "duration": 15,
                                    "amplifier": 1
                                }
                            ]
                        },
                        {
                            "item": "billey:cooked_snail_s",
                            "heal_amount": 4,
                            "effects": [
                                {
                                    "name": "speed",
                                    "chance": 1.0,
                                    "duration": 15,
                                    "amplifier": 1
                                }
                            ]
                        },
                        {
                            "item": "billey:cooked_snail_w",
                            "heal_amount": 4,
                            "effects": [
                                {
                                    "name": "regeneration",
                                    "chance": 1.0,
                                    "duration": 15,
                                    "amplifier": 1
                                }
                            ]
                        },
                        {
                            "item": "fish",
                            "heal_amount": 5
                        },
                        {
                            "item": "salmon",
                            "heal_amount": 5
                        },
                        {
                            "item": "billey:pizzapiece",
                            "heal_amount": 10
                        },
                        {
                            "item": "clownfish",
                            "heal_amount": 25
                        }
                    ]
                },
                "minecraft:leashable": {
                    "soft_distance": 12.0,
                    "hard_distance": 18.0,
                    "max_distance": 30.0,
                    "on_leash": {
                        "event": "minecraft:on_leash",
                        "target": "self"
                    },
                    "on_unleash": {
                        "event": "minecraft:on_unleash",
                        "target": "self"
                    }
                },
                "minecraft:behavior.owner_hurt_by_target": {
                    "priority": 1
                },
                "minecraft:behavior.owner_hurt_target": {
                    "priority": 2
                }
            },
            "minecraft:cat_leashed": {
                "minecraft:behavior.move_towards_restriction": {
                    "priority": 2,
                    "speed_multiplier": 1.0
                }
            }
        },
        "components": {
            "minecraft:is_hidden_when_invisible": {},
            "minecraft:damage_sensor": [
                {
                    "on_damage": {
                        "filters": {
                            "all_of": [
                                {
                                    "test": "is_owner",
                                    "subject": "other",
                                    "value": true
                                },
                                {
                                    "test": "has_tag",
                                    "subject": "other",
                                    "operator": "not",
                                    "value": "billey:can_hit_own_pet"
                                }
                            ]
                        },
                        "event": "say_owner_hit_pet_info"
                    },
                    "cause": "all",
                    "deals_damage": false
                },
                {
                    "on_damage": {
                        "filters": {
                            "all_of": [
                                {
                                    "test": "has_component",
                                    "subject": "self",
                                    "value": "minecraft:is_tamed"
                                },
                                {
                                    "test": "is_owner",
                                    "subject": "other",
                                    "value": false
                                },
                                {
                                    "test": "has_tag",
                                    "subject": "other",
                                    "value": "billey:cant_hit_other_pet"
                                }
                            ]
                        },
                        "event": "say_other_hit_pet_info"
                    },
                    "cause": "all",
                    "deals_damage": false
                },
                {
                    "on_damage": {
                        "filters": {
                            "test": "has_equipment",
                            "subject": "other",
                            "domain": "hand",
                            "value": "billey:golden_swordfish"
                        }
                    },
                    "damage_multiplier": 2.333
                },
                {
                    "on_damage": {
                        "filters": {
                            "test": "has_equipment",
                            "subject": "other",
                            "domain": "hand",
                            "value": "billey:swordfish"
                        }
                    },
                    "damage_multiplier": 2.333
                },
                {
                    "on_damage": {
                        "filters": {
                            "all_of": [
                                {
                                    "any_of": [
                                        {
                                            "test": "is_family",
                                            "subject": "other",
                                            "value": "eatscod"
                                        },
                                        {
                                            "test": "is_family",
                                            "subject": "other",
                                            "value": "piranha"
                                        }
                                    ]
                                },
                                {
                                    "test": "has_damage",
                                    "value": "fatal"
                                }
                            ]
                        },
                        "event": "die"
                    },
                    "deals_damage": false
                },{
                    "cause": "all",
                    "deals_damage": false,
                    "on_damage_sound_event": "armor.equip_generic",
                    "on_damage": {
                        "event": "destroy_head_equipment",
                        "target": "self",
                        "filters": {
                            "all_of": [
                                {
                                    "test": "has_damage",
                                    "value": "fatal"
                                },
                                {
                                    "test": "has_equipment",
                                    "value": "billey:pet_hat",
                                    "domain": "head"
                                }
                            ]
                        }
                    }
                }
            ],
            "minecraft:nameable": {},
            "minecraft:type_family": {
                "family": [
                    "orca",
                    "eatscod",
                    "eatsangler",
                    "eatsshark",
                    "mob"
                ]
            },
            "minecraft:collision_box": {
                "width": 0.9,
                "height": 0.6
            },
            "minecraft:health": {
                "value": 60,
                "max": 60
            },
            "minecraft:attack": {
                "damage": 17
            },
            "minecraft:movement": {
                "value": 0.1
            },
            "minecraft:navigation.generic": {
                "is_amphibious": true,
                "can_path_over_water": true,
                "can_swim": true,
                "can_walk": false,
                "can_breach": true,
                "can_sink": false
            },
            "minecraft:jump.static": {
                "jump_power": 0.6
            },
            "minecraft:breathable": {
                "total_supply": 360,
                "suffocate_time": 0,
                "breathes_air": true,
                "breathes_water": false,
                "generates_bubbles": false
            },
            "minecraft:underwater_movement": {
                "value": 0.17
            },
            "minecraft:can_climb": {},
            "minecraft:behavior.random_swim": {
                "priority": 5,
                "interval": 0,
                "xz_dist": 20
            },
            "minecraft:behavior.random_breach": {
                "priority": 4,
                "interval": 25,
                "xz_dist": 6,
                "cooldown_time": 6.0
            },
            "minecraft:behavior.random_look_around": {
                "priority": 7
            },
            "minecraft:behavior.move_to_water": {
                "priority": 0,
                "search_range": 150,
                "search_height": 50
            },
            "minecraft:behavior.hurt_by_target": {
                "priority": 1
            },
            "minecraft:on_target_acquired": {
                "event": "billey:pet_target_acquired",
                "target": "self"
            },
            "minecraft:on_target_escape": {
                "event": "billey:pet_target_escape",
                "target": "self"
            },
            "minecraft:interact": [
                {
                    "play_sounds": "plop",
                    "swing": true,
                    "interact_text": "action.interact.get_info",
                    "on_interact": {
                        "filters": {
                            "any_of": [
                                {
                                    "test": "has_equipment",
                                    "subject": "other",
                                    "domain": "hand",
                                    "value": "feather"
                                },
                                {
                                        "test": "has_equipment",
                                        "subject": "other",
                                        "domain": "hand",
                                        "value": "book"
                                    },
                                    {
                                        "test": "has_equipment",
                                        "subject": "other",
                                        "domain": "hand",
                                        "value": "billey:info_book"
                                    }
                            ]
                        },
                        "event": "send_info",
                        "target": "self"
                    }
                }
            ],
            "minecraft:experience_reward": {
                "on_bred": "Math.Random(1,7)",
                "on_death": "q.last_hit_by_player ? Math.Random(1,3) : 0"
            },
            "minecraft:physics": {}
        },
        
        "events": {
            "reset_target": {
                "reset_target": {}
            },"destroy_head_equipment": {
    "queue_command":{
"command": "scriptevent billey:destroy_pet_head_equipment"
}
},
            "say_owner_hit_pet_info": {
                "queue_command": {
                    "target": "other",
                    "command": [
                        "titleraw @s actionbar {\"rawtext\":[{\"translate\":\"chat.billeys_mobs.owner_hit_pet\"}]}",
                        "tellraw @s[tag=!billey:has_hurt_own_pet] {\"rawtext\":[{\"translate\":\"ui.billeys_mobs.info.owner_hit_pet\"}]}",
                        "tag @s add billey:has_hurt_own_pet"
                    ]
                }
            },
            "say_other_hit_pet_info": {
                "queue_command": {
                    "target": "other",
                    "command": "titleraw @s actionbar {\"rawtext\":[{\"translate\":\"chat.billeys_mobs.other_hit_pet\"}]}"
                }
            },
            "add_sittable": {
                "add": {
                    "component_groups": [
                        "sittable"
                    ]
                }
            },
            "remove_sittable": {
                "remove": {
                    "component_groups": [
                        "sittable"
                    ]
                }
            },
            "send_info": {
                "queue_command": {
                    "target": "other",
                    "command": [
                        "tellraw @s {\"rawtext\":[{\"text\":\"\\n\"}]}",
                        "tellraw @s {\"rawtext\":[{\"translate\":\"ui.billeys_mobs.info.orca\",\"with\":[\"\\n\"]},{\"text\": \"\\n\"},{\"text\": \"\\n\"},{\"translate\":\"ui.billeys_mobs.info.formore\"}]}",
                        "tellraw @s {\"rawtext\":[{\"text\":\"\\n\"}]}"
                    ]
                }
            },
            "untame": {
                "sequence": [
                    {
                        "queue_command": {
                            "command": [
                                "playsound random.orb @a ~~~ 1.00 0.8 0.5",
                                "tellraw @a[r=5] {\"rawtext\": [{\"translate\": \"billmobs.untame\"},{\"selector\": \"@s\"}, {\"translate\": \"billmobs.untame2\"}] }"
                            ]
                        }
                    },
                    {
                        "remove": {
                            "component_groups": [
                                "tamed_component"
                            ]
                        },
                        "add": {
                            "component_groups": [
                                "untamed"
                            ]
                        }
                    }
                ]
            },
            "get_electrocuted": {
                "add": {
                    "component_groups": [
                        "electrocuted"
                    ]
                }
            },
            "eventwander": {
                "sequence": [
                    {
                        "remove": {
                            "component_groups": [
                                "following"
                            ]
                        }
                    },
                    {
                        "queue_command": {
                            "command": [
                                "tellraw @a[r=5] {\"rawtext\": [{\"translate\": \"billmobs.wander\"},{\"selector\": \"@s\"}, {\"translate\": \"billmobs.wander2\"}] }"
                            ]
                        }
                    }
                ]
            },
            "eventfollow": {
                "sequence": [
                    {
                        "add": {
                            "component_groups": [
                                "following"
                            ]
                        }
                    },
                    {
                        "queue_command": {
                            "command": [
                                "tellraw @a[r=5] {\"rawtext\": [{\"translate\": \"billmobs.follow\"},{\"selector\": \"@s\"}, {\"translate\": \"billmobs.follow2\"}] }"
                            ]
                        }
                    }
                ]
            },
            "beenfedabanana": {
                "sequence": [
                    {
                        "queue_command": {
                            "command": [
                                "particle billey:eatbanana ~ ~.5 ~"
                            ]
                        }
                    },
                    {
                        "randomize": [
                            {
                                "weight": 8,
                                "queue_command": {
                                    "command": [
                                        "effect @s regeneration 7 1"
                                    ]
                                }
                            },
                            {
                                "weight": 4,
                                "queue_command": {
                                    "command": [
                                        "effect @s regeneration 10"
                                    ]
                                }
                            },
                            {
                                "weight": 4,
                                "queue_command": {
                                    "command": [
                                        "effect @s speed 10"
                                    ]
                                }
                            },
                            {
                                "weight": 4,
                                "queue_command": {
                                    "command": [
                                        "effect @s absorption 10"
                                    ]
                                }
                            },
                            {
                                "weight": 4,
                                "queue_command": {
                                    "command": [
                                        "effect @s resistance 10"
                                    ]
                                }
                            },
                            {
                                "weight": 4,
                                "queue_command": {
                                    "command": [
                                        "effect @s strength 10"
                                    ]
                                }
                            },
                            {
                                "weight": 4,
                                "queue_command": {
                                    "command": [
                                        "effect @s water_breathing 10"
                                    ]
                                }
                            },
                            {
                                "weight": 4,
                                "queue_command": {
                                    "command": [
                                        "effect @s fire_resistance 10"
                                    ]
                                }
                            },
                            {
                                "weight": 1,
                                "sequence": [
                                    {
                                        "queue_command": {
                                            "command": [
                                                "effect @s levitation 1 0 true"
                                            ]
                                        }
                                    },
                                    {
                                        "queue_command": {
                                            "target": "other",
                                            "command": [
                                                "effect @s levitation 1 0 true"
                                            ]
                                        }
                                    }
                                ]
                            }
                        ]
                    }
                ]
            },
            "bepetted": {
                "sequence": [
                    {
                        "randomize": [
                            {
                                "weight": 13
                            },
                            {
                                "weight": 1
                            },
                            {
                                "weight": 1,
                                "queue_command": {
                                    "command": [
                                        "playanimation @s animation.billeys_mobs.cat.petted"
                                    ]
                                }
                            }
                        ]
                    },
                    {
                        "queue_command": {
                            "target": "other",
                            "command": [
                                "playanimation @s animation.billeys_mobsplayer.pet"
                            ]
                        }
                    },
                    {
                        "randomize": [
                            {
                                "weight": 1
                            },
                            {
                                "weight": 99
                            },
                            {
                                "weight": 3,
                                "queue_command": {
                                    "command": [
                                        "effect @s resistance 10 1 true"
                                    ]
                                }
                            },
                            {
                                "weight": 3,
                                "queue_command": {
                                    "command": [
                                        "effect @s fire_resistance 10 1 true"
                                    ]
                                }
                            },
                            {
                                "weight": 3,
                                "queue_command": {
                                    "command": [
                                        "effect @s strength 10 1 true"
                                    ]
                                }
                            },
                            {
                                "weight": 3,
                                "queue_command": {
                                    "command": [
                                        "effect @s water_breathing 30 0 true"
                                    ]
                                }
                            },
                            {
                                "weight": 3,
                                "queue_command": {
                                    "command": [
                                        "effect @s speed 10 1 true"
                                    ]
                                }
                            },
                            {
                                "weight": 1,
                                "queue_command": {
                                    "command": [
                                        "effect @s levitation 1 1 true",
                                        "effect @s regeneration 30 1 true"
                                    ]
                                }
                            },
                            {
                                "weight": 1,
                                "queue_command": {
                                    "command": [
                                        "effect @s speed 1 0"
                                    ]
                                }
                            }
                        ]
                    }
                ]
            },
            "kroma": {
                "add": {
                    "component_groups": [
                        "kromatik"
                    ]
                }
            },
            "nokroma": {
                "remove": {
                    "component_groups": [
                        "kromatik"
                    ]
                }
            },
            "minecraft:entity_spawned": {
                "randomize": [
                    {
                        "weight": 9,
                        "add": {
                            "component_groups": [
                                "minecraft:orca_adult",
                                "minecraft:orca_swimming_navigation",
                                "wild"
                            ]
                        }
                    },
                    {
                        "weight": 1,
                        "add": {
                            "component_groups": [
                                "minecraft:orca_baby",
                                "minecraft:orca_swimming_navigation",
                                "wild"
                            ]
                        }
                    }
                ]
            },
            "minecraft:ageable_grow_up": {
                "remove": {
                    "component_groups": [
                        "minecraft:orca_baby"
                    ]
                },
                "add": {
                    "component_groups": [
                        "minecraft:orca_adult",
                        "hungry"
                    ]
                }
            },
            "billey:pet_target_acquired": {
                "add": {
                    "component_groups": [
                        "minecraft:orca_angry"
                    ]
                }
            },
            "billey:pet_target_escape": {
                "remove": {
                    "component_groups": [
                        "minecraft:orca_angry"
                    ]
                }
            },
            "minecraft:stop_dryingout": {
                "remove": {
                    "component_groups": [
                        "minecraft:orca_on_land",
                        "minecraft:orca_dried"
                    ]
                },
                "add": {
                    "component_groups": [
                        "minecraft:orca_on_land_in_rain"
                    ]
                }
            },
            "minecraft:start_dryingout": {
                "remove": {
                    "component_groups": [
                        "minecraft:orca_on_land_in_rain"
                    ]
                },
                "add": {
                    "component_groups": [
                        "minecraft:orca_on_land"
                    ]
                }
            },
            "minecraft:dried_out": {
                "add": {
                    "component_groups": [
                        "minecraft:orca_dried"
                    ]
                }
            },
            "minecraft:navigation_on_land": {
                "add": {
                    "component_groups": [
                        "minecraft:orca_on_land"
                    ]
                },
                "remove": {
                    "component_groups": [
                        "minecraft:orca_swimming_navigation"
                    ]
                }
            },
            "minecraft:navigation_off_land": {
                "add": {
                    "component_groups": [
                        "minecraft:orca_swimming_navigation"
                    ]
                },
                "remove": {
                    "component_groups": [
                        "minecraft:orca_on_land_in_rain",
                        "minecraft:orca_on_land",
                        "minecraft:orca_dried"
                    ]
                }
            },
            "yay": {
                "remove": {
                    "component_groups": [
                        "wild"
                    ]
                },
                "add": {
                    "component_groups": [
                        "tamed"
                    ]
                }
            },
            "minecraft:on_leash": {
                "add": {
                    "component_groups": [
                        "minecraft:cat_leashed"
                    ]
                }
            },
            "minecraft:on_unleash": {
                "remove": {
                    "component_groups": [
                        "minecraft:cat_leashed"
                    ]
                }
            },
            "die": {
                "add": {
                    "component_groups": [
                        "dead"
                    ]
                }
            }
        }
    }
}