{
	"format_version": "1.8.0",
	"minecraft:entity": {
		"description": {
			"identifier": "billey:swordfish",
			"runtime_identifier": "minecraft:cod",
			"is_spawnable": true,
			"is_summonable": true,
			"is_experimental": false,
			"scripts": {
				"animate": [
					"check_beta_apis",
					{
						"rainbow_effects": "q.is_illager_captain"
					},
					{
						"info": "!q.is_tamed"
					},
					"tame"
				]
			},
			"animations": {
				"check_beta_apis": "animation.billeys_mobs.check_beta_apis",
				"rainbow_effects": "animation.billeys_mobs.rainbow_effects",
				"stand_up_when_hit": "controller.animation.billeys_mobs.stand_up_when_hit",
				"info": "animation.billeys_mobs.info.swordfish",
				"tame": "controller.animation.billeys_mobs.tame"
			},
            
            "properties": {
                "billey:in_tank": {
                    "client_sync": true,
                    "type": "bool",
                    "default": false
                },
                "billey:is_billey_mob": {
                    "client_sync": true,
                    "type": "bool",
                    "default": true
                },
                "billey:head_equipment_color": {
                    "client_sync": true,
                    "type": "int",
                    "range": [
                        0,
                        15
                    ],
                    "default": 0
                },
                //pets' leg slot is used for bowties
                "billey:legs_equipment_color": {
                    "client_sync": true,
                    "type": "int",
                    "range": [
                        0,
                        15
                    ],
                    "default": 0
                },
                "billey:chest_equipment_color": {
                    "client_sync": true,
                    "type": "int",
                    "range": [
                        0,
                        15
                    ],
                    "default": 0
                },
                "billey:feet_equipment_color": {
                    "client_sync": true,
                    "type": "int",
                    "range": [
                        0,
                        15
                    ],
                    "default": 0
                },
                "billey:body_equipment_color": {
                    "client_sync": true,
                    "type": "int",
                    "range": [
                        0,
                        15
                    ],
                    "default": 0
                }
            }
		},
		"component_groups": {
			"tamed_component": {
				"minecraft:is_tamed": {}
			},
			"untamed": { /*This is just for ones untamed by the untaming stick.
The real tame items of this mob are in the wild component group*/
				"minecraft:tameable": {
					"probability": 1.0,
					"tame_event": {
						"event": "tamed_yay"
					},
					"tame_items": [
						"billey:power_banana",
						"billey:raw_catfish",
						"billey:bettafish",
						"billey:pizzapiece",
						"salmon",
						"fish",
						"rotten_flesh",
						"wheat_seeds",
						"melon_seeds",
						"carrot",
						"beetroot_seeds",
						"pumpkin_seeds",
						"chicken",
						"billey:raw_hamster",
						"billey:poultry_orange",
						"billey:raw_snail",
						"billey:raw_snail_s",
						"billey:raw_snail_w",
						"billey:raw_piranha",
						"bread",
						"apple",
						"fermented_spider_eye",
						"spider_eye",
						"string"
					]
				}
			},
			"electrocuted": {
				"minecraft:loot": {
					"table": "loot_tables/entities/billey_electrocuted.json"
				}
			},
			"following": {
				"minecraft:behavior.follow_owner": {
					"can_teleport": false,
					"priority": 4,
					"speed_multiplier": 1.25,
					"start_distance": 7,
					"stop_distance": 5
				}
			},
			"kromatik": {
				"minecraft:is_illager_captain": {}
			},
			"dropcooked": {
				"minecraft:loot": {
					"table": "loot_tables/entities/billeyswordcooked.json"
				}
			},
			"hasbeenkilled": {
				"minecraft:health": {
					"value": 0,
					"max": 0
				}
			},
			"alive": {
				"minecraft:experience_reward": {
					"on_bred": "Math.Random(1,7)",
					"on_death": "q.last_hit_by_player ? Math.Random(1,3) : 0"
				},
				"minecraft:scale": {
					"value": 1.3
				},
				"minecraft:health": {
					"value": 10,
					"max": 10
				},
				"minecraft:damage_sensor": [
					{
						"on_damage": {
							"filters": {
								"all_of": [
									{
										"test": "is_owner",
										"subject": "other",
										"value": true
									},
									{
										"test": "has_tag",
										"subject": "other",
										"operator": "not",
										"value": "billey:can_hit_own_pet"
									}
								]
							},
							"event": "say_owner_hit_pet_info"
						},
						"cause": "all",
						"deals_damage": false
					},
					{
						"on_damage": {
							"filters": {
								"all_of": [
									{
										"test": "has_component",
										"subject": "self",
										"value": "minecraft:is_tamed"
									},
									{
										"test": "is_owner",
										"subject": "other",
										"value": false
									},
									{
										"test": "has_tag",
										"subject": "other",
										"value": "billey:cant_hit_other_pet"
									}
								]
							},
							"event": "say_other_hit_pet_info"
						},
						"cause": "all",
						"deals_damage": false
					},
					{
						"cause": "all",
						"deals_damage": false,
						"on_damage_sound_event": "armor.equip_generic",
						"on_damage": {
							"event": "destroy_head_equipment",
							"target": "self",
							"filters": {
								"all_of": [
									{
										"test": "has_damage",
										"value": "fatal"
									},
									{
										"test": "has_equipment",
										"value": "billey:pet_hat",
										"domain": "head"
									}
								]
							}
						}
					},
					{
						"on_damage": {
							"filters": {
								"test": "has_equipment",
								"subject": "other",
								"domain": "hand",
								"value": "billey:golden_swordfish"
							},
							"event": "dropcook"
						},
						"damage_multiplier": 0
					},
					{
						"on_damage": {
							"filters": {
								"test": "has_equipment",
								"subject": "other",
								"domain": "hand",
								"value": "billey:swordfish"
							}
						},
						"damage_multiplier": 2.333
					},
					{
						"on_damage": {
							"filters": {
								"all_of": [
									{
										"any_of": [
											{
												"test": "is_family",
												"subject": "other",
												"value": "eatscod"
											},
											{
												"test": "is_family",
												"subject": "other",
												"value": "piranha"
											}
										]
									},
									{
										"test": "has_damage",
										"value": "fatal"
									}
								]
							},
							"event": "minecraft:die1"
						},
						"deals_damage": false
					}
				]
			},
			"eaten1": {
				"minecraft:scale": {
					"value": 0.53
				},
				"minecraft:health": {
					"value": 23,
					"max": 23
				},
				"minecraft:timer": {
					"time": [
						0.05,
						0.05
					],
					"looping": false,
					"time_down_event": {
						"event": "minecraft:die2",
						"target": "self"
					}
				},
				"minecraft:loot": {
					"table": "loot_tables/empty.json"
				}
			},
			"eaten2": {
				"minecraft:scale": {
					"value": 0.45
				},
				"minecraft:health": {
					"value": 23,
					"max": 23
				},
				"minecraft:timer": {
					"time": [
						0.05,
						0.05
					],
					"looping": false,
					"time_down_event": {
						"event": "minecraft:die3",
						"target": "self"
					}
				},
				"minecraft:loot": {
					"table": "loot_tables/empty.json"
				}
			},
			"eaten3": {
				"minecraft:scale": {
					"value": 0.37
				},
				"minecraft:health": {
					"value": 23,
					"max": 23
				},
				"minecraft:timer": {
					"time": [
						0.05,
						0.05
					],
					"looping": false,
					"time_down_event": {
						"event": "minecraft:die4",
						"target": "self"
					}
				},
				"minecraft:loot": {
					"table": "loot_tables/empty.json"
				}
			},
			"eaten4": {
				"minecraft:scale": {
					"value": 0.23
				},
				"minecraft:health": {
					"value": 23,
					"max": 23
				},
				"minecraft:timer": {
					"time": [
						0.05,
						0.05
					],
					"looping": false,
					"time_down_event": {
						"event": "minecraft:die5",
						"target": "self"
					}
				},
				"minecraft:loot": {
					"table": "loot_tables/empty.json"
				}
			},
			"eaten5": {
				"minecraft:scale": {
					"value": 0.14
				},
				"minecraft:health": {
					"value": 23,
					"max": 23
				},
				"minecraft:timer": {
					"time": [
						0.05,
						0.05
					],
					"looping": false,
					"time_down_event": {
						"event": "minecraft:die6",
						"target": "self"
					}
				},
				"minecraft:loot": {
					"table": "loot_tables/empty.json"
				}
			},
			"eaten6": {
				"minecraft:scale": {
					"value": 0.07
				},
				"minecraft:health": {
					"value": 23,
					"max": 23
				},
				"minecraft:timer": {
					"time": [
						0.05,
						0.05
					],
					"looping": false,
					"time_down_event": {
						"event": "minecraft:die7",
						"target": "self"
					}
				},
				"minecraft:loot": {
					"table": "loot_tables/empty.json"
				}
			},
			"die": {
				"minecraft:scale": {
					"value": 0
				},
				"minecraft:health": {
					"value": 1,
					"max": 1
				},
				"minecraft:loot": {
					"table": "loot_tables/empty.json"
				},
				"minecraft:transformation": {
					"into": "billey:despawn",
					"delay": 0.01
				}
			} /*,
            "variant1": {
               "minecraft:variant": {
                   "value": 0
              }
           },
            "variant2": {
               "minecraft:variant": {
                   "value": 1
              }
           },
            "variant3": {
               "minecraft:variant": {
                   "value": 2
              }
           },
           //golden swordfish
            "variant4": {
               "minecraft:variant": {
                   "value": 3
              },
				"minecraft:damage_sensor":{ "triggers": [{
					"on_damage": {
						"filters": {
							"test": "is_family",
							"subject": "other",
							"value": "player"
						},
						"event": "minecraft:die7"
					},
					"deals_damage": false
				}],
				"minecraft:loot": {
					"table": "loot_tables/entities/prizesmall.json"
				},
                   "minecraft:scale": {
					"value": 0.2
				   } 
             
           },
            "variant5": {
               "minecraft:variant": {
                   "value": 4
              }
           },
            "variant6": {
               "minecraft:variant": {
                   "value": 5
              }
           },
            "variant7": {
               "minecraft:variant": {
                   "value": 6
              }
           }*/,
			"wild": {
				"minecraft:shareables": {
					"all_items": false,
					"all_items_max_amount": 1,
					"items": [
						{
							"item": "minecraft:chicken",
							"priority": 0,
							"max_amount": 1
						},
						{
							"item": "minecraft:clownfish",
							"priority": 0,
							"max_amount": 1
						},
						{
							"item": "minecraft:fish",
							"priority": 0,
							"max_amount": 1
						},
						{
							"item": "minecraft:rotten_flesh",
							"priority": 0,
							"max_amount": 1
						},
						{
							"item": "minecraft:salmon",
							"priority": 0,
							"max_amount": 1
						},
						{
							"item": "billey:swordmeat",
							"priority": 0,
							"max_amount": 1
						},
						{
							"item": "billey:swordcooked",
							"priority": 0,
							"max_amount": 1
						},
						{
							"item": "minecraft:bone",
							"priority": 1,
							"max_amount": 1
						},
						{
							"item": "minecraft:feather",
							"priority": 1,
							"max_amount": 1
						},
						{
							"item": "minecraft:dye", //ink sac
							"priority": 1,
							"max_amount": 1
						},
						{
							"item": "billey:shark_tooth",
							"priority": 1,
							"max_amount": 1
						},
						{
							"item": "billey:shark_scales",
							"priority": 1,
							"max_amount": 1
						},
						{
							"item": "billey:swordfin",
							"priority": 1,
							"max_amount": 1
						},
						{
							"item": "billey:swordtail",
							"priority": 1,
							"max_amount": 1
						},
						{
							"item": "billey:swordstick",
							"priority": 1,
							"max_amount": 1
						},
						{
							"item": "billey:anglerlight",
							"priority": 1,
							"max_amount": 1
						},
						{
							"item": "billey:betta_fish",
							"priority": 0,
							"max_amount": 1
						},
						{
							"item": "billey:raw_catfish",
							"priority": 0,
							"max_amount": 1
						},
						{
							"item": "billey:pizzapiece",
							"priority": 0,
							"max_amount": 1
						},
						{
							"item": "billey:raw_piranha",
							"priority": 0,
							"max_amount": 1
						}
					]
				},
				"minecraft:behavior.eat_carried_item": {
					"priority": 4,
					"delay_before_eating": 0
				},
				"minecraft:behavior.pickup_items": {
					"priority": 0,
					"max_dist": 10,
					"goal_radius": 2,
					"speed_multiplier": 1.1
				},
				"minecraft:behavior.equip_item": {
					"priority": 2
				},
				"minecraft:despawn": {
					"despawn_from_distance": {}
				},
				"minecraft:type_family": {
					"family": [
						"swordfish",
						"eatscod",
						"eatsangler",
						"wildswordfish",
						"mob"
					]
				},
				"minecraft:tameable": {
					"probability": 0.69420666,
					"tame_items": [
						"billey:power_banana",
						"billey:pizzapiece"
					],
					"tame_event": {
						"event": "tamed_yay",
						"target": "self"
					}
				},
				"minecraft:behavior.nearest_attackable_target": {
					"priority": 4,
					"attack_interval": 100,
					"entity_types": [
						{
							"filters": {
								"test": "is_family",
								"subject": "other",
								"value": "anglerfish_boost"
							},
							"max_dist": 127,
							"must_see": false
						},
						{
							"filters": {
								"any_of": [
									{
										"test": "is_family",
										"subject": "other",
										"value": "wildangler"
									},
									{
										"test": "is_family",
										"subject": "other",
										"value": "wildcod"
									}
								]
							},
							"max_dist": 13
						},
						{
							"filters": {
								"any_of": [
									{
										"test": "is_family",
										"subject": "other",
										"value": "monster"
									}
								]
							},
							"max_dist": 4
						}
					],
					"must_see": true
				}
			},
			"tamed": {
				"minecraft:behavior.owner_hurt_by_target": {
					"priority": 1,
					"entity_types": {
						"filters": {
							"test": "has_tag",
							"subject": "self",
							"value": "billey:brave"
						}
					}
				},
				"minecraft:behavior.owner_hurt_target": {
					"priority": 2,
					"entity_types": {
						"max_dist": 127,
						"filters": {
							"test": "has_tag",
							"subject": "self",
							"value": "billey:brave"
						}
					}
				},
				"minecraft:persistent": {},
				"minecraft:leashable": {
					"soft_distance": 6.0,
					"hard_distance": 8.0,
					"max_distance": 12.0
				},
				"minecraft:healable": {
					"items": [
						{
							"item": "billey:poultry_orange",
							"heal_amount": 7
						},
						{
							"item": "billey:cooked_snail",
							"heal_amount": 4,
							"effects": [
								{
									"name": "strength",
									"chance": 1.0,
									"duration": 15,
									"amplifier": 1
								}
							]
						},
						{
							"item": "billey:cooked_snail_s",
							"heal_amount": 4,
							"effects": [
								{
									"name": "speed",
									"chance": 1.0,
									"duration": 15,
									"amplifier": 1
								}
							]
						},
						{
							"item": "billey:cooked_snail_w",
							"heal_amount": 4,
							"effects": [
								{
									"name": "regeneration",
									"chance": 1.0,
									"duration": 15,
									"amplifier": 1
								}
							]
						},
						{
							"item": "billey:pizzapiece",
							"heal_amount": 4
						}
					]
				},
				"minecraft:behavior.avoid_mob_type": {
					"priority": 0,
					"max_flee": 16,
					"entity_types": [
						{
							"filters": {
								"test": "has_component",
								"subject": "other",
								"value": "minecraft:explode"
							},
							"max_dist": 12,
							"walk_speed_multiplier": 1.4,
							"sprint_speed_multiplier": 1.4
						}
					]
				},
				"minecraft:is_tamed": {},
				"minecraft:tameable": {}, //for the script to be able to get the mob's owner
				"minecraft:type_family": {
					"family": [
						"swordfish",
						"eatscod",
						"eatsangler",
						"mob"
					]
				},
				"minecraft:behavior.nearest_attackable_target": {
					"priority": 2,
					"entity_types": [
						{
							"filters": {
								"test": "is_family",
								"subject": "other",
								"value": "anglerfish_boost"
							},
							"max_dist": 127,
							"must_see": false
						},
						{
							"filters": {
								"any_of": [
									{
										"test": "is_family",
										"subject": "other",
										"value": "wildangler"
									},
									{
										"test": "is_family",
										"subject": "other",
										"value": "wildcod"
									}
								]
							},
							"max_dist": 13
						},
						{
							"filters": {
								"any_of": [
									{
										"test": "is_family",
										"subject": "other",
										"value": "monster"
									}
								]
							},
							"max_dist": 4
						}
					],
					"must_see": true
				}
			}
		},
		"components": {
            "minecraft:environment_sensor": {
                "triggers": [
                    {
                        "event": "exit_fish_tank",
                        "target": "self",
                        "filters": [
                            {
                                "test": "is_riding",
                                "subject": "self",
                                "value": false
                            },
                            {
                                "test": "bool_property",
                                "subject": "self",
                                "domain": "billey:in_tank",
                                "value": true
                            }
                        ]
                    }
                ]
            },
            "minecraft:block_sensor": {
                "sensor_radius": 0,
                "on_break": [{
                    "block_list": [
                        "billey:fish_tank"
                    ],
                    "on_block_broken": "exit_fish_tank"
                }]
            },
			"minecraft:is_hidden_when_invisible": {},
			"minecraft:collision_box": {
				"width": 0.6,
				"height": 0.4
			},
			"minecraft:loot": {
				"table": "loot_tables/entities/billeyswordfish.json"
			},
			"minecraft:breathable": {
				"total_supply": 15,
				"suffocate_time": 0,
				"breathes_air": false,
				"breathes_water": true
			},
			"minecraft:movement": {
				"value": 0.2
			},
			"minecraft:underwater_movement": {
				"value": 0.1
			},
			"minecraft:navigation.generic": { // Allows the mob to go through water
				"is_amphibious": false,
				"can_path_over_water": false,
				"can_swim": true,
				"can_walk": false,
				"can_breach": false,
				"can_sink": false
			},
			"minecraft:movement.sway": {
				"sway_amplitude": 0.0
			},
			"minecraft:physics": {
				"has_gravity": false
			},
			"minecraft:pushable": {
				"is_pushable": true,
				"is_pushable_by_piston": true
			},
			"minecraft:behavior.swim_idle": {
				"priority": 5
			},
			"minecraft:interact": [
				{
					"play_sounds": "plop",
					"swing": true,
					"interact_text": "action.interact.get_info",
					"on_interact": {
						"filters": {
							"any_of": [
								{
									"test": "has_equipment",
									"subject": "other",
									"domain": "hand",
									"value": "feather"
								},
								{
									"test": "has_equipment",
									"subject": "other",
									"domain": "hand",
									"value": "book"
								}
							]
						},
						"event": "send_info",
						"target": "self"
					}
				},
				{
					"play_sounds": "plop",
					"swing": true,
					"interact_text": "action.interact.untame",
					"on_interact": {
						"filters": {
							"all_of": [
								{
									"test": "has_equipment",
									"subject": "other",
									"domain": "hand",
									"value": "billey:untaming_stick"
								},
								{
									"test": "is_family",
									"subject": "other",
									"value": "player"
								},
								{
									"test": "is_owner",
									"subject": "other",
									"value": true
								}
							]
						},
						"event": "untame",
						"target": "self"
					}
				},
				{
					"interact_text": "action.interact.pet",
					"on_interact": {
						"filters": {
							"all_of": [
								{
									"test": "has_equipment",
									"subject": "other",
									"domain": "hand",
									"operator": "!=",
									"value": "billey:swordfish"
								},
								{
									"test": "has_equipment",
									"subject": "other",
									"domain": "hand",
									"operator": "!=",
									"value": "billey:golden_swordfish"
								},
								{
									"test": "is_family",
									"subject": "other",
									"value": "player"
								},
								{
									"test": "is_sleeping",
									"subject": "self",
									"value": false
								},
								{
									"test": "is_sneaking",
									"subject": "other",
									"value": true
								}
							]
						},
						"event": "bepetted",
						"target": "self"
					}
				},
				{
					"use_item": true,
					"play_sounds": "eat",
					"interact_text": "action.interact.feed",
					"on_interact": {
						"filters": {
							"all_of": [
								{
									"test": "has_equipment",
									"subject": "other",
									"domain": "hand",
									"value": "billey:sand_banana"
								},
								{
									"test": "is_family",
									"subject": "other",
									"value": "player"
								}
							]
						},
						"event": "beenfedabanana",
						"target": "self"
					}
				},
				{
					"use_item": true,
					"play_sounds": "milk",
					"interact_text": "action.interact.use",
					"transform_to_item": "glass_bottle",
					"on_interact": {
						"filters": {
							"all_of": [
								{
									"test": "has_equipment",
									"subject": "other",
									"domain": "hand",
									"value": "billey:colorful_bottle"
								},
								{
									"test": "is_family",
									"subject": "other",
									"value": "player"
								},
								{
									"test": "is_owner",
									"subject": "other",
									"value": true
								}
							]
						},
						"event": "kroma",
						"target": "self"
					}
				},
				{
					"use_item": true,
					"play_sounds": "milk",
					"interact_text": "action.interact.use",
					"transform_to_item": "glass_bottle",
					"on_interact": {
						"filters": {
							"all_of": [
								{
									"test": "has_equipment",
									"subject": "other",
									"domain": "hand",
									"value": "billey:colorless_bottle"
								},
								{
									"test": "is_family",
									"subject": "other",
									"value": "player"
								},
								{
									"test": "is_owner",
									"subject": "other",
									"value": true
								}
							]
						},
						"event": "nokroma",
						"target": "self"
					}
				},
				{
					"play_sounds": "plop",
					"swing": true,
					"interact_text": "action.interact.wander",
					"on_interact": {
						"filters": {
							"all_of": [
								{
									"test": "has_equipment",
									"subject": "other",
									"domain": "hand",
									"value": "stick"
								},
								{
									"test": "has_component",
									"subject": "self",
									"value": "minecraft:behavior.follow_owner"
								},
								{
									"test": "is_family",
									"subject": "other",
									"value": "player"
								},
								{
									"test": "is_owner",
									"subject": "other",
									"value": true
								}
							]
						},
						"event": "eventwander",
						"target": "self"
					}
				},
				{
					"play_sounds": "plop",
					"swing": true,
					"interact_text": "action.interact.follow",
					"on_interact": {
						"filters": {
							"all_of": [
								{
									"test": "has_equipment",
									"subject": "other",
									"domain": "hand",
									"value": "stick"
								},
								{
									"test": "has_component",
									"subject": "self",
									"operator": "not",
									"value": "minecraft:behavior.follow_owner"
								},
								{
									"test": "is_family",
									"subject": "other",
									"value": "player"
								},
								{
									"test": "is_owner",
									"subject": "other",
									"value": true
								}
							]
						},
						"event": "eventfollow",
						"target": "self"
					}
				}
			],
			"minecraft:behavior.random_swim": { // Randomly selects points to go to, even in water
				"speed_multiplier": 1.0,
				"priority": 3,
				"xz_dist": 16,
				"y_dist": 4,
				"interval": 0
			},
			"minecraft:behavior.swim_wander": {
				"priority": 4,
				"speed_multiplier": 0.014,
				"interval": 60
			},
			"minecraft:behavior.hurt_by_target": {
				"priority": 2
			},
			"minecraft:attack": {
				"damage": 12,
				"effect_name": "poison",
				"effect_duration": 15
			},
			"minecraft:behavior.melee_attack": {
				"require_complete_path": true,
				"priority": 2,
				"speed_multiplier": 2,
				"track_target": true
			},
			"minecraft:nameable": {},
			"minecraft:on_target_acquired": {
				"event": "billey:pet_target_acquired",
				"target": "self"
			},
			"minecraft:on_target_escape": {
				"event": "billey:pet_target_escape",
				"target": "self"
			}
		},
		"events": {
            "enter_fish_tank": {
                "set_property": {
                    "billey:in_tank": true
                }
            },
            "exit_fish_tank": {
                "set_property": {
                    "billey:in_tank": false
                }
            },
            "reset_target": {
                "reset_target": {}
            },
			"billey:pet_target_acquired": {},
			"billey:pet_target_escape": {},
			"destroy_head_equipment": {
				"queue_command": {
					"command": "scriptevent billey:destroy_pet_head_equipment"
				}
			},
			"say_owner_hit_pet_info": {
				"queue_command": {
					"target": "other",
					"command": [
						"titleraw @s actionbar {\"rawtext\":[{\"translate\":\"chat.billeys_mobs.owner_hit_pet\"}]}",
						"tellraw @s[tag=!billey:has_hurt_own_pet] {\"rawtext\":[{\"translate\":\"ui.billeys_mobs.info.owner_hit_pet\"}]}",
						"tag @s add billey:has_hurt_own_pet"
					]
				}
			},
			"say_other_hit_pet_info": {
				"queue_command": {
					"target": "other",
					"command": "titleraw @s actionbar {\"rawtext\":[{\"translate\":\"chat.billeys_mobs.other_hit_pet\"}]}"
				}
			},
			"add_sittable": {
				"add": {
					"component_groups": [
						"sittable"
					]
				}
			},
			"remove_sittable": {
				"remove": {
					"component_groups": [
						"sittable"
					]
				}
			},
			"send_info": {
				"queue_command": {
					"target": "other",
					"command": [
						"tellraw @s {\"rawtext\":[{\"text\":\"\\n\"}]}",
						"tellraw @s {\"rawtext\":[{\"translate\":\"ui.billeys_mobs.info.swordfish\",\"with\":[\"\\n\"]},{\"text\": \"\\n\"},{\"text\": \"\\n\"},{\"translate\":\"ui.billeys_mobs.info.formore\"}]}",
						"tellraw @s {\"rawtext\":[{\"text\":\"\\n\"}]}"
					]
				}
			},
			"untame": {
				"sequence": [
					{
						"queue_command": {
							"command": [
								"playsound random.orb @a ~~~ 1.00 0.8 0.5",
								"tellraw @a[r=5] {\"rawtext\": [{\"translate\": \"billmobs.untame\"},{\"selector\": \"@s\"}, {\"translate\": \"billmobs.untame2\"}] }"
							]
						}
					},
					{
						"remove": {
							"component_groups": [
								"tamed_component"
							]
						},
						"add": {
							"component_groups": [
								"untamed"
							]
						}
					}
				]
			},
			"get_electrocuted": {
				"add": {
					"component_groups": [
						"electrocuted"
					]
				}
			},
			"eventwander": {
				"sequence": [
					{
						"remove": {
							"component_groups": [
								"following"
							]
						}
					},
					{
						"queue_command": {
							"command": [
								"tellraw @a[r=5] {\"rawtext\": [{\"translate\": \"billmobs.wander\"},{\"selector\": \"@s\"}, {\"translate\": \"billmobs.wander2\"}] }"
							]
						}
					}
				]
			},
			"eventfollow": {
				"sequence": [
					{
						"add": {
							"component_groups": [
								"following"
							]
						}
					},
					{
						"queue_command": {
							"command": [
								"tellraw @a[r=5] {\"rawtext\": [{\"translate\": \"billmobs.follow\"},{\"selector\": \"@s\"}, {\"translate\": \"billmobs.follow2\"}] }"
							]
						}
					}
				]
			},
			"blackstripehat": {
				"queue_command": {
					"command": [
						"replaceitem entity @s slot.armor.head 0 minecraft:dried_kelp"
					]
				}
			},
			"dropcook": {
				"sequence": [
					{
						"add": {
							"component_groups": [
								"dropcooked"
							]
						}
					},
					{
						"filters": {
							"none_of": [
								{
									"test": "has_component",
									"value": "is_tamed"
								}
							]
						},
						"add": {
							"component_groups": [
								"hasbeenkilled"
							]
						}
					}
				]
			},
			"beenfedabanana": {
				"sequence": [
					{
						"queue_command": {
							"command": [
								"particle billey:eatbanana ~ ~.5 ~"
							]
						}
					},
					{
						"randomize": [
							{
								"weight": 8,
								"queue_command": {
									"command": [
										"effect @s regeneration 7 1"
									]
								}
							},
							{
								"weight": 4,
								"queue_command": {
									"command": [
										"effect @s regeneration 10"
									]
								}
							},
							{
								"weight": 4,
								"queue_command": {
									"command": [
										"effect @s speed 10"
									]
								}
							},
							{
								"weight": 4,
								"queue_command": {
									"command": [
										"effect @s absorption 10"
									]
								}
							},
							{
								"weight": 4,
								"queue_command": {
									"command": [
										"effect @s resistance 10"
									]
								}
							},
							{
								"weight": 4,
								"queue_command": {
									"command": [
										"effect @s strength 10"
									]
								}
							},
							{
								"weight": 4,
								"queue_command": {
									"command": [
										"effect @s water_breathing 10"
									]
								}
							},
							{
								"weight": 4,
								"queue_command": {
									"command": [
										"effect @s fire_resistance 10"
									]
								}
							},
							{
								"weight": 1,
								"sequence": [
									{
										"queue_command": {
											"command": [
												"effect @s levitation 1 0 true"
											]
										}
									},
									{
										"queue_command": {
											"target": "other",
											"command": [
												"effect @s levitation 1 0 true"
											]
										}
									}
								]
							}
						]
					}
				]
			},
			"bepetted": {
				"sequence": [
					{
						"randomize": [
							{
								"weight": 13
							},
							{
								"weight": 1
							},
							{
								"weight": 1,
								"queue_command": {
									"command": [
										"playanimation @s animation.billeys_mobs.cat.petted"
									]
								}
							}
						]
					},
					{
						"queue_command": {
							"target": "other",
							"command": [
								"playanimation @s animation.billeys_mobsplayer.pet"
							]
						}
					},
					{
						"randomize": [
							{
								"weight": 1
							},
							{
								"weight": 99
							},
							{
								"weight": 3,
								"queue_command": {
									"command": [
										"effect @s resistance 10 1 true"
									]
								}
							},
							{
								"weight": 3,
								"queue_command": {
									"command": [
										"effect @s fire_resistance 10 1 true"
									]
								}
							},
							{
								"weight": 3,
								"queue_command": {
									"command": [
										"effect @s strength 10 1 true"
									]
								}
							},
							{
								"weight": 3,
								"queue_command": {
									"command": [
										"effect @s water_breathing 30 0 true"
									]
								}
							},
							{
								"weight": 3,
								"queue_command": {
									"command": [
										"effect @s speed 10 1 true"
									]
								}
							},
							{
								"weight": 1,
								"queue_command": {
									"command": [
										"effect @s levitation 1 1 true",
										"effect @s regeneration 30 1 true"
									]
								}
							},
							{
								"weight": 1,
								"queue_command": {
									"command": [
										"effect @s speed 1 0"
									]
								}
							}
						]
					}
				]
			},
			"kroma": {
				"add": {
					"component_groups": [
						"kromatik"
					]
				}
			},
			"nokroma": {
				"remove": {
					"component_groups": [
						"kromatik"
					]
				}
			},
			"minecraft:entity_spawned": {
				"randomize": [
					{
						"weight": 1,
						"add": {
							"component_groups": [
								"alive",
								"dry",
								"wild"
							]
						}
					} /*,
          {
            "weight": 100,
            "add": {
              "component_groups": [ "alive", "dry", "variant1" ]
            }
          },
          {
            "weight": 50,
            "add": {
              "component_groups": [ "alive", "dry", "variant2" ]
            }
          },
          {
            "weight": 50,
            "add": {
              "component_groups": [ "alive", "dry", "variant3" ]
            }
          },
          {
            "weight": 5,
            "add": {
              "component_groups": [ "dry", "variant4" ]
            }
          },
          {
            "weight": 50,
            "add": {
              "component_groups": [ "alive", "dry", "variant5" ]
            }
          },
          {
            "weight": 50,
            "add": {
              "component_groups": [ "alive", "dry", "variant6" ]
            }
          },
          {
            "weight": 50,
            "add": {
              "component_groups": [ "alive", "dry", "variant7" ]
            }
          } */
				]
			},
			"become_wet": {
				"add": {
					"component_groups": [
						"wet"
					]
				},
				"remove": {
					"component_groups": [
						"dry"
					]
				}
			},
			"become_dry": {
				"add": {
					"component_groups": [
						"dry"
					]
				},
				"remove": {
					"component_groups": [
						"wet"
					]
				}
			},
			"minecraft:die1": {
				"add": {
					"component_groups": [
						"eaten1"
					]
				},
				"remove": {
					"component_groups": [
						"alive"
					]
				}
			},
			"minecraft:die2": {
				"add": {
					"component_groups": [
						"eaten2"
					]
				},
				"remove": {
					"component_groups": [
						"eaten1"
					]
				}
			},
			"minecraft:die3": {
				"add": {
					"component_groups": [
						"eaten3"
					]
				},
				"remove": {
					"component_groups": [
						"eaten2"
					]
				}
			},
			"minecraft:die4": {
				"add": {
					"component_groups": [
						"eaten4"
					]
				},
				"remove": {
					"component_groups": [
						"eaten3"
					]
				}
			},
			"minecraft:die5": {
				"add": {
					"component_groups": [
						"eaten5"
					]
				},
				"remove": {
					"component_groups": [
						"eaten4"
					]
				}
			},
			"minecraft:die6": {
				"add": {
					"component_groups": [
						"eaten6"
					]
				},
				"remove": {
					"component_groups": [
						"eaten5"
					]
				}
			},
			"minecraft:die7": {
				"add": {
					"component_groups": [
						"die"
					]
				},
				"remove": {
					"component_groups": [
						"eaten6"
					]
				}
			},
			"tamed_yay": {
				"add": {
					"component_groups": [
						"tamed"
					]
				},
				"remove": {
					"component_groups": [
						"wild"
					]
				}
			}
		}
	}
}