{
  "format_version": "1.21.30",
  "minecraft:item": {
    "description": {
      "identifier": "billey:power_banana",
      "menu_category": {
        "category": "equipment",
        "group": "itemGroup.name.miscFood"
      }
    },
    "components": {
      "minecraft:tags": {
        "tags": [
          "minecraft:is_food"
        ]
      },
      "minecraft:max_stack_size": {
        "value": 64
      },
      "minecraft:use_modifiers": {
        "use_duration": 1.0,
        "movement_modifier": 0.35
      },
      "minecraft:use_animation": {
        "value": "eat"
      },
      "minecraft:icon": {
        "textures": {
          "default": "billeybananaenc"
        }
      },
      "minecraft:food": {
        "nutrition": 12,
        "saturation_modifier": 2.4, //supernatural
        "can_always_eat": true
      },
      "minecraft:rarity": {
        "value": "rare"
      }
    }
    //eating effects, if any, were done with scripts.
  }
}