{
    "format_version": "1.20.60",
    "minecraft:item": {
        "description": {
            "identifier": "billey:chocolate_catfish",
            "menu_category": {
              "category": "equipment",
              "group": "itemGroup.name.cookedFood"
            }
        },
        "components": {
          "minecraft:tags": {
            "tags": [
              "billey:can_craft_info_book",
              "minecraft:is_food",
              "minecraft:is_fish",
              "minecraft:is_meat",
              "minecraft:is_cooked"
            ]
          },
            "minecraft:max_stack_size": {
              "value": 64
            },
            "minecraft:use_modifiers": {
              "use_duration": 1.2,
              "movement_modifier": 0.35
            },
            "minecraft:use_animation": {
              "value": "eat"
            },
            "minecraft:icon": {
              "textures": {
                "default": "billcatfishchocolate"
              }
            },
            "minecraft:food": {
                "nutrition": 7,
                "saturation_modifier": 1.6, //good
                "can_always_eat": true
            }
        }
        //eating effects, if any, were done with scripts.
    }
}