{
    "format_version": "1.20.60",
    "minecraft:item": {
        "description": {
            "identifier": "billey:chicken_nugget",
            "menu_category": {
                "category": "none",
                "is_hidden_in_commands": true
            }
        },
        "components": {
          "minecraft:tags": {
            "tags": [
              "billey:can_craft_info_book",
              "minecraft:is_food",
              "minecraft:is_meat",
              "minecraft:is_cooked"
            ]
          },
            "minecraft:max_stack_size": {
              "value": 64
            },
            "minecraft:use_modifiers": {
              "use_duration": 0.2,
              "movement_modifier": 0.35
            },
            "minecraft:use_animation": {
              "value": "eat"
            },
            "minecraft:icon": {
              "textures": {
                  "default": "billey.chicken_nugget"
              }
            },
            "minecraft:food": {
                "nutrition": 1,
                "saturation_modifier": 1.2, //normal
                "can_always_eat": true
            }
        }
        //eating effects, if any, were done with scripts.
    }
}