{
    "format_version": "1.20.60",
    "minecraft:item": {
        "description": {
            "identifier": "billey:cooked_snail_w",
            "menu_category": {
                "category": "none"
            }
        },
        "components": {
            "minecraft:tags": {
              "tags": [
                "billey:can_craft_info_book",
                "minecraft:is_food",
                "minecraft:is_meat",
                "minecraft:is_cooked"
              ]
            },
            "minecraft:max_stack_size": {
                "value": 64
            },
            "minecraft:use_modifiers": {
                "use_duration": 0.5,
                "movement_modifier": 0.35
            },
            "minecraft:use_animation": {
                "value": "eat"
            },
            "minecraft:icon": {
                "textures": {
                    "default": "billcookedsnail"
                }
            },
            "minecraft:food": {
                "nutrition": 3,
                "saturation_modifier": 1.6, //good
                "using_converts_to": "billey:snail_shell",
                "can_always_eat": true
            }
        }
        //eating effects, if any, were done with scripts.
    }
}