{
  "format_version": "1.20.60",
  "minecraft:item": {
      "description": {
          "identifier": "billey:cooked_hamster",
          "menu_category": {
              "category": "equipment",
              "group": "itemGroup.name.cookedFood"
          }
      },
      "components": {
        "minecraft:tags": {
          "tags": [
            "billey:can_craft_info_book",
            "minecraft:is_food",
            "minecraft:is_meat",
            "minecraft:is_cooked"
          ]
        },
          "minecraft:max_stack_size": {
              "value": 64
          },
          "minecraft:use_modifiers": {
              "use_duration": 1.0,
              "movement_modifier": 0.35
          },
          "minecraft:use_animation": {
              "value": "eat"
          },
          "minecraft:icon": {
              "textures": {
                  "default": "billhamstercooked"
              }
          },
          "minecraft:food": {
              "nutrition": 2,
              "saturation_modifier": 1.6, //good
              "can_always_eat": false
          }
      }
      //eating effects, if any, were done with scripts.
  }
}