{
    "format_version": "1.20.60",
    "minecraft:item": {
        "description": {
            "identifier": "billey:poultry_orange",
            "menu_category": {
                "category": "equipment",
                "group": "itemGroup.name.miscFood"
            }
        },
        "components": {
            "minecraft:tags": {
              "tags": [
                "billey:can_craft_info_book",
                "minecraft:is_food"
              ]
            },
            "minecraft:max_stack_size": {
                "value": 64
            },
            "minecraft:use_modifiers": {
                "use_duration": 1.0,
                "movement_modifier": 0.35
            },
            "minecraft:use_animation": {
                "value": "eat"
            },
            "minecraft:icon": {
                "textures": {
                    "default": "billeyorange"
                }
            },
            "minecraft:food": {
                "nutrition": 4,
                "saturation_modifier": 1.6, //good
                "using_converts_to": "billey:orange_peel",
                "can_always_eat": false
            }
        }
        //eating effects, if any, were done with scripts.
    }
}