{
  "format_version": "1.20.60",
  "minecraft:item": {
    "description": {
      "identifier": "billey:potato_stick",
      "menu_category": {
        "category": "equipment",
        "group": "itemGroup.name.miscFood"
      }
    },
    "components": {
      "minecraft:tags": {
        "tags": [
          "billey:can_craft_info_book",
          "minecraft:is_food"
        ]
      },
      "minecraft:max_stack_size": {
        "value": 64
      },
      "minecraft:use_modifiers": {
        "use_duration": 0.2,
        "movement_modifier": 0.9
      },
      "minecraft:use_animation": {
        "value": "eat"
      },
      "minecraft:icon": {
        "textures": {
          "default": "billey.potato_stick"
        }
      },
      "minecraft:food": {
        "nutrition": 3,
        "saturation_modifier": 1.2, //normal
        "can_always_eat": false
      }
    }
    //eating effects, if any, were done with scripts.
  }
}