{
    "format_version": "1.20.60",
    "minecraft:item": {
      "description": {
        "identifier": "billey:raw_snail_w",
        "menu_category": {
                "category": "none"
        }
      },
      "components": {
        "minecraft:tags": {
          "tags": [
            "billey:can_craft_info_book",
            "minecraft:is_food",
            "minecraft:is_meat"
          ]
        },
        "minecraft:max_stack_size": {
          "value": 64
        },
        "minecraft:use_modifiers": {
          "use_duration": 1.0,
          "movement_modifier": 0.35
        },
        "minecraft:use_animation": {
          "value": "eat"
        },
        "minecraft:icon": {
          "textures": {
            "default": "billrawsnail"
          }
        },
        "minecraft:food": {
          "nutrition": 1,
          "using_converts_to": "billey:snail_shell",
          "saturation_modifier": 0.6, //low
          "can_always_eat": false
        }
      }
      //eating effects, if any, were done with scripts.
    }
  }