{
    "format_version": "1.20.60",
    "minecraft:item": {
        "description": {
            "identifier": "billey:mercat_milk",
            "menu_category": {
                "category": "equipment"
            }
        },
        "components": {
            "minecraft:max_stack_size": {
                "value": 1
            },
            "minecraft:use_animation": {
              "value": "drink"
            },
            "minecraft:icon": {
                "textures": {
                    "default": "billey.mercat_milk"
                }
            },
            "minecraft:use_modifiers": {
                "use_duration": 1.0,
                "movement_modifier": 0.35
            },
            "minecraft:food": {
                "can_always_eat": true,
                "using_converts_to": "glass_bottle"
            }
        }
    }
}