{
    "format_version": "1.20.60",
    "minecraft:item": {
        "description": {
            "identifier": "billey:piranha",
            "menu_category": {
                "category": "nature"
            }
        },
        "components": {
            "minecraft:tags": {
              "tags": [
                "billey:can_craft_info_book"
              ]
            },
            "minecraft:icon": {
                "textures": {
                    "default": "billey.piranha"
                }
            },
            "minecraft:projectile": {
                "projectile_entity": "billey:piranha"
            },
            "minecraft:max_stack_size": {
                "value": 64
            },
            "minecraft:entity_placer": {
                "entity": "billey:piranha"
            }
        }
    }
}