{
  "format_version": "1.20.60",
  "minecraft:item": {
    "description": {
      "identifier": "billey:piranha_launcher",
      "menu_category": {
        "category": "equipment"
      }
    },
    "components": {
      "minecraft:max_stack_size": {
        "value": 1
      },
      "minecraft:durability": {
        "max_durability": 256
      },
      "minecraft:repairable": {
        "repair_items": [
          {
            "items": [ "iron_ingot" ],
            "repair_amount": "60"
          },
          {
            "items": [ "billey:piranha_launcher" ],
            "repair_amount": "256"
          }
        ]
      },
      "minecraft:enchantable": {
        //make it enchantable with unbreaking and mending
        "slot": "shears",
        "value": 15
      },
      "minecraft:can_destroy_in_creative": false,
      "minecraft:icon": {
        "textures": {
          "default": "billey.piranha_launcher"
        }
      }
    }
  }
}