{
    "format_version": "1.20.60",
    "minecraft:item": {
      "description": {
        "identifier": "billey:loaded_piranha_launcher",
        "menu_category": {
          "category": "equipment"
        }
      },
      "components": {
        "minecraft:max_stack_size": {
          "value": 1
        },
        "minecraft:cooldown": {
            "category": "piranha_launcher",
            "duration": 0.25
        },
        "minecraft:icon": {
          "textures": {
            "default": "billey.loaded_piranha_launcher"
          }
        },
        "minecraft:durability": {
          "max_durability": 256
        },
        "minecraft:repairable": {
          "repair_items": [
            {
              "items": [ "iron_ingot" ],
              "repair_amount": "60"
            }
          ]
        },
        "minecraft:enchantable": {
          //make it enchantable with unbreaking and mending
          "slot": "shears",
          "value": 15
        },
        "minecraft:projectile": {
            "projectile_entity": "billey:piranha_projectile"
        },
        "minecraft:can_destroy_in_creative": false,
        "minecraft:throwable": {
          "do_swing_animation": true
        }
      }
    }
  }