{
    "format_version": "1.21.30",
    "minecraft:item": {
        "description": {
            "identifier": "billey:rat_potion",
            "menu_category": {
                "category": "equipment"
            }
        },
        "components": {
            "minecraft:icon": {
                "textures": {
                    "default": "billey.rat_potion"
                }
            },
            "minecraft:max_stack_size": {
                "value": 16
            },
            "minecraft:throwable": {
                "do_swing_animation": true
            },
            "minecraft:projectile": {
                "projectile_entity": "billey:rat_potion"
            },
			"minecraft:rarity": {
			  "value": "uncommon"
			}
        }
    }
}