{
    "format_version": "1.20.60",
    "minecraft:item": {
        "description": {
            "identifier": "billey:shark_tooth_sword",
            "menu_category": {
                "category": "equipment",
                "group": "itemGroup.name.sword"
            }
        },
        "components": {
            "minecraft:can_destroy_in_creative": false,
            "minecraft:hand_equipped": true,
            "minecraft:icon": {
                "textures": { "default": "billey.shark_tooth_sword" }
            },
            "minecraft:max_stack_size": 1,
            "minecraft:durability": {
                "max_durability": 300
            },
            "minecraft:enchantable": {
                "value": 20,
                "slot": "sword"
            },
            "minecraft:tags": {
                "tags": ["minecraft:is_sword"]
            },
            "minecraft:damage": {
                "value": 12
            }
        }
    }
}