{
    "format_version": "1.20.60",
    "minecraft:item": {
        "description": {
            "identifier": "billey:swordfish",
            "menu_category": {
                "category": "equipment",
                "group": "itemGroup.name.sword"
            }
        },
        "components": {
            "minecraft:can_destroy_in_creative": false,
            "minecraft:hand_equipped": true,
            "minecraft:icon": {
                "textures": {
                    "default": "swordfish"
                }
            },
            "minecraft:max_stack_size": 1,
            "minecraft:durability": {
                "max_durability": 1000
            },
            "minecraft:tags": {
                "tags": ["minecraft:is_sword"]
            },
            "minecraft:damage": {
                "value": 5
            },
            "minecraft:enchantable": {
              "value": 20,
              "slot": "sword"
            }
        }
    }
}