{
    "format_version": "1.21.30",
    "minecraft:item": {
        "description": {
            "identifier": "billey:yeet_duck",
            "menu_category": {
                "category": "equipment"
            }
        },
        "components": {
            "minecraft:hand_equipped": {
                "value": true //not sure if this is necessary
            },
            "minecraft:icon": {
                "textures": {
                    "default": "yeet_the_duck"
                }
            },
            "minecraft:enchantable": {
                "value": 63,
                "slot": "sword"
            },
            "minecraft:cooldown": {
                "category": "duck",
                "duration": 1.0
            },
            "minecraft:throwable": {
                "do_swing_animation": true
            },
            "minecraft:projectile": {
                "projectile_entity": "billey:thrown_duck"
            },
            "minecraft:max_stack_size": {
                "value": 16
            },
			"minecraft:rarity": {
			  "value": "uncommon"
			}
        }
    }
}