{
    "format_version": "1.16.0",
    "minecraft:entity": {
        "description": {
            "identifier": "billey:drop_banana",
            "is_spawnable": false,
            "is_summonable": true
        },
        "component_groups": {
            "despawn": {
                "minecraft:instant_despawn": {}
            }
        },
        "components": {
            "minecraft:damage_sensor": {
                "triggers": [
                    {
                        "cause": "all",
                        "deals_damage": false
                    }
                ]
            },
            "minecraft:collision_box": {
                "height": 0.0,
                "width": 0.0
            },
            "minecraft:physics": {
                "has_collision": false,
                "has_gravity": true
            },
            "minecraft:pushable": {
                "is_pushable": false,
                "is_pushable_by_piston": true
            },
            "minecraft:timer": {
                "time": 1.16,
                "looping": true,
                "time_down_event": {
                    "event": "drop",
                    "target": "self"
                }
            }
        },
        "events": {
            "drop": {
                "sequence": [
                    {
                        "queue_command": {
                            "command": [
                                "loot spawn ~ ~.4 ~ loot \"entities/billwoodlousewheat\""
                            ]
                        }
                    },
                    {
                        "add": {
                            "component_groups": [
                                "despawn"
                            ]
                        }
                    }
                ]
            }
        }
    }
}