{
  "format_version": "1.16.0",
  "minecraft:entity": {
    "description": {
      "identifier": "billey:mrpeepee",
      "is_spawnable": false,
      "is_summonable": true,
      "is_experimental": false,
	  "scripts": {
	    "animate": [ "death" ]
	  },
	  "animations": {
	    "death": "controller.animation.billeys_mobsangel_death"
    }
    },

    "component_groups": {
    "electrocuted": {
       
				"minecraft:loot": {
					"table": "loot_tables/entities/billey_electrocuted.json"
				}
  },
"mrpeepee": {"minecraft:transformation": {
				"into": "billey:despawn",
                "delay": 0.1
}}
    },

    "components": { "minecraft:is_hidden_when_invisible": {},
      "minecraft:type_family": {
        "family":["lightning", "mob"]         
      },"minecraft:transformation": {
				"into": "billey:despawn",
                "delay": 0.1
				}
    },

    "events": {
            "add_sittable": {
                "add": {
                    "component_groups": [
                        "sittable"
                    ]
                }
            },
            "remove_sittable": {
                "remove": {
                    "component_groups": [
                        "sittable"
                    ]
                }
            },
            "check_if_experiments_on": {
                "queue_command": {
                    "command": "tag @s add billey_exp_on"
                }
            },
    "get_electrocuted": {
       "add": { "component_groups": [
         "electrocuted" ]}
  },     
      "minecraft:entity_transformed": {
        "randomize": [
          {
            "weight": 95,
            "remove": {
            },
            "add": {
              "component_groups": [
                "mrpeepee"
              ]
            }
          }
        ]
      }
    }
  }
}
