{
    "format_version": "1.16.0",
    "minecraft:entity": {
        "description": {
            "identifier": "billey:place_pickle",
            "is_spawnable": false,
            "is_summonable": true,
            "scripts": {
              "animate": [
                "tame"
              ]
            },
            "animations": {
              "tame": "controller.animation.billeys_mobs.place_pickle"
            }
        },
        "component_groups": {
    "electrocuted": {
       
				"minecraft:loot": {
					"table": "loot_tables/entities/billey_electrocuted.json"
				}
  },
            "despawned": {
                "minecraft:instant_despawn": {}
            }
        },
        "components": { "minecraft:is_hidden_when_invisible": {},
            "minecraft:type_family": {
                "family": [
                    "poop"
                ]
            },
            "minecraft:physics": {
                "has_gravity": false,
                "has_collision": false
            },
            "minecraft:pushable": {
                "is_pushable": false,
                "is_pushable_by_piston": false
            },
            "minecraft:scale": {
                "value": 0
            },
            "minecraft:push_through": {
                "value": 1
            },
            "minecraft:collision_box": {
                "width": 0.0,
                "height": 0.0
            },
            "minecraft:health": {
                "value": 1000,
                "max": 1000
            }
        },
        "events": {
            "add_sittable": {
                "add": {
                    "component_groups": [
                        "sittable"
                    ]
                }
            },
            "remove_sittable": {
                "remove": {
                    "component_groups": [
                        "sittable"
                    ]
                }
            },
            "check_if_experiments_on": {
                "queue_command": {
                    "command": "tag @s add billey_exp_on"
                }
            },
    "get_electrocuted": {
       "add": { "component_groups": [
         "electrocuted" ]}
  },
            "despawn": {
                "add": {
                    "component_groups": [
                        "despawned"
                    ]
                }
            }
        }
    }
}