{
  "format_version": "1.16.0",
  "minecraft:entity": {
    "description": {
      "identifier": "billey:slimedrop",
      "is_spawnable": false,
      "is_summonable": true,
      "is_experimental": false
    },
    "component_groups": {
    "electrocuted": {
       
				"minecraft:loot": {
					"table": "loot_tables/entities/billey_electrocuted.json"
				}
  },
      "despawn": {}
    },
    "components": { "minecraft:is_hidden_when_invisible": {},
      "minecraft:type_family": {
        "family": [
          "poop"
        ]
      },
      "minecraft:collision_box": {
        "width": 0.0,
        "height": 0.0
      },
      "minecraft:loot": {
        "table": "loot_tables/entities/billslime.json"
      },
      "minecraft:timer": {
        "time": [
          0.09,
          0.09
        ],
        "looping": true,
        "time_down_event": {
          "event": "despawner",
          "target": "self"
        }
      },
      "minecraft:health": {
        "value": 0,
        "max": 0
      }
    },
    "events": {
            "add_sittable": {
                "add": {
                    "component_groups": [
                        "sittable"
                    ]
                }
            },
            "remove_sittable": {
                "remove": {
                    "component_groups": [
                        "sittable"
                    ]
                }
            },
            "check_if_experiments_on": {
                "queue_command": {
                    "command": "tag @s add billey_exp_on"
                }
            },
    "get_electrocuted": {
       "add": { "component_groups": [
         "electrocuted" ]}
  },
      "despawner": {
        "randomize": [
          {
            "weight": 95,
            "remove": {},
            "add": {
              "component_groups": [
                "despawn"
              ]
            }
          }
        ]
      }
    }
  }
}