{
    "format_version": "1.16.0",
    "minecraft:entity": {
        "description": {
            "identifier": "billey:naturally_spawned_duck_zombie",
            "is_spawnable": false,
            "is_summonable": false
        },
        "component_groups": {
    "electrocuted": {
       
				"minecraft:loot": {
					"table": "loot_tables/entities/billey_electrocuted.json"
				}
  },
            "despawn": {
                "minecraft:instant_despawn": {
                }
            },
            "toduckzombie": {
                "minecraft:transformation": {
                    "into": "billey:duck_zombie",
                    "transformation_sound": "billey.duck.saybanana"
                }
            }
        },
        "events": {
            "add_sittable": {
                "add": {
                    "component_groups": [
                        "sittable"
                    ]
                }
            },
            "remove_sittable": {
                "remove": {
                    "component_groups": [
                        "sittable"
                    ]
                }
            },
            "check_if_experiments_on": {
                "queue_command": {
                    "command": "tag @s add billey_exp_on"
                }
            },
    "get_electrocuted": {
       "add": { "component_groups": [
         "electrocuted" ]}
  },
            "minecraft:entity_spawned": {
                "randomize": [
                    {
                        "add": {
                            "component_groups": [
                                "despawn"
                            ]
                        },
                        "weight": 99
                    },
                    {
                        "add": {
                            "component_groups": [
                                "toduckzombie"
                            ]
                        },
                        "weight": 1
                    }
                ]
            }
        },
        "components": {
            "minecraft:collision_box": {
                "height": 0,
                "width": 0
            },
            "minecraft:damage_sensor": {
                "triggers": [
                    {
                        "cause": "all",
                        "deals_damage": false
                    }
                ]
            }
        }
    }
}