{
    "format_version": "1.10.0",
    "minecraft:entity": {
        "description": {
            "identifier": "billey:terraphin_furball",
            "runtime_identifier": "minecraft:egg",
            "is_spawnable": false,
            "is_summonable": true
        },
        "components": {
            "minecraft:collision_box": {
                "width": 0.25,
                "height": 0.25
            },
            "minecraft:projectile": {
                "on_hit": {
                    "impact_damage": {
                        "damage": 9,
                        "knockback": true,
                        "should_bounce": true
                    },
                    "definition_event": {
                        "event_trigger": {
                            "event": "hit",
                            "target": "self"
                        }
                    }
                },
                "hit_sound": "mob.fish.hurt",
                "destroyOnHurt": true,
                "crit_particle_on_hurt": true,
                "anchor": 1,
                "power": 0.8,
                "gravity": 0.02,
                "angle_offset": 0.0
            },
            "minecraft:physics": {
                "has_collision": true
            },
            "minecraft:conditional_bandwidth_optimization": {
                "default_values": {
                    "max_optimized_distance": 80.0,
                    "max_dropped_ticks": 10,
                    "use_motion_prediction_hints": true
                }
            }
        },
        "events": {
            "add_sittable": {
                "add": {
                    "component_groups": [
                        "sittable"
                    ]
                }
            },
            "remove_sittable": {
                "remove": {
                    "component_groups": [
                        "sittable"
                    ]
                }
            },
            "check_if_experiments_on": {
                "queue_command": {
                    "command": "tag @s add billey_exp_on"
                }
            },
    "get_electrocuted": {
       "add": { "component_groups": [
         "electrocuted" ]}
  },
            "minecraft:entity_spawned": {
                "queue_command": {
                    "command": [
                        "playsound random.bow @a ~~~ 1.0 0.5"
                    ]
                }
            },
            "hit": {
                "queue_command": {
                    "command": [
                        "effect @e[c=1,r=2,type=!item,type=!billey:terraphin_furball,type=!xp_orb,family=!inanimate] nausea 15 2",
                        "effect @e[c=1,r=2,type=!item,type=!billey:terraphin_furball,type=!xp_orb,family=!inanimate] blindness 5 0",
                        "effect @e[c=1,r=2,type=!item,type=!billey:terraphin_furball,type=!xp_orb,family=!inanimate] levitation 2 3",
                        "kill"
                    ]
                }
            }
        }
    }
}