{
  "format_version": "1.12.0",
  "minecraft:entity": {
    "description": {
      "identifier": "billey:thrown_duck",
      "runtime_identifier": "minecraft:arrow",
      "is_spawnable": false,
      "is_summonable": true,
      "is_experimental": false
    },
    "component_groups": {
    "electrocuted": {
       
				"minecraft:loot": {
					"table": "loot_tables/entities/billey_electrocuted.json"
				}
  },
      "gay": {
        "minecraft:transformation": {
          "into": "billey:duck<spawnwhiteadult>",
          "keep_owner": true
        }
      }
    },
    "components": {
      "minecraft:collision_box": {
        "width": 0.25,
        "height": 0.25
      },
      "minecraft:type_family": {
        "family": [
          "thrown_duck"
        ]
      },
      "minecraft:projectile": {
        "on_hit": {
            "impact_damage": {
            "damage": 2,
            "stick_in_ground": {},
            "knockback": true
          },
          "definition_event": {
            "affect_projectile": true,
            "event_trigger": {
              "event": "spawnduck",
              "target": "self"
            }
          },
          "particle_on_hit": {
            "particle_type": "iconcrack",
            "on_other_hit": true,
            "num_particles": 6,
            "on_entity_hit": true
          }
        },
        "crit_particle_on_hurt": true,
        "anchor": 1,
        "stop_on_hurt": true,
        "destroyOnHurt": true,
        "power": 1.0,
        "gravity": 0.06,
        "angle_offset": 0.0
      },
      "minecraft:physics": {
        "has_collision": true
      },
      "minecraft:conditional_bandwidth_optimization": {
        "default_values": {
          "max_optimized_distance": 80.0,
          "max_dropped_ticks": 10,
          "use_motion_prediction_hints": true
        }
      }
    },
    "events": {
            "add_sittable": {
                "add": {
                    "component_groups": [
                        "sittable"
                    ]
                }
            },
            "remove_sittable": {
                "remove": {
                    "component_groups": [
                        "sittable"
                    ]
                }
            },
            "check_if_experiments_on": {
                "queue_command": {
                    "command": "tag @s add billey_exp_on"
                }
            },
    "get_electrocuted": {
       "add": { "component_groups": [
         "electrocuted" ]}
  },
      "spawnduck": {
        "add": {
          "component_groups": [
            "gay"
          ]
        }
        //"queue_command": { "command": ["summon billey:duck ~ ~-0.25 ~ spawnwhiteadult", "tp ~ 0 ~", "kill"] }
      }
    }
  }
}
