{
    "format_version": "1.16.0",
    "minecraft:entity": {
        "description": {
            "identifier": "billey:random_duckatrice_minion",
            "is_spawnable": false,
            "is_summonable": true
        },
        "component_groups": {
            "duck": {
                "minecraft:transformation": {
                    "into": "billey:duck_minion<spawn_as_hostile>"
                }
            },
            "pigeon": {
                "minecraft:transformation": {
                    "into": "billey:pigeon_minion<spawn_as_hostile>"
                }
            },
            "deinonychus": {
                "minecraft:transformation": {
                    "into": "billey:deinonychus_minion<spawn_as_hostile>"
                }
            },
            "yutyrannus": {
                "minecraft:transformation": {
                    "into": "billey:yutyrannus_minion<spawn_as_hostile>"
                }
            },
            "despawn": {
                "minecraft:instant_despawn": {}
            }
        },
        "components": {
            "minecraft:damage_sensor": {
                "triggers": {
                    "cause": "all",
                    "deals_damage": false
                }
            },
            "minecraft:timer": {
                "time": 1,
                "looping": true,
                "time_down_event": {
                    "event": "despawn",
                    "target": "self"
                }
            },
            "minecraft:collision_box": {
                "width": 0,
                "height": 0
            },
            "minecraft:type_family": {
                "family": [
                    "inanimate",
                    "wawla"
                ]
            }
        },
        "events": {
            "minecraft:entity_spawned": {
                "randomize": [
                    {
                        "add": {
                            "component_groups": [
                                "duck"
                            ]
                        },
                        "weight": 13
                    },
                    {
                        "add": {
                            "component_groups": [
                                "pigeon"
                            ]
                        },
                        "weight": 7
                    },
                    {
                        "add": {
                            "component_groups": [
                                "deinonychus"
                            ]
                        },
                        "weight": 5
                    },
                    {
                        "add": {
                            "component_groups": [
                                "yutyrannus"
                            ]
                        },
                        "weight": 1
                    }
                ]
            },
            "despawn": {
                "add": {
                    "component_groups": [
                        "despawn"
                    ]
                }
            }
        }
    }
}