{
    "format_version": "1.16.0",
    "minecraft:entity": {
        "description": {
            "identifier": "billey:rat_minion",
            "is_spawnable": false,
            "is_summonable": true,
            "properties": {
                "billey:follow_owner_state": {
                    "type": "enum",
                    "default": "following",
                    "values": [
                        "unknown",
                        "following",
                        "wandering"
                    ]
                },
                "billey:is_sitting": {
                    "type": "bool",
                    "default": false
                }
            }
        },
        "component_groups": {
            "following": {
                "minecraft:behavior.follow_owner": {
                    "priority": 4,
                    "speed_multiplier": 1.5,
                    "start_distance": 7,
                    "stop_distance": 5
                }
            },
            "of_potion": {
                "minecraft:variant": {
                    "value": 0
                },
                "minecraft:damage_sensor": {
                    "triggers": [
                        {
                            "on_damage": {
                                "filters": {
                                    "any_of": [
                                        {
                                            "test": "has_damage",
                                            "value": "fatal"
                                        },
                                        {
                                            "test": "has_damage",
                                            "value": "void"
                                        }
                                    ]
                                },
                                "event": "transform_and_kill",
                                "target": "self"
                            },
                            "deals_damage": false
                        }
                    ]
                },
                "minecraft:timer": {
                    "time": [
                        12,
                        18
                    ],
                    "looping": true,
                    "time_down_event": {
                        "event": "transform",
                        "target": "self"
                    }
                },
                "minecraft:behavior.panic": {
                    "force": true,
                    "priority": 1,
                    "speed_multiplier": 1.5
                },
                "minecraft:behavior.avoid_mob_type": {
                    "max_dist": 0,
                    "max_flee": 10,
                    "walk_speed_multiplier": 1.5,
                    "sprint_speed_multiplier": 1.5,
                    "entity_types": {
                        "filters": {
                            "test": "is_family",
                            "subject": "other",
                            "operator": "not",
                            "value": "rat_minion"
                        }
                    }
                }
            },
            "hostile": {
                "minecraft:type_family": {
                    "family": [
                        "rat",
                        "mob",
                        "rat_minion",
                        "monster"
                    ]
                },
                "minecraft:variant": {
                    "value": 1
                },
                "minecraft:behavior.hurt_by_target": {
                    "priority": 4
                },
                "minecraft:despawn": {
                    "despawn_from_distance": {}
                },
                "minecraft:behavior.nearest_attackable_target": {
                    "priority": 3,
                    "must_see": true,
                    "reselect_targets": true,
                    "target_search_height": 80.0,
                    "within_radius": 100.0,
                    "must_see_forget_duration": 17.0,
                    "entity_types": [
                        {
                            "priority": 0,
                            "filters": {
                                "any_of": [
                                    {
                                        "test": "is_family",
                                        "subject": "other",
                                        "value": "player"
                                    },
                                    {
                                        "test": "has_component",
                                        "subject": "other",
                                        "value": "minecraft:is_tamed"
                                    },
                                    {
                                        "test": "has_tag",
                                        "subject": "other",
                                        "value": "billey:rat_king_target"
                                    }
                                ]
                            },
                            "max_dist": 35
                        }
                    ]
                }
            },
            "from_crowned_rat_angry": {
                "minecraft:timer": {
                    "time": [
                        60,
                        64
                    ],
                    "looping": true,
                    "time_down_event": {
                        "event": "friendly_despawn",
                        "target": "self"
                    }
                },
                "minecraft:on_target_escape": {
                    "event": "billey:pet_target_escape",
                    "target": "self"
                }
            },
            "from_crowned_rat_calm": {
                "minecraft:timer": {
                    "time": [
                        6,
                        7
                    ],
                    "looping": true,
                    "time_down_event": {
                        "event": "friendly_despawn",
                        "target": "self"
                    }
                },
                "minecraft:on_target_acquired": {
                    "event": "billey:pet_target_acquired",
                    "target": "self"
                }
            },
            "from_crowned_rat": {
                "minecraft:variant": {
                    "value": 2
                },
                "minecraft:tameable": {},
                "minecraft:is_tamed": {},
                "minecraft:damage_sensor": {
                    "triggers": [
                        {
                            "on_damage": {
                                "filters": {
                                    "all_of": [
                                        {
                                            "test": "is_owner",
                                            "subject": "other",
                                            "value": true
                                        },
                                        {
                                            "test": "has_tag",
                                            "subject": "other",
                                            "operator": "not",
                                            "value": "billey:can_hit_own_pet"
                                        }
                                    ]
                                },
                                "event": "say_owner_hit_pet_info"
                            },
                            "cause": "all",
                            "deals_damage": false
                        },
                        {
                            "on_damage": {
                                "filters": {
                                    "all_of": [
                                        {
                                            "test": "has_component",
                                            "subject": "self",
                                            "value": "minecraft:is_tamed"
                                        },
                                        {
                                            "test": "is_owner",
                                            "subject": "other",
                                            "value": false
                                        },
                                        {
                                            "test": "has_tag",
                                            "subject": "other",
                                            "value": "billey:cant_hit_other_pet"
                                        }
                                    ]
                                },
                                "event": "say_other_hit_pet_info"
                            },
                            "cause": "all",
                            "deals_damage": false
                        },
                        {
                            "on_damage": {
                                "filters": {
                                    "test": "has_damage",
                                    "value": "fatal"
                                },
                                "event": "friendly_despawn"
                            },
                            "cause": "all",
                            "deals_damage": false
                        }
                    ]
                },
                "minecraft:behavior.hurt_by_target": {
                    "priority": 2
                },
                "minecraft:behavior.owner_hurt_target": {
                    "priority": 3
                },
                "minecraft:behavior.owner_hurt_by_target": {
                    "priority": 3
                },
                "minecraft:behavior.follow_owner": {
                    "priority": 4,
                    "speed_multiplier": 1.5,
                    "start_distance": 7,
                    "stop_distance": 5
                }
            },
            "despawn": {
                "minecraft:instant_despawn": {}
            }
        },
        "components": {
            "minecraft:is_hidden_when_invisible": {},
            "minecraft:type_family": {
                "family": [
                    "rat",
                    "mob",
                    "rat_minion"
                ]
            },
            "minecraft:breathable": {
                "total_supply": 15,
                "suffocate_time": 0
            },
            "minecraft:collision_box": {
                "width": 0.6,
                "height": 0.33
            },
            "minecraft:nameable": {},
            "minecraft:health": {
                "value": 10,
                "max": 10
            },
            "minecraft:hurt_on_condition": {
                "damage_conditions": [
                    {
                        "filters": {
                            "test": "in_lava",
                            "subject": "self",
                            "operator": "==",
                            "value": true
                        },
                        "cause": "lava",
                        "damage_per_tick": 4
                    }
                ]
            },
            "minecraft:movement": {
                "value": 0.2
            },
            "minecraft:leashable": {
                "soft_distance": 4.0,
                "hard_distance": 6.0,
                "max_distance": 10.0
            },
            "minecraft:balloonable": {
                "mass": 0.5
            },
            "minecraft:navigation.walk": {
                "can_path_over_water": true,
                "avoid_damage_blocks": true
            },
            "minecraft:movement.basic": {},
            "minecraft:jump.static": {},
            "minecraft:can_climb": {},
            "minecraft:behavior.float": {
                "priority": 0
            },
            "minecraft:attack": {
                "damage": 3
            },
            "minecraft:behavior.melee_attack": {
                "require_complete_path": true,
                "priority": 3,
                "speed_multiplier": 1.75,
                "track_target": true,
                "on_attack": {
                    "target": "self",
                    "event": "on_attack"
                }
            },
            "minecraft:behavior.random_stroll": {
                "priority": 6,
                "speed_multiplier": 1.0
            },
            "minecraft:behavior.random_look_around": {
                "priority": 8
            },
            "minecraft:persistent": {},
            "minecraft:physics": {},
            "minecraft:pushable": {
                "is_pushable": true,
                "is_pushable_by_piston": true
            },
            "minecraft:conditional_bandwidth_optimization": {}
        },
        "events": {
            "eventwander_silent": {
                "sequence": [
                    {
                        "remove": {
                            "component_groups": [
                                "following"
                            ]
                        }
                    },
                    {
                        "set_property": {
                            "billey:follow_owner_state": "wandering"
                        }
                    }
                ]
            },
            "eventfollow_silent": {
                "sequence": [
                    {
                        "add": {
                            "component_groups": [
                                "following"
                            ]
                        }
                    },
                    {
                        "set_property": {
                            "billey:follow_owner_state": "following"
                        }
                    }
                ]
            },
            "minecraft:entity_spawned": {
                "trigger": "spawn_as_hostile"
            },
            "reset_target": {
                "reset_target": {}
            },
            "friendly_despawn": {
                "queue_command": {
                    "command": "scriptevent billey:friendly_rat_minion_despawn"
                }
            },
            "on_attack": {
                "sequence": [
                    {
                        "filters": {
                            "test": "is_variant",
                            "value": 2 //spawned by a crowned pet
                        },
                        "trigger": "rob_mob"
                    },
                    {
                        "filters": {
                            "test": "is_variant",
                            "value": 1
                        },
                        "trigger": "rob_player"
                    }
                ]
            },
            "rob_player": {
                "filters": {
                    "test": "is_family",
                    "subject": "target",
                    "value": "player"
                },
                "queue_command": {
                    "command": "scriptevent billey:drop_target_equipment"
                }
            },
            "spawn_as_hostile": {
                "add": {
                    "component_groups": [
                        "hostile"
                    ]
                }
            },
            "say_owner_hit_pet_info": {
                "queue_command": {
                    "target": "other",
                    "command": [
                        "titleraw @s actionbar {\"rawtext\":[{\"translate\":\"chat.billeys_mobs.owner_hit_pet\"}]}",
                        "tellraw @s[tag=!billey:has_hurt_own_pet] {\"rawtext\":[{\"translate\":\"ui.billeys_mobs.info.owner_hit_pet\"}]}",
                        "tag @s add billey:has_hurt_own_pet"
                    ]
                }
            },
            "say_other_hit_pet_info": {
                "queue_command": {
                    "target": "other",
                    "command": "titleraw @s actionbar {\"rawtext\":[{\"translate\":\"chat.billeys_mobs.other_hit_pet\"}]}"
                }
            },
            "transform": {
                "queue_command": {
                    "command": [
                        "scriptevent billey:rat_minion_transform"
                    ]
                }
            },
            "transform_and_kill": {
                "queue_command": {
                    "command": [
                        "scriptevent billey:rat_minion_transform kill"
                    ]
                }
            },
            "from_potion": {
                "add": {
                    "component_groups": [
                        "of_potion"
                    ]
                }
            },
            "from_crowned_rat": {
                "add": {
                    "component_groups": [
                        "from_crowned_rat",
                        "from_crowned_rat_angry"
                    ]
                }
            },
            "billey:pet_target_escape": {
                "add": {
                    "component_groups": [
                        "from_crowned_rat_calm"
                    ]
                },
                "remove": {
                    "component_groups": [
                        "from_crowned_rat_angry"
                    ]
                }
            },
            "billey:pet_target_acquired": {
                "remove": {
                    "component_groups": [
                        "from_crowned_rat_calm"
                    ]
                },
                "add": {
                    "component_groups": [
                        "from_crowned_rat_angry"
                    ]
                }
            },
            "start_despawn": {
                "queue_command": {
                    "command": [
                        "particle minecraft:explosion_particle",
                        "event entity @s finish_despawn"
                    ]
                }
            },
            "finish_despawn": {
                "add": {
                    "component_groups": [
                        "despawn"
                    ]
                }
            },
            "rob_mob": {
                "sequence": [
                    {
                        "filters": {
                            "all_of": [
                                {
                                    "test": "is_family",
                                    "subject": "target",
                                    "value": "player",
                                    "operator": "not"
                                },
                                {
                                    "any_of": [
                                        {
                                            "test": "has_equipment",
                                            "subject": "target",
                                            "domain": "hand",
                                            "value": "bow"
                                        },
                                        {
                                            "test": "has_equipment",
                                            "subject": "target",
                                            "domain": "hand",
                                            "value": "crossbow"
                                        },
                                        {
                                            "test": "has_equipment",
                                            "subject": "target",
                                            "domain": "hand",
                                            "value": "stone_sword"
                                        },
                                        {
                                            "test": "has_equipment",
                                            "subject": "target",
                                            "domain": "hand",
                                            "value": "golden_sword"
                                        },
                                        {
                                            "test": "has_equipment",
                                            "subject": "target",
                                            "domain": "hand",
                                            "value": "golden_axe"
                                        },
                                        {
                                            "test": "has_equipment",
                                            "subject": "target",
                                            "domain": "hand",
                                            "value": "trident"
                                        },
                                        {
                                            "test": "has_equipment",
                                            "subject": "target",
                                            "domain": "hand",
                                            "value": "iron_sword"
                                        },
                                        {
                                            "test": "has_equipment",
                                            "subject": "target",
                                            "domain": "hand",
                                            "value": "iron_axe"
                                        },
                                        {
                                            "test": "has_equipment",
                                            "subject": "target",
                                            "domain": "hand",
                                            "value": "iron_shovel"
                                        }
                                    ]
                                }
                            ]
                        },
                        "queue_command": {
                            "target": "target",
                            "command": [
                                "replaceitem entity @s slot.weapon.mainhand 0 air"
                            ]
                        }
                    },
                    {
                        "filters": {
                            "all_of": [
                                {
                                    "test": "is_family",
                                    "subject": "target",
                                    "value": "player",
                                    "operator": "not"
                                },
                                {
                                    "test": "has_equipment",
                                    "subject": "target",
                                    "domain": "hand",
                                    "value": "bow"
                                }
                            ]
                        },
                        "queue_command": {
                            "target": "target",
                            "command": [
                                "loot spawn ~ ~1 ~ loot \"entities/billeyratrob/bow\"",
                                "scriptevent billey:cant_shoot_projectiles"
                            ]
                        }
                    },
                    {
                        "filters": {
                            "all_of": [
                                {
                                    "test": "is_family",
                                    "subject": "target",
                                    "value": "player",
                                    "operator": "not"
                                },
                                {
                                    "test": "has_equipment",
                                    "subject": "target",
                                    "domain": "hand",
                                    "value": "crossbow"
                                }
                            ]
                        },
                        "queue_command": {
                            "target": "target",
                            "command": [
                                "loot spawn ~ ~1 ~ loot \"entities/billeyratrob/crossbow\"",
                                "scriptevent billey:cant_shoot_projectiles"
                            ]
                        }
                    },
                    {
                        "filters": {
                            "all_of": [
                                {
                                    "test": "is_family",
                                    "subject": "target",
                                    "value": "player",
                                    "operator": "not"
                                },
                                {
                                    "test": "has_equipment",
                                    "subject": "target",
                                    "domain": "hand",
                                    "value": "golden_axe"
                                }
                            ]
                        },
                        "queue_command": {
                            "command": "loot spawn ~ ~1 ~ loot \"entities/billeyratrob/golden_axe\""
                        }
                    },
                    {
                        "filters": {
                            "all_of": [
                                {
                                    "test": "is_family",
                                    "subject": "target",
                                    "value": "player",
                                    "operator": "not"
                                },
                                {
                                    "test": "has_equipment",
                                    "subject": "target",
                                    "domain": "hand",
                                    "value": "golden_sword"
                                }
                            ]
                        },
                        "queue_command": {
                            "command": "loot spawn ~ ~1 ~ loot \"entities/billeyratrob/golden_sword\""
                        }
                    },
                    {
                        "filters": {
                            "all_of": [
                                {
                                    "test": "is_family",
                                    "subject": "target",
                                    "value": "player",
                                    "operator": "not"
                                },
                                {
                                    "test": "has_equipment",
                                    "subject": "target",
                                    "domain": "hand",
                                    "value": "iron_sword"
                                }
                            ]
                        },
                        "queue_command": {
                            "command": "loot spawn ~ ~1 ~ loot \"entities/billeyratrob/iron_sword\""
                        }
                    },
                    {
                        "filters": {
                            "all_of": [
                                {
                                    "test": "is_family",
                                    "subject": "target",
                                    "value": "player",
                                    "operator": "not"
                                },
                                {
                                    "test": "has_equipment",
                                    "subject": "target",
                                    "domain": "hand",
                                    "value": "iron_axe"
                                }
                            ]
                        },
                        "queue_command": {
                            "command": "loot spawn ~ ~1 ~ loot \"entities/billeyratrob/iron_axe\""
                        }
                    },
                    {
                        "filters": {
                            "all_of": [
                                {
                                    "test": "is_family",
                                    "subject": "target",
                                    "value": "player",
                                    "operator": "not"
                                },
                                {
                                    "test": "has_equipment",
                                    "subject": "target",
                                    "domain": "hand",
                                    "value": "stone_sword"
                                }
                            ]
                        },
                        "queue_command": {
                            "command": "loot spawn ~ ~1 ~ loot \"entities/billeyratrob/stone_sword\""
                        }
                    },
                    {
                        "filters": {
                            "all_of": [
                                {
                                    "test": "is_family",
                                    "subject": "target",
                                    "value": "player",
                                    "operator": "not"
                                },
                                {
                                    "test": "has_equipment",
                                    "subject": "target",
                                    "domain": "hand",
                                    "value": "iron_shovel"
                                }
                            ]
                        },
                        "queue_command": {
                            "command": "loot spawn ~ ~1 ~ loot \"entities/billeyratrob/iron_shovel\""
                        }
                    },
                    {
                        "filters": {
                            "all_of": [
                                {
                                    "test": "is_family",
                                    "subject": "target",
                                    "value": "player",
                                    "operator": "not"
                                },
                                {
                                    "test": "has_equipment",
                                    "subject": "target",
                                    "domain": "hand",
                                    "value": "trident"
                                }
                            ]
                        },
                        "queue_command": {
                            "command": "loot spawn ~ ~1 ~ loot \"entities/billeyratrob/trident\""
                        }
                    }
                ]
            }
        }
    }
}