{
	"format_version": "1.21.30",
	"minecraft:item": {
		"description": {
			"identifier": "billey:rubber_ducky",
			"menu_category": {
				"category": "equipment",
				"group": "itemGroup.name.horseArmor"
			}
		},
		"components": {
			"minecraft:max_stack_size": {
				"value": 1
			},
			"minecraft:custom_components": [
				"billey:plushie"
			],
			"minecraft:entity_placer": {
				"entity": "billey:plushie<rubber_ducky>"
			},
			"minecraft:liquid_clipped": {
				"value": true
			},
			"minecraft:icon": {
				"textures": {
					"default": "billey.rubber_ducky"
				}
			},
			"minecraft:rarity": {
				"value": "uncommon"
			}
		}
	}
}