{
	"format_version": "1.21.30",
	"minecraft:item": {
		"description": {
			"identifier": "billey:duck_morph_potion",
			"menu_category": {
				"category": "equipment"
			}
		},
		"components": {
			"minecraft:max_stack_size": 1,
			"minecraft:use_modifiers": {
				"use_duration": 2.0,
				"movement_modifier": 0.35
			},
			"minecraft:use_animation": {
				"value": "drink"
			},
			"minecraft:glint": {
				"value": true
			},
			"minecraft:icon": {
				"textures": {
					"default": "billey.duck_morph_potion"
				}
			},
			"minecraft:food": {
				"using_converts_to": "glass_bottle",
				"can_always_eat": true
			},
			"minecraft:rarity": {
			  "value": "uncommon"
			}
		}
	}
}