{
	"format_version": "1.20.60",
	"minecraft:item": {
		"description": {
			"identifier": "billey:empty_morph_potion",
			"menu_category": {
			  "category": "equipment"
			}
		},
		"components": {
			"minecraft:max_stack_size": 1,
			"minecraft:use_modifiers": {
				"use_duration": 2.0,
				"movement_modifier": 0.35
			},
			"minecraft:use_animation": {
				"value": "drink"
			},
			"minecraft:icon": {
			  "textures": {
				"default": "billey.empty_morph_potion"
			  }
			},
			"minecraft:food": {
				"using_converts_to": "glass_bottle",
				"can_always_eat": true
			}
		}
	}
}