{
	"format_version": "1.16.0",
	"minecraft:entity": {
		"description": {
			"identifier": "minecraft:cat",
			"is_spawnable": true,
			"is_summonable": true,
			"is_experimental": false,
			"scripts": {
				"animate": [
					{
						"set_follow_state": "q.is_tamed && q.property('billey:follow_owner_state') == 'unknown'"
					},
					{
						"set_sitting_property": "q.is_tamed"
					},
					"check_beta_apis",
					{
						"rainbow_effects": "q.is_illager_captain"
					},
					{
						"stand_up_when_hit": "q.is_tamed"
					},
					"tame"
				]
			},
			"animations": {
                "check_beta_apis": "animation.billeys_mobs.check_beta_apis",
				"set_follow_state": "animation.billeys_mobs.set_follow_state",
				"set_sitting_property": "controller.animation.billeys_mobs.set_sitting_property",
				"rainbow_effects": "animation.billeys_mobs.rainbow_effects",
				"stand_up_when_hit": "controller.animation.billeys_mobs.stand_up_when_hit",
				"tame": "controller.animation.billeys_mobs.tame"
			},
			
            "properties": {
                "billey:is_billey_mob": {
                    "client_sync": true,
                    "type": "bool",
                    "default": true
                },
                "billey:head_equipment_color": {
                    "client_sync": true,
                    "type": "int",
                    "range": [
                        0,
                        15
                    ],
                    "default": 0
                },
                //pets' leg slot is used for bowties
                "billey:legs_equipment_color": {
                    "client_sync": true,
                    "type": "int",
                    "range": [
                        0,
                        15
                    ],
                    "default": 0
                },
                "billey:chest_equipment_color": {
                    "client_sync": true,
                    "type": "int",
                    "range": [
                        0,
                        15
                    ],
                    "default": 0
                },
                "billey:feet_equipment_color": {
                    "client_sync": true,
                    "type": "int",
                    "range": [
                        0,
                        15
                    ],
                    "default": 0
                },
                "billey:body_equipment_color": {
                    "client_sync": true,
                    "type": "int",
                    "range": [
                        0,
                        15
                    ],
                    "default": 0
                },
				"billey:follow_owner_state": {
					//only used so scripts can know whether it's following or wandering
					"type": "enum",
					"default": "unknown",
					"values": [
						"unknown",
						"following",
						"wandering"
					]
				},
				"billey:is_sitting": {
					//only used so scripts can know whether or not it's sitting
					"type": "bool",
					"default": false
				}
			}
		},
		"component_groups": {
			"sittable": {
				"minecraft:sittable": {}
			},
			"tamed_component": {
				"minecraft:is_tamed": {}
			},
			"untamed": { /*This is just for ones untamed by the untaming stick.
The real tame items of this mob are in the wild component group*/
				"minecraft:tameable": {
					"probability": 1.0,
					"tame_event": {
						"event": "minecraft:on_tame"
					},
					"tame_items": [
						"billey:power_banana",
						"billey:raw_catfish",
						"billey:bettafish",
						"billey:pizzapiece",
						"salmon",
						"fish",
						"clownfish",
						"sweet_berries",
						"rotten_flesh",
						"wheat_seeds",
						"melon_seeds",
						"carrot",
						"beetroot_seeds",
						"pumpkin_seeds",
						"chicken",
						"billey:raw_hamster",
						"billey:poultry_orange",
						"billey:raw_snail",
						"billey:raw_snail_s",
						"billey:raw_snail_w",
						"billey:raw_piranha",
						"bread",
						"apple",
						"fermented_spider_eye",
						"spider_eye",
						"string"
					]
				}
			},
			"electrocuted": {
				"minecraft:loot": {
					"table": "loot_tables/entities/billey_electrocuted.json"
				}
			},
			"kromatik": {
				"minecraft:is_illager_captain": {}
			},
			"hat": {
				"minecraft:is_charged": {}
			},
			"yeeted": {
				"minecraft:damage_sensor": {
					"triggers": [
						{
							"cause": "all",
							"deals_damage": false
						}
					]
				},
				"minecraft:nameable": {
					"always_show": true,
					"allow_name_tag_renaming": false
				}
			},
			"minecraft:cat_baby": {
				"minecraft:is_baby": {},
				"minecraft:scale": {
					"value": 0.4
				}
			},
			"minecraft:cat_age": {
				"minecraft:ageable": {
					"duration": 4800,
					"feed_items": [
						"fish",
						"salmon",
						"billey:raw_catfish"
					],
					"grow_up": {
						"event": "minecraft:ageable_grow_up",
						"target": "self"
					}
				}
			},
			"minecraft:cat_adult": {
				"minecraft:loot": {
					"table": "loot_tables/entities/cat.json"
				},
				"minecraft:scale": {
					"value": 0.8
				},
				"minecraft:behavior.breed": {
					"priority": 3,
					"speed_multiplier": 1
				},
				"minecraft:breedable": {
					"require_tame": true,
					"allow_sitting": true,
					"breeds_with": [
						{
							"mateType": "minecraft:cat",
							"babyType": "minecraft:cat",
							"breed_event": {
								"event": "minecraft:entity_born",
								"target": "baby"
							}
						},
						{
							"mate_type": "billey:mercat",
							"baby_type": "billey:mercat",
							"breed_event": {
								"event": "minecraft:entity_born_variant6",
								"target": "baby"
							}
						},
                        {
                            "mate_type": "billey:giraffe_cat",
                            "baby_type": "billey:giraffe_cat",
                            "breed_event": {
                                "event": "minecraft:entity_born",
                                "target": "baby"
                            }
                        }
					],
					"breed_items": [
						"billey:poultry_orange",
						"fish",
						"salmon",
						"billey:raw_catfish"
					]
				}
			},
			"minecraft:cat_wild": {
				"minecraft:health": {
					"value": 10,
					"max": 10
				},
				"minecraft:despawn": {
					"despawn_from_distance": {}
				},
				"minecraft:dweller": {
					"dwelling_type": "village",
					"dweller_role": "passive",
					"update_interval_base": 60,
					"update_interval_variant": 40,
					"can_find_poi": false,
					"can_migrate": true,
					"first_founding_reward": 0
				},
				"minecraft:behavior.tempt": {
					"priority": 4,
					"speed_multiplier": 0.5,
					"within_radius": 16,
					"can_get_scared": true,
					"items": [
						"fish",
						"salmon",
						"billey:raw_catfish"
					]
				},
				"minecraft:tameable": {
					"probability": 0.33,
					"tame_items": [
						"billey:power_banana",
						"fish",
						"salmon",
						"billey:raw_catfish"
					],
					"tame_event": {
						"event": "minecraft:on_tame",
						"target": "self"
					}
				},
				"minecraft:behavior.avoid_mob_type": {
					"priority": 5,
					"entity_types": [
						{
							"filters": {
								"test": "is_family",
								"subject": "other",
								"value": "player"
							},
							"max_dist": 10,
							"walk_speed_multiplier": 0.8,
							"sprint_speed_multiplier": 1.33
						}
					]
				},
				"minecraft:rideable": {
					"seat_count": 1,
					"family_types": [
						"zombie"
					],
					"seats": {
						"position": [
							0,
							0.35,
							0
						]
					}
				}
			},
			"following": {
				"minecraft:behavior.follow_owner": {
					"priority": 4,
					"speed_multiplier": 1,
					"start_distance": 7,
					"stop_distance": 5
				}
			},
			"minecraft:cat_tame": {
				"minecraft:persistent": {},
				"minecraft:behavior.avoid_mob_type": {
					"priority": 0,
					"max_flee": 16,
					"entity_types": [
						{
							"filters": {
								"test": "has_component",
								"subject": "other",
								"value": "minecraft:explode"
							},
							"max_dist": 8,
							"walk_speed_multiplier": 1.3,
							"sprint_speed_multiplier": 1.3
						}
					]
				},
				"minecraft:is_tamed": {},
				"minecraft:tameable": {}, //for the script to be able to get the mob's owner
				"minecraft:health": {
					"value": 20,
					"max": 20
				},
				"minecraft:color": {
					"value": 14
				},
				"minecraft:behavior.owner_hurt_target": {
					"priority": 3,
					"entity_types": {
						"filters": {
							"any_of": [
								{
									"test": "has_component",
									"subject": "other",
									"value": "minecraft:breedable"
								},
								{
									"test": "has_component",
									"subject": "other",
									"value": "minecraft:is_baby"
								},
								{
									"test": "is_family",
									"subject": "other",
									"value": "animal"
								},
								{
									"test": "has_tag",
									"subject": "self",
									"value": "billey:brave"
								}
							]
						}
					}
				},
				"minecraft:behavior.owner_hurt_by_target": {
					"priority": 3,
					"entity_types": {
						"filters": {
							"any_of": [
								{
									"test": "has_component",
									"subject": "other",
									"value": "minecraft:breedable"
								},
								{
									"test": "has_component",
									"subject": "other",
									"value": "minecraft:is_baby"
								},
								{
									"test": "is_family",
									"subject": "other",
									"value": "animal"
								},
								{
									"test": "has_tag",
									"subject": "self",
									"value": "billey:brave"
								}
							]
						}
					}
				},
				"minecraft:behavior.tempt": {
					"priority": 5,
					"speed_multiplier": 0.5,
					"within_radius": 16,
					"items": [
						"fish",
						"salmon",
						"billey:raw_catfish",
						"billey:sand_banana"
					]
				},
				"minecraft:is_dyeable": {
					"interact_text": "action.interact.dye"
				},
				"minecraft:leashable": {
					"soft_distance": 4,
					"hard_distance": 6,
					"max_distance": 10,
					"on_leash": {
						"event": "minecraft:on_leash",
						"target": "self"
					},
					"on_unleash": {
						"event": "minecraft:on_unleash",
						"target": "self"
					}
				},
				"minecraft:behavior.follow_owner": {
					"priority": 4,
					"speed_multiplier": 1,
					"start_distance": 7,
					"stop_distance": 5
				},
				"minecraft:behavior.stay_while_sitting": {
					"priority": 3
				},
				"minecraft:sittable": {},
				"minecraft:behavior.ocelot_sit_on_block": {
					"priority": 7,
					"speed_multiplier": 1
				},
				"minecraft:behavior.pet_sleep_with_owner": {
					"priority": 3,
					"speed_multiplier": 1.2,
					"search_radius": 10,
					"search_height": 10,
					"goal_radius": 1
				},
				"minecraft:on_wake_with_owner": {
					"event": "minecraft:pet_slept_with_owner",
					"target": "self"
				},
				"minecraft:interact": {
					"interactions": [
						{
							"play_sounds": "plop",
							"swing": true,
							"interact_text": "action.interact.get_info",
							"on_interact": {
								"filters": {
									"any_of": [
										{
											"test": "has_equipment",
											"subject": "other",
											"domain": "hand",
											"value": "feather"
										},
										{
											"test": "has_equipment",
											"subject": "other",
											"domain": "hand",
											"value": "book"
										},
										{
											"test": "has_equipment",
											"subject": "other",
											"domain": "hand",
											"value": "billey:info_book"
										}
									]
								},
								"event": "send_info",
								"target": "self"
							}
						},
						{
							"play_sounds": "plop",
							"swing": true,
							"interact_text": "action.interact.wander",
							"on_interact": {
								"filters": {
									"all_of": [
										{
											"test": "has_equipment",
											"subject": "other",
											"domain": "hand",
											"value": "stick"
										},
										{
											"test": "has_component",
											"subject": "self",
											"value": "minecraft:behavior.follow_owner"
										},
										{
											"test": "is_owner",
											"subject": "other",
											"value": true
										}
									]
								},
								"event": "eventwander",
								"target": "self"
							}
						},
						{
							"play_sounds": "plop",
							"swing": true,
							"interact_text": "action.interact.untame",
							"on_interact": {
								"filters": {
									"all_of": [
										{
											"test": "has_equipment",
											"subject": "other",
											"domain": "hand",
											"value": "billey:untaming_stick"
										},
										{
											"test": "is_owner",
											"subject": "other",
											"value": true
										}
									]
								},
								"event": "untame",
								"target": "self"
							}
						},
						{
							"use_item": true,
							"play_sounds": "armor.equip_generic",
							"interact_text": "action.interact.equip",
							"on_interact": {
								"filters": {
									"all_of": [
										{
											"test": "has_equipment",
											"subject": "other",
											"domain": "hand",
											"value": "billey:pet_hat"
										},
										{
											"test": "has_component",
											"subject": "self",
											"operator": "not",
											"value": "minecraft:is_charged"
										},
										{
											"test": "is_owner",
											"subject": "other",
											"value": true
										}
									]
								},
								"event": "wearhat",
								"target": "self"
							}
						},
						{
							"use_item": true,
							"play_sounds": "armor.equip_generic",
							"interact_text": "action.interact.use",
							"on_interact": {
								"filters": {
									"all_of": [
										{
											"test": "has_equipment",
											"subject": "other",
											"domain": "hand",
											"value": "minecraft:dried_kelp"
										},
										{
											"test": "has_component",
											"subject": "self",
											"value": "minecraft:is_charged"
										},
										{
											"test": "is_owner",
											"subject": "other",
											"value": true
										}
									]
								},
								"event": "blackstripehat",
								"target": "self"
							}
						},
						{
							"use_item": false,
							"play_sounds": "armor.equip_generic",
							"spawn_items": {
								"table": "loot_tables/entities/billeyhat.json"
							},
							"interact_text": "action.interact.equip",
							"on_interact": {
								"filters": {
									"all_of": [
										{
											"test": "has_equipment",
											"subject": "other",
											"domain": "hand",
											"value": "billey:pet_hat"
										},
										{
											"test": "has_component",
											"subject": "self",
											"value": "minecraft:is_charged"
										},
										{
											"test": "is_owner",
											"subject": "other",
											"value": true
										}
									]
								},
								"event": "destroy_head_equipment",
								"target": "self"
							}
						},
						{
							"play_sounds": "plop",
							"swing": true,
							"interact_text": "action.interact.follow",
							"on_interact": {
								"filters": {
									"all_of": [
										{
											"test": "has_equipment",
											"subject": "other",
											"domain": "hand",
											"value": "stick"
										},
										{
											"test": "has_component",
											"subject": "self",
											"operator": "not",
											"value": "minecraft:behavior.follow_owner"
										},
										{
											"test": "is_owner",
											"subject": "other",
											"value": true
										}
									]
								},
								"event": "eventfollow",
								"target": "self"
							}
						},
						{
							"interact_text": "action.interact.pet",
							"on_interact": {
								"filters": {
									"all_of": [
										{
											"test": "has_equipment",
											"subject": "other",
											"domain": "hand",
											"operator": "!=",
											"value": "billey:swordfish"
										},
										{
											"test": "has_equipment",
											"subject": "other",
											"domain": "hand",
											"operator": "!=",
											"value": "billey:golden_swordfish"
										},
										{
											"test": "is_sneaking",
											"subject": "other",
											"value": true
										}
									]
								},
								"event": "bepetted",
								"target": "self"
							}
						},
						{
							"use_item": true,
							"play_sounds": "eat",
							"interact_text": "action.interact.feed",
							"on_interact": {
								"filters": {
									"all_of": [
										{
											"test": "has_equipment",
											"subject": "other",
											"domain": "hand",
											"value": "billey:sand_banana"
										},
										{
											"test": "is_family",
											"subject": "other",
											"value": "player"
										}
									]
								},
								"event": "beenfedabanana",
								"target": "self"
							}
						},
						{
							"use_item": true,
							"play_sounds": "milk",
							"interact_text": "action.interact.use",
							"transform_to_item": "glass_bottle",
							"on_interact": {
								"filters": {
									"all_of": [
										{
											"test": "has_equipment",
											"subject": "other",
											"domain": "hand",
											"value": "billey:pickle_juice"
										},
										{
											"test": "is_owner",
											"subject": "other",
											"value": true
										},
										{
											"test": "is_variant",
											"subject": "self",
											"operator": "<=",
											"value": 15
										}
									]
								},
								"event": "bepicklecat",
								"target": "self"
							}
						},
						{
							"use_item": true,
							"play_sounds": "milk",
							"interact_text": "action.interact.use",
							"transform_to_item": "glass_bottle",
							"on_interact": {
								"filters": {
									"all_of": [
										{
											"test": "has_equipment",
											"subject": "other",
											"domain": "hand",
											"value": "billey:zcat_bottle"
										},
										{
											"test": "is_owner",
											"subject": "other",
											"value": true
										},
										{
											"test": "is_variant",
											"subject": "self",
											"operator": "<=",
											"value": 15
										}
									]
								},
								"event": "zombiewhite",
								"target": "self"
							}
						},
						{
							"use_item": true,
							"play_sounds": "milk",
							"interact_text": "action.interact.use",
							"transform_to_item": "glass_bottle",
							"on_interact": {
								"filters": {
									"all_of": [
										{
											"test": "has_equipment",
											"subject": "other",
											"domain": "hand",
											"value": "billey:scat_bottle"
										},
										{
											"test": "is_owner",
											"subject": "other",
											"value": true
										},
										{
											"test": "is_variant",
											"subject": "self",
											"operator": "<=",
											"value": 15
										}
									]
								},
								"event": "zombiewhite2",
								"target": "self"
							}
						},
						{
							"use_item": true,
							"play_sounds": "milk",
							"interact_text": "action.interact.use",
							"transform_to_item": "glass_bottle",
							"on_interact": {
								"filters": {
									"all_of": [
										{
											"test": "has_equipment",
											"subject": "other",
											"domain": "hand",
											"value": "billey:colorful_bottle"
										},
										{
											"test": "is_owner",
											"subject": "other",
											"value": true
										}
									]
								},
								"event": "kroma",
								"target": "self"
							}
						},
						{
							"use_item": true,
							"play_sounds": "milk",
							"interact_text": "action.interact.use",
							"transform_to_item": "glass_bottle",
							"on_interact": {
								"filters": {
									"all_of": [
										{
											"test": "has_equipment",
											"subject": "other",
											"domain": "hand",
											"value": "billey:colorless_bottle"
										},
										{
											"test": "is_owner",
											"subject": "other",
											"value": true
										}
									]
								},
								"event": "nokroma",
								"target": "self"
							}
						}
					]
				}
			},
			"minecraft:cat_gift_for_owner": {
				"minecraft:behavior.drop_item_for": {
					"priority": 1,
					"speed_multiplier": 1,
					"search_range": 5,
					"search_height": 2,
					"search_count": 0,
					"goal_radius": 1,
					"entity_types": [
						{
							"filters": {
								"test": "is_family",
								"subject": "other",
								"value": "player"
							},
							"max_dist": 6
						}
					],
					"drop_item_chance": 0.7,
					"offering_distance": 5,
					"loot_table": "loot_tables/entities/cat_gift.json",
					"time_of_day_range": [
						0.74999,
						0.8
					],
					"on_drop_attempt": {
						"event": "minecraft:cat_gifted_owner",
						"target": "self"
					}
				}
			},
			"minecraft:cat_leashed": {
				"minecraft:behavior.move_towards_restriction": {
					"priority": 2,
					"speed_multiplier": 1
				}
			},
			"minecraft:cat_white": {
				"minecraft:type_family": {
					"family": [
						"cat", "mob",
						"mob",
						"white"
					]
				},
				"minecraft:variant": {
					"value": 0
				}
			},
			"topicklecat": {
				"minecraft:is_shaking": {},
				"minecraft:transformation": {
					"into": "billey:pickle_cat",
					"delay": 7,
					"keep_owner": true
				}
			},
			"zombie_white": {
				"minecraft:is_shaking": {},
				"minecraft:transformation": {
					"into": "billey:zombified_cat",
					"delay": 7,
					"keep_owner": true
				}
			},
			"zombie_white2": {
				"minecraft:is_shaking": {},
				"minecraft:transformation": {
					"into": "billey:skeleton_cat",
					"delay": 7,
					"keep_owner": true
				}
			},
			"minecraft:cat_tuxedo": {
				"minecraft:type_family": {
					"family": [
						"cat", "mob",
						"mob",
						"tuxedo"
					]
				},
				"minecraft:variant": {
					"value": 1
				}
			},
			"minecraft:cat_red": {
				"minecraft:type_family": {
					"family": [
						"cat", "mob",
						"mob",
						"red"
					]
				},
				"minecraft:variant": {
					"value": 2
				}
			},
			"minecraft:cat_siamese": {
				"minecraft:type_family": {
					"family": [
						"cat", "mob",
						"mob",
						"siamese"
					]
				},
				"minecraft:variant": {
					"value": 3
				}
			},
			"minecraft:cat_british": {
				"minecraft:type_family": {
					"family": [
						"cat", "mob",
						"mob",
						"british"
					]
				},
				"minecraft:variant": {
					"value": 4
				}
			},
			"minecraft:cat_calico": {
				"minecraft:type_family": {
					"family": [
						"cat", "mob",
						"mob",
						"calico"
					]
				},
				"minecraft:variant": {
					"value": 5
				}
			},
			"minecraft:cat_persian": {
				"minecraft:type_family": {
					"family": [
						"cat", "mob",
						"mob",
						"persian"
					]
				},
				"minecraft:variant": {
					"value": 6
				}
			},
			"minecraft:cat_ragdoll": {
				"minecraft:type_family": {
					"family": [
						"cat", "mob",
						"mob",
						"ragdoll"
					]
				},
				"minecraft:variant": {
					"value": 7
				}
			},
			"minecraft:cat_tabby": {
				"minecraft:type_family": {
					"family": [
						"cat", "mob",
						"mob",
						"tabby"
					]
				},
				"minecraft:variant": {
					"value": 8
				}
			},
			"minecraft:cat_black": {
				"minecraft:type_family": {
					"family": [
						"cat", "mob",
						"mob",
						"black"
					]
				},
				"minecraft:variant": {
					"value": 9
				}
			},
			"minecraft:cat_jellie": {
				"minecraft:type_family": {
					"family": [
						"cat", "mob",
						"mob",
						"jellie"
					]
				},
				"minecraft:variant": {
					"value": 10
				}
			},
			"minecraft:cat_blackorange": {
				"minecraft:type_family": {
					"family": [
						"cat", "mob",
						"mob",
						"blackorange"
					]
				},
				"minecraft:variant": {
					"value": 11
				}
			},
			"minecraft:cat_blackwhite": {
				"minecraft:type_family": {
					"family": [
						"cat", "mob",
						"mob",
						"blackwhite"
					]
				},
				"minecraft:variant": {
					"value": 12
				}
			},
			"minecraft:cat_perry": {
				"minecraft:type_family": {
					"family": [
						"cat", "mob",
						"mob",
						"perry"
					]
				},
				"minecraft:variant": {
					"value": 13
				}
			},
			"minecraft:cat_pizza": {
				"minecraft:type_family": {
					"family": [
						"cat", "mob",
						"mob",
						"pizza"
					]
				},
				"minecraft:variant": {
					"value": 14
				}
			},
			"minecraft:cat_sugar": {
				"minecraft:type_family": {
					"family": [
						"cat", "mob",
						"mob",
						"sugar"
					]
				},
				"minecraft:variant": {
					"value": 15
				}
			},
			"minecraft:cat_lily": {
				"minecraft:type_family": {
					"family": [
						"cat", "mob",
						"mob",
						"lily"
					]
				},
				"minecraft:variant": {
					"value": 16
				}
			},
			"zero": {
				"minecraft:color": {
					"value": 0
				}
			},
			"one": {
				"minecraft:color": {
					"value": 1
				}
			},
			"two": {
				"minecraft:color": {
					"value": 2
				}
			},
			"three": {
				"minecraft:color": {
					"value": 3
				}
			},
			"four": {
				"minecraft:color": {
					"value": 4
				}
			},
			"five": {
				"minecraft:color": {
					"value": 5
				}
			},
			"six": {
				"minecraft:color": {
					"value": 6
				}
			},
			"seven": {
				"minecraft:color": {
					"value": 7
				}
			},
			"eight": {
				"minecraft:color": {
					"value": 8
				}
			},
			"nine": {
				"minecraft:color": {
					"value": 9
				}
			},
			"ten": {
				"minecraft:color": {
					"value": 10
				}
			},
			"eleven": {
				"minecraft:color": {
					"value": 11
				}
			},
			"tweleve": {
				"minecraft:color": {
					"value": 12
				}
			},
			"thirteen": {
				"minecraft:color": {
					"value": 13
				}
			},
			"fourteen": {
				"minecraft:color": {
					"value": 14
				}
			},
			"fifteen": {
				"minecraft:color": {
					"value": 15
				}
			},
			"sixteen": {
				"minecraft:color": {
					"value": 16
				}
			},
			"seventeen": {
				"minecraft:color": {
					"value": 17
				}
			},
			"eighteen": {
				"minecraft:color": {
					"value": 18
				}
			},
			"nineteen": {
				"minecraft:color": {
					"value": 19
				}
			}
		},
		"components": {
			"minecraft:is_hidden_when_invisible": {},
			"minecraft:attack_damage": {
				"value": 5
			},
			"minecraft:behavior.nearest_attackable_target": {
				"priority": 6,
				"attack_interval": 10,
				"reselect_targets": true,
				"within_radius": 16,
				"entity_types": [
					{
						"filters": {
							"any_of": [
								{
									"all_of": [
										{
											"any_of": [
												{
													"test": "is_family",
													"subject": "other",
													"value": "zcatwild"
												},
												{
													"test": "is_family",
													"subject": "other",
													"value": "scataggresive"
												},
												{
													"test": "is_family",
													"subject": "other",
													"value": "endercatwild"
												},
												{
													"test": "is_family",
													"subject": "other",
													"value": "baby_turtle"
												}
											]
										},
										{
											"any_of": [
												{
													"test": "has_component",
													"subject": "other",
													"operator": "not",
													"value": "minecraft:is_tamed"
												}
											]
										}
									]
								},
								{
									"all_of": [
										{
											"any_of": [
												{
													"test": "is_family",
													"subject": "other",
													"value": "hamster"
												},
												{
													"test": "is_family",
													"subject": "other",
													"value": "rat"
												}
											]
										},
										{
											"test": "has_component",
											"subject": "other",
											"operator": "not",
											"value": "minecraft:is_tamed"
										}
									]
								}
							]
						},
						"max_dist": 10
					}
				]
			},
			"minecraft:nameable": {},
			"minecraft:type_family": {
				"family": [
					"cat", "mob"
				]
			},
			"minecraft:breathable": {
				"total_supply": 15,
				"suffocate_time": 0
			},
			"minecraft:collision_box": {
				"width": 0.6,
				"height": 0.7
			},
			"minecraft:movement": {
				"value": 0.3
			},
			"minecraft:navigation.walk": {
				"can_float": true,
				"avoid_water": true,
				"avoid_damage_blocks": true
			},
			"minecraft:movement.basic": {},
			"minecraft:jump.static": {},
			"minecraft:can_climb": {},
			"minecraft:healable": {
				"items": [
					{
						"item": "billey:poultry_orange",
						"heal_amount": 7
					},
					{
						"item": "billey:cooked_snail",
						"heal_amount": 4,
						"effects": [
							{
								"name": "strength",
								"chance": 1.0,
								"duration": 15,
								"amplifier": 1
							}
						]
					},
					{
						"item": "billey:cooked_snail_s",
						"heal_amount": 4,
						"effects": [
							{
								"name": "speed",
								"chance": 1.0,
								"duration": 15,
								"amplifier": 1
							}
						]
					},
					{
						"item": "billey:cooked_snail_w",
						"heal_amount": 4,
						"effects": [
							{
								"name": "regeneration",
								"chance": 1.0,
								"duration": 15,
								"amplifier": 1
							}
						]
					},
					{
						"item": "fish",
						"heal_amount": 2
					},
					{
						"item": "salmon",
						"heal_amount": 3
					},
					{
						"item": "billey:raw_catfish",
						"heal_amount": 3
					},
					{
						"item": "clownfish",
						"heal_amount": 20
					}
				]
			},
			"minecraft:behavior.float": {
				"priority": 0
			},
			"minecraft:behavior.panic": {
				"priority": 1,
				"speed_multiplier": 1.25
			},
			"minecraft:pushable": {
				"is_pushable": true,
				"is_pushable_by_piston": true
			},
			"minecraft:damage_sensor": {
				"triggers": [
					{
						"on_damage": {
							"filters": {
								"all_of": [
									{
										"test": "is_owner",
										"subject": "other",
										"value": true
									},
									{
										"test": "has_tag",
										"subject": "other",
										"operator": "not",
										"value": "billey:can_hit_own_pet"
									}
								]
							},
							"event": "say_owner_hit_pet_info"
						},
						"cause": "all",
						"deals_damage": false
					},
					{
						"on_damage": {
							"filters": {
								"all_of": [
									{
										"test": "has_component",
										"subject": "self",
										"value": "minecraft:is_tamed"
									},
									{
										"test": "is_owner",
										"subject": "other",
										"value": false
									},
									{
										"test": "has_tag",
										"subject": "other",
										"value": "billey:cant_hit_other_pet"
									}
								]
							},
							"event": "say_other_hit_pet_info"
						},
						"cause": "all",
						"deals_damage": false
					},
					{
						"cause": "fall",
						"deals_damage": false
					},
					{
						"on_damage": {
							"filters": {
								"test": "is_family",
								"subject": "other",
								"value": "endrodprojectilexd"
							}
						},
						"damage_multiplier": 0.0
					}
				]
			},
			"minecraft:behavior.mount_pathing": {
				"priority": 1,
				"speed_multiplier": 1.25,
				"target_dist": 0,
				"track_target": true
			},
			"minecraft:behavior.leap_at_target": {
				"priority": 3,
				"target_dist": 0.3
			},
			"minecraft:behavior.ocelotattack": {
				"priority": 4,
				"walk_speed_multiplier": 0.8,
				"sprint_speed_multiplier": 1.33,
				"sneak_speed_multiplier": 0.6
			},
			"minecraft:behavior.beg": {
				"priority": 5,
				"look_distance": 6,
				"look_time": 0,
				"items": [
					"fish",
					"salmon",
					"billey:raw_catfish",
					"billey:sand_banana"
				]
			},
			"minecraft:behavior.hurt_by_target": {
				"priority": 1,
				"entity_types": {
					"filters": {
						"test": "is_family",
						"subject": "other",
						"value": "zcatwild"
					}
				}
			},
			"minecraft:behavior.random_stroll": {
				"priority": 8,
				"speed_multiplier": 0.8
			},
			"minecraft:behavior.look_at_player": {
				"probability": 0.01,
				"priority": 9
			},
			"minecraft:on_target_acquired": {
				"event": "billey:pet_target_acquired"
			},
			"minecraft:on_target_escape": {
				"event": "billey:pet_target_escape"
			},
			"minecraft:physics": {},
			//so scripts can always get it for the giraffe cat crossbreeding (giraffe_cat.js)
			"minecraft:variant": {
				"value": 0
			}
			//cats that were born instead of spawned don't have the variant component in vanilla
		},
		"events": {
            "reset_target": {
                "reset_target": {}
            },
			"spawn_lily": {
				"sequence": [
					{
						"trigger": "minecraft:entity_spawned"
					},
					{
						"add": {
							"component_groups": [
								"minecraft:cat_lily"
							]
						}
					}
				]
			},
			"billey:pet_target_acquired": {},
			"billey:pet_target_escape": {},
			"destroy_head_equipment": {
				"queue_command": {
					"command": "scriptevent billey:destroy_pet_head_equipment"
				}
			},
			"set_follow_state": {
				"sequence": [
					{
						"filters": {
							"test": "has_component",
							"subject": "self",
							"value": "minecraft:behavior.follow_owner"
						},
						"set_property": {
							"billey:follow_owner_state": "following"
						}
					},
					{
						"filters": {
							"test": "has_component",
							"subject": "self",
							"operator": "not",
							"value": "minecraft:behavior.follow_owner"
						},
						"set_property": {
							"billey:follow_owner_state": "wandering"
						}
					}
				]
			},
			"set_sitting_property_false": {
				"set_property": {
					"billey:is_sitting": false
				}
			},
			"set_sitting_property_true": {
				"set_property": {
					"billey:is_sitting": true
				}
			},
			"say_owner_hit_pet_info": {
				"queue_command": {
					"target": "other",
					"command": [
						"titleraw @s actionbar {\"rawtext\":[{\"translate\":\"chat.billeys_mobs.owner_hit_pet\"}]}",
						"tellraw @s[tag=!billey:has_hurt_own_pet] {\"rawtext\":[{\"translate\":\"ui.billeys_mobs.info.owner_hit_pet\"}]}",
						"tag @s add billey:has_hurt_own_pet"
					]
				}
			},
			"say_other_hit_pet_info": {
				"queue_command": {
					"target": "other",
					"command": "titleraw @s actionbar {\"rawtext\":[{\"translate\":\"chat.billeys_mobs.other_hit_pet\"}]}"
				}
			},
			"add_sittable": {
				"add": {
					"component_groups": [
						"sittable"
					]
				}
			},
			"remove_sittable": {
				"remove": {
					"component_groups": [
						"sittable"
					]
				}
			},
			"get_electrocuted": {
				"add": {
					"component_groups": [
						"electrocuted"
					]
				}
			},
			"blackstripehat": {
				"queue_command": {
					"command": [
						"replaceitem entity @s slot.armor.head 0 minecraft:dried_kelp"
					]
				}
			},
			"wearhat": {
				"add": {
					"component_groups": [
						"hat"
					]
				}
			},
			"nohat": {
				"remove": {
					"component_groups": [
						"hat"
					]
				},
				"queue_command": {
					"command": [
						"replaceitem entity @s slot.armor.head 0 feather"
					]
				}
			},
			"bepicklecat": {
				"add": {
					"component_groups": [
						"topicklecat"
					]
				}
			},
            "eventwander": {
                "sequence": [
                    {
                        "queue_command": {
                            "command": [
                                "tellraw @a[r=5] {\"rawtext\": [{\"translate\": \"billmobs.wander\"},{\"selector\": \"@s\"}, {\"translate\": \"billmobs.wander2\"}] }"
                            ]
                        }
                    },
                    {
                        "trigger": "eventwander_silent"
                    }
                ]
            },
            "eventfollow": {
                "sequence": [
                    {
                        "queue_command": {
                            "command": [
                                "tellraw @a[r=5] {\"rawtext\": [{\"translate\": \"billmobs.follow\"},{\"selector\": \"@s\"}, {\"translate\": \"billmobs.follow2\"}] }"
                            ]
                        }
                    },
                    {
                        "trigger": "eventfollow_silent"
                    }
                ]
            },
            "eventwander_silent": {
                "sequence": [
                    {
                        "remove": {
                            "component_groups": [
                                "following"
                            ]
                        }
                    },
                    {
                        "set_property": {
                            "billey:follow_owner_state": "wandering"
                        }
                    }
                ]
            },
            "eventfollow_silent": {
                "sequence": [
                    {
                        "add": {
                            "component_groups": [
                                "following"
                            ]
                        }
                    },
                    {
                        "set_property": {
                            "billey:follow_owner_state": "following"
                        }
                    }
                ]
            },
			"beenfedabanana": {
				"sequence": [
					{
						"queue_command": {
							"command": [
								"particle billey:eatbanana ~ ~.5 ~"
							]
						}
					},
					{
						"randomize": [
							{
								"weight": 8,
								"queue_command": {
									"command": [
										"effect @s regeneration 7 1"
									]
								}
							},
							{
								"weight": 4,
								"queue_command": {
									"command": [
										"effect @s regeneration 10"
									]
								}
							},
							{
								"weight": 4,
								"queue_command": {
									"command": [
										"effect @s speed 10"
									]
								}
							},
							{
								"weight": 4,
								"queue_command": {
									"command": [
										"effect @s absorption 10"
									]
								}
							},
							{
								"weight": 4,
								"queue_command": {
									"command": [
										"effect @s resistance 10"
									]
								}
							},
							{
								"weight": 4,
								"queue_command": {
									"command": [
										"effect @s strength 10"
									]
								}
							},
							{
								"weight": 4,
								"queue_command": {
									"command": [
										"effect @s water_breathing 10"
									]
								}
							},
							{
								"weight": 4,
								"queue_command": {
									"command": [
										"effect @s fire_resistance 10"
									]
								}
							},
							{
								"weight": 1,
								"sequence": [
									{
										"queue_command": {
											"command": [
												"effect @s levitation 1 0 true"
											]
										}
									},
									{
										"queue_command": {
											"target": "other",
											"command": [
												"effect @s levitation 1 0 true"
											]
										}
									}
								]
							}
						]
					}
				]
			},
			"bepetted": {
				"sequence": [
					{
						"randomize": [
							{
								"weight": 13
							},
							{
								"weight": 1,
								"queue_command": {
									"command": [
										"playanimation @s animation.billeys_mobs.cat.petted3 xd 0.3 \"q.is_moving || q.any_animation_finished || !q.is_on_ground\""
									]
								}
							},
							{
								"weight": 1,
								"queue_command": {
									"command": [
										"playanimation @s animation.billeys_mobs.cat.petted"
									]
								}
							}
						]
					},
					{
						"queue_command": {
							"target": "other",
							"command": [
								"playanimation @s animation.billeys_mobsplayer.pet"
							]
						}
					},
					{
						"randomize": [
							{
								"weight": 1
							},
							{
								"weight": 99,
								"queue_command": {
									"command": [
										"playsound mob.cat.purr @a ~~~"
									]
								}
							},
							{
								"weight": 3,
								"queue_command": {
									"command": [
										"playsound mob.cat.purr @a ~~~",
										"effect @s resistance 10 1 true"
									]
								}
							},
							{
								"weight": 3,
								"queue_command": {
									"command": [
										"playsound mob.cat.purr @a ~~~",
										"effect @s fire_resistance 10 1 true"
									]
								}
							},
							{
								"weight": 3,
								"queue_command": {
									"command": [
										"playsound mob.cat.purr @a ~~~",
										"effect @s strength 10 1 true"
									]
								}
							},
							{
								"weight": 3,
								"queue_command": {
									"command": [
										"playsound mob.cat.purr @a ~~~",
										"effect @s water_breathing 30 0 true"
									]
								}
							},
							{
								"weight": 3,
								"queue_command": {
									"command": [
										"playsound mob.cat.purr @a ~~~",
										"effect @s speed 10 1 true"
									]
								}
							},
							{
								"weight": 1,
								"queue_command": {
									"command": [
										"playsound mob.cat.purr @a ~~~",
										"effect @s levitation 1 1 true",
										"effect @s regeneration 30 1 true"
									]
								}
							},
							{
								"weight": 1,
								"queue_command": {
									"command": [
										"playsound mob.cat.purr @a ~~~",
										"effect @s speed 1 0"
									]
								}
							}
						]
					}
				]
			},
			"kroma": {
				"add": {
					"component_groups": [
						"kromatik"
					]
				}
			},
			"nokroma": {
				"remove": {
					"component_groups": [
						"kromatik"
					]
				}
			},
			"minecraft:entity_spawned": {
				"sequence": [
					{
						"randomize": [
							{
								"weight": 3,
								"remove": {},
								"add": {
									"component_groups": [
										"minecraft:cat_adult",
										"minecraft:cat_wild"
									]
								}
							},
							{
								"weight": 1,
								"remove": {},
								"add": {
									"component_groups": [
										"minecraft:cat_baby",
										"minecraft:cat_wild"
									]
								}
							}
						]
					},
					{
						"randomize": [
							{
								"weight": 15,
								"add": {
									"component_groups": [
										"minecraft:cat_white"
									]
								}
							},
							{
								"weight": 15,
								"add": {
									"component_groups": [
										"minecraft:cat_tuxedo"
									]
								}
							},
							{
								"weight": 15,
								"add": {
									"component_groups": [
										"minecraft:cat_red"
									]
								}
							},
							{
								"weight": 15,
								"add": {
									"component_groups": [
										"minecraft:cat_siamese"
									]
								}
							},
							{
								"weight": 15,
								"add": {
									"component_groups": [
										"minecraft:cat_british"
									]
								}
							},
							{
								"weight": 15,
								"add": {
									"component_groups": [
										"minecraft:cat_calico"
									]
								}
							},
							{
								"weight": 15,
								"add": {
									"component_groups": [
										"minecraft:cat_persian"
									]
								}
							},
							{
								"weight": 15,
								"add": {
									"component_groups": [
										"minecraft:cat_ragdoll"
									]
								}
							},
							{
								"weight": 15,
								"add": {
									"component_groups": [
										"minecraft:cat_tabby"
									]
								}
							},
							{
								"weight": 15,
								"add": {
									"component_groups": [
										"minecraft:cat_black"
									]
								}
							},
							{
								"weight": 15,
								"add": {
									"component_groups": [
										"minecraft:cat_jellie"
									]
								}
							},
							{
								"weight": 15,
								"add": {
									"component_groups": [
										"minecraft:cat_blackorange"
									]
								}
							},
							{
								"weight": 15,
								"add": {
									"component_groups": [
										"minecraft:cat_blackwhite"
									]
								}
							},
							{
								"weight": 15,
								"add": {
									"component_groups": [
										"minecraft:cat_perry"
									]
								}
							},
							{
								"weight": 15,
								"add": {
									"component_groups": [
										"minecraft:cat_pizza"
									]
								}
							},
							{
								"weight": 15,
								"add": {
									"component_groups": [
										"minecraft:cat_sugar"
									]
								}
							},
							{
								"weight": 15,
								"add": {
									"component_groups": [
										"minecraft:cat_lily"
									]
								}
							}
						]
					}
				]
			},
			"minecraft:spawn_from_village": {
				"sequence": [
					{
						"randomize": [
							{
								"weight": 3,
								"remove": {},
								"add": {
									"component_groups": [
										"minecraft:cat_adult",
										"minecraft:cat_wild"
									]
								}
							},
							{
								"weight": 1,
								"remove": {},
								"add": {
									"component_groups": [
										"minecraft:cat_baby",
										"minecraft:cat_wild",
										"minecraft:cat_age"
									]
								}
							}
						]
					},
					{
						"randomize": [
							{
								"weight": 15,
								"add": {
									"component_groups": [
										"minecraft:cat_tuxedo"
									]
								}
							},
							{
								"weight": 15,
								"add": {
									"component_groups": [
										"minecraft:cat_red"
									]
								}
							},
							{
								"weight": 15,
								"add": {
									"component_groups": [
										"minecraft:cat_siamese"
									]
								}
							},
							{
								"weight": 15,
								"add": {
									"component_groups": [
										"minecraft:cat_white"
									]
								}
							},
							{
								"weight": 15,
								"add": {
									"component_groups": [
										"minecraft:cat_british"
									]
								}
							},
							{
								"weight": 15,
								"add": {
									"component_groups": [
										"minecraft:cat_calico"
									]
								}
							},
							{
								"weight": 15,
								"add": {
									"component_groups": [
										"minecraft:cat_persian"
									]
								}
							},
							{
								"weight": 15,
								"add": {
									"component_groups": [
										"minecraft:cat_ragdoll"
									]
								}
							},
							{
								"weight": 15,
								"add": {
									"component_groups": [
										"minecraft:cat_tabby"
									]
								}
							},
							{
								"weight": 15,
								"add": {
									"component_groups": [
										"minecraft:cat_jellie"
									]
								}
							},
							{
								"weight": 15,
								"add": {
									"component_groups": [
										"minecraft:cat_blackorange"
									]
								}
							},
							{
								"weight": 15,
								"add": {
									"component_groups": [
										"minecraft:cat_blackwhite"
									]
								}
							},
							{
								"weight": 15,
								"add": {
									"component_groups": [
										"minecraft:cat_perry"
									]
								}
							},
							{
								"weight": 15,
								"add": {
									"component_groups": [
										"minecraft:cat_pizza"
									]
								}
							},
							{
								"weight": 15,
								"add": {
									"component_groups": [
										"minecraft:cat_sugar"
									]
								}
							}
						]
					}
				]
			},
			"minecraft:spawn_midnight_cat": {
				"sequence": [
					{
						"add": {
							"component_groups": [
								"minecraft:cat_adult",
								"minecraft:cat_wild",
								"minecraft:cat_black"
							]
						}
					}
				]
			},
			"minecraft:entity_born": {
				"sequence": [
					{
						"remove": {},
						"add": {
							"component_groups": [
								"minecraft:cat_baby",
								"minecraft:cat_tame",
								"minecraft:cat_age"
							]
						}
					},
					{
						"filters": {
							"test": "has_component",
							"value": "minecraft:is_illager_captain",
							"subject": "parent"
						},
						"add": {
							"component_groups": [
								"kromatik"
							]
						}
					}
				]
			},
			"minecraft:ageable_grow_up": {
				"remove": {
					"component_groups": [
						"minecraft:cat_baby",
						"minecraft:cat_age"
					]
				},
				"add": {
					"component_groups": [
						"minecraft:cat_adult"
					]
				}
			},
			"yeet": {
				"add": {
					"component_groups": [
						"yeeted"
					]
				}
			},
			"untame": {
				"sequence": [
					{
						"queue_command": {
							"command": [
								"playsound random.orb @a ~~~ 1.00 0.8 0.5",
								"tellraw @a[r=5] {\"rawtext\": [{\"translate\": \"billmobs.untame\"},{\"selector\": \"@s\"}, {\"translate\": \"billmobs.untame2\"}] }"
							]
						}
					},
					{
						"remove": {
							"component_groups": [
								"tamed_component"
							]
						},
						"add": {
							"component_groups": [
								"untamed"
							]
						}
					}
				]
			},
			"minecraft:on_tame": {
				"sequence": [
					{
						"remove": {
							"component_groups": [
								"minecraft:cat_wild"
							]
						}
					},
					{
						"add": {
							"component_groups": [
								"minecraft:cat_tame"
							]
						}
					},
					{
						"filters": {
							"test": "has_component",
							"subject": "self",
							"value": "minecraft:is_baby"
						},
						"add": {
							"component_groups": [
								"minecraft:cat_age"
							]
						}
					}
				]
			},
			"minecraft:on_leash": {
				"add": {
					"component_groups": [
						"minecraft:cat_leashed"
					]
				}
			},
			"minecraft:on_unleash": {
				"remove": {
					"component_groups": [
						"minecraft:cat_leashed"
					]
				}
			},
			"minecraft:pet_slept_with_owner": {
				"filters": {
					"test": "is_daytime"
				},
				"queue_command": {
					"command": [
						"loot spawn ~~~ loot \"entities/cat_gift\""
					]
				}
			},
			"minecraft:entity_transformed": {
				"sequence": [
					{
						"add": {
							"component_groups": [
								"minecraft:cat_tame"
							]
						}
					},
					{
						"filters": {
							"test": "has_component",
							"subject": "other",
							"operator": "!=",
							"value": "minecraft:is_baby"
						},
						"add": {
							"component_groups": [
								"minecraft:cat_adult"
							]
						}
					},
					{
						"filters": {
							"test": "has_component",
							"subject": "other",
							"value": "minecraft:is_baby"
						},
						"add": {
							"component_groups": [
								"minecraft:cat_baby"
							]
						}
					},
					{
						"filters": {
							"test": "has_component",
							"subject": "other",
							"value": "minecraft:is_illager_captain"
						},
						"add": {
							"component_groups": [
								"kromatik"
							]
						}
					},
					{
						"filters": {
							"all_of": [
								{
									"test": "is_family",
									"operator": "!=",
									"value": "white"
								},
								{
									"test": "is_variant",
									"value": 0
								}
							]
						},
						"randomize": [
							{
								"weight": 15,
								"add": {
									"component_groups": [
										"minecraft:cat_white"
									]
								}
							},
							{
								"weight": 15,
								"add": {
									"component_groups": [
										"minecraft:cat_tuxedo"
									]
								}
							},
							{
								"weight": 15,
								"add": {
									"component_groups": [
										"minecraft:cat_red"
									]
								}
							},
							{
								"weight": 15,
								"add": {
									"component_groups": [
										"minecraft:cat_siamese"
									]
								}
							},
							{
								"weight": 15,
								"add": {
									"component_groups": [
										"minecraft:cat_british"
									]
								}
							},
							{
								"weight": 15,
								"add": {
									"component_groups": [
										"minecraft:cat_calico"
									]
								}
							},
							{
								"weight": 15,
								"add": {
									"component_groups": [
										"minecraft:cat_persian"
									]
								}
							},
							{
								"weight": 15,
								"add": {
									"component_groups": [
										"minecraft:cat_ragdoll"
									]
								}
							},
							{
								"weight": 15,
								"add": {
									"component_groups": [
										"minecraft:cat_tabby"
									]
								}
							},
							{
								"weight": 15,
								"add": {
									"component_groups": [
										"minecraft:cat_black"
									]
								}
							},
							{
								"weight": 15,
								"add": {
									"component_groups": [
										"minecraft:cat_jellie"
									]
								}
							},
							{
								"weight": 15,
								"add": {
									"component_groups": [
										"minecraft:cat_blackorange"
									]
								}
							},
							{
								"weight": 15,
								"add": {
									"component_groups": [
										"minecraft:cat_blackwhite"
									]
								}
							},
							{
								"weight": 15,
								"add": {
									"component_groups": [
										"minecraft:cat_perry"
									]
								}
							},
							{
								"weight": 15,
								"add": {
									"component_groups": [
										"minecraft:cat_pizza"
									]
								}
							},
							{
								"weight": 15,
								"add": {
									"component_groups": [
										"minecraft:cat_sugar"
									]
								}
							}
						]
					},
					{
						"filters": {
							"test": "is_family",
							"subject": "other",
							"value": "white"
						},
						"add": {
							"component_groups": [
								"minecraft:cat_white"
							]
						}
					},
					{
						"filters": {
							"test": "is_family",
							"subject": "other",
							"value": "tuxedo"
						},
						"add": {
							"component_groups": [
								"minecraft:cat_tuxedo"
							]
						}
					},
					{
						"filters": {
							"test": "is_family",
							"subject": "other",
							"value": "red"
						},
						"add": {
							"component_groups": [
								"minecraft:cat_red"
							]
						}
					},
					{
						"filters": {
							"test": "is_family",
							"subject": "other",
							"value": "siamese"
						},
						"add": {
							"component_groups": [
								"minecraft:cat_siamese"
							]
						}
					},
					{
						"filters": {
							"test": "is_family",
							"subject": "other",
							"value": "british"
						},
						"add": {
							"component_groups": [
								"minecraft:cat_british"
							]
						}
					},
					{
						"filters": {
							"test": "is_family",
							"subject": "other",
							"value": "calico"
						},
						"add": {
							"component_groups": [
								"minecraft:cat_calico"
							]
						}
					},
					{
						"filters": {
							"test": "is_family",
							"subject": "other",
							"value": "persian"
						},
						"add": {
							"component_groups": [
								"minecraft:cat_persian"
							]
						}
					},
					{
						"filters": {
							"test": "is_family",
							"subject": "other",
							"value": "tabby"
						},
						"add": {
							"component_groups": [
								"minecraft:cat_tabby"
							]
						}
					},
					{
						"filters": {
							"test": "is_family",
							"subject": "other",
							"value": "black"
						},
						"add": {
							"component_groups": [
								"minecraft:cat_black"
							]
						}
					},
					{
						"filters": {
							"test": "is_family",
							"subject": "other",
							"value": "jellie"
						},
						"add": {
							"component_groups": [
								"minecraft:cat_jellie"
							]
						}
					},
					{
						"filters": {
							"test": "is_family",
							"subject": "other",
							"value": "blackorange"
						},
						"add": {
							"component_groups": [
								"minecraft:cat_blackorange"
							]
						}
					},
					{
						"filters": {
							"test": "is_family",
							"subject": "other",
							"value": "blackwhite"
						},
						"add": {
							"component_groups": [
								"minecraft:cat_blackwhite"
							]
						}
					},
					{
						"filters": {
							"test": "is_family",
							"subject": "other",
							"value": "perry"
						},
						"add": {
							"component_groups": [
								"minecraft:cat_perry"
							]
						}
					},
					{
						"filters": {
							"test": "is_family",
							"subject": "other",
							"value": "pizza"
						},
						"add": {
							"component_groups": [
								"minecraft:cat_pizza"
							]
						}
					},
					{
						"filters": {
							"test": "is_family",
							"subject": "other",
							"value": "sugar"
						},
						"add": {
							"component_groups": [
								"minecraft:cat_sugar"
							]
						}
					},
					{
						"filters": {
							"test": "is_color",
							"subject": "other",
							"value": 0
						},
						"add": {
							"component_groups": [
								"zero"
							]
						}
					},
					{
						"filters": {
							"test": "is_color",
							"subject": "other",
							"value": 1
						},
						"add": {
							"component_groups": [
								"one"
							]
						}
					},
					{
						"filters": {
							"test": "is_color",
							"subject": "other",
							"value": 2
						},
						"add": {
							"component_groups": [
								"two"
							]
						}
					},
					{
						"filters": {
							"test": "is_color",
							"subject": "other",
							"value": 3
						},
						"add": {
							"component_groups": [
								"three"
							]
						}
					},
					{
						"filters": {
							"test": "is_color",
							"subject": "other",
							"value": 4
						},
						"add": {
							"component_groups": [
								"four"
							]
						}
					},
					{
						"filters": {
							"test": "is_color",
							"subject": "other",
							"value": 5
						},
						"add": {
							"component_groups": [
								"five"
							]
						}
					},
					{
						"filters": {
							"test": "is_color",
							"subject": "other",
							"value": 6
						},
						"add": {
							"component_groups": [
								"six"
							]
						}
					},
					{
						"filters": {
							"test": "is_color",
							"subject": "other",
							"value": 7
						},
						"add": {
							"component_groups": [
								"seven"
							]
						}
					},
					{
						"filters": {
							"test": "is_color",
							"subject": "other",
							"value": 8
						},
						"add": {
							"component_groups": [
								"eight"
							]
						}
					},
					{
						"filters": {
							"test": "is_color",
							"subject": "other",
							"value": 9
						},
						"add": {
							"component_groups": [
								"nine"
							]
						}
					},
					{
						"filters": {
							"test": "is_color",
							"subject": "other",
							"value": 10
						},
						"add": {
							"component_groups": [
								"ten"
							]
						}
					},
					{
						"filters": {
							"test": "is_color",
							"subject": "other",
							"value": 12
						},
						"add": {
							"component_groups": [
								"twelve"
							]
						}
					},
					{
						"filters": {
							"test": "is_color",
							"subject": "other",
							"value": 11
						},
						"add": {
							"component_groups": [
								"eleven"
							]
						}
					},
					{
						"filters": {
							"test": "is_color",
							"subject": "other",
							"value": 13
						},
						"add": {
							"component_groups": [
								"thirteen"
							]
						}
					},
					{
						"filters": {
							"test": "is_color",
							"subject": "other",
							"value": 14
						},
						"add": {
							"component_groups": [
								"fourteen"
							]
						}
					},
					{
						"filters": {
							"test": "is_color",
							"subject": "other",
							"value": 15
						},
						"add": {
							"component_groups": [
								"fifteen"
							]
						}
					},
					{
						"filters": {
							"test": "is_color",
							"subject": "other",
							"value": 16
						},
						"add": {
							"component_groups": [
								"sixteen"
							]
						}
					},
					{
						"filters": {
							"test": "is_color",
							"subject": "other",
							"value": 17
						},
						"add": {
							"component_groups": [
								"seventeen"
							]
						}
					},
					{
						"filters": {
							"test": "is_color",
							"subject": "other",
							"value": 18
						},
						"add": {
							"component_groups": [
								"eighteen"
							]
						}
					},
					{
						"filters": {
							"test": "is_color",
							"subject": "other",
							"value": 19
						},
						"add": {
							"component_groups": [
								"nineteen"
							]
						}
					}
				]
			},
			"zombiewhite": {
				"add": {
					"component_groups": [
						"zombie_white"
					]
				}
			},
			"zombiewhite2": {
				"add": {
					"component_groups": [
						"zombie_white2"
					]
				}
			}
		}
	}
}