{
	"format_version": "1.8.0",
	"minecraft:entity": {
		"description": {
			"identifier": "minecraft:cod",
			"is_spawnable": true,
			"is_summonable": true,
			"is_experimental": false,
			"scripts": {
                "animate": [ "check_beta_apis",
                    {
                        "rainbow_effects": "q.is_illager_captain"
                    },
					"tame"
				]
			},
            "animations": {
                "check_beta_apis": "animation.billeys_mobs.check_beta_apis",
                "rainbow_effects": "animation.billeys_mobs.rainbow_effects",
                "stand_up_when_hit": "controller.animation.billeys_mobs.stand_up_when_hit",
				"tame": "controller.animation.billeys_mobs.tame"
			}
		},
		"component_groups": {
            "sittable": {
                "minecraft:sittable": {}
            },
			"electrocuted": {
				"minecraft:loot": {
					"table": "loot_tables/entities/billey_electrocuted.json"
				}
			},
			"following": {
				"minecraft:behavior.follow_owner": {
					"priority": 4,
					"speed_multiplier": 1.25,
					"start_distance": 7,
					"stop_distance": 5
				}
			},
			"dropcooked": {
				"minecraft:loot": {
					"table": "loot_tables/entities/billcookedfish.json"
				}
			},
			"kromatik": {
				"minecraft:is_illager_captain": {}
			},
			"alive": {
				"minecraft:experience_reward": {
					"on_bred": "Math.Random(1,7)",
					"on_death": "q.last_hit_by_player ? Math.Random(1,3) : 0"
				},
				"minecraft:interact": [{
						"play_sounds": "plop",
						"swing": true,
						"interact_text": "action.interact.get_info",
						"on_interact": {
							"filters": {
								"any_of": [
									{
										"test": "has_equipment",
										"subject": "other",
										"domain": "hand",
										"value": "feather"
									},
									{
										"test": "has_equipment",
										"subject": "other",
										"domain": "hand",
										"value": "book"
									}
								]
							},
							"event": "send_info",
							"target": "self"
						}
					},
					{
						"interact_text": "action.interact.pet",
						"on_interact": {
							"filters": {
								"all_of": [
									{
										"test": "has_equipment",
										"subject": "other",
										"domain": "hand",
										"operator": "!=",
										"value": "billey:swordfish"
									},
									{
										"test": "has_equipment",
										"subject": "other",
										"domain": "hand",
										"operator": "!=",
										"value": "billey:golden_swordfish"
									},
									{
										"test": "is_family",
										"subject": "other",
										"value": "player"
									},
									{
										"test": "is_sleeping",
										"subject": "self",
										"value": false
									},
									{
										"test": "is_sneaking",
										"subject": "other",
										"value": true
									}
								]
							},
							"event": "bepetted",
							"target": "self"
						}
					},
					{
						"play_sounds": "plop",
						"swing": true,
						"interact_text": "action.interact.wander",
						"on_interact": {
							"filters": {
								"all_of": [
									{
										"test": "has_equipment",
										"subject": "other",
										"domain": "hand",
										"value": "stick"
									},
									{
										"test": "has_component",
										"subject": "self",
										"value": "minecraft:behavior.follow_owner"
									},
									{
										"test": "is_family",
										"subject": "other",
										"value": "player"
									},
									{
										"test": "is_owner",
										"subject": "other",
										"value": true
									}
								]
							},
							"event": "eventwander",
							"target": "self"
						}
					},
					{
						"play_sounds": "plop",
						"swing": true,
						"interact_text": "action.interact.untame",
						"on_interact": {
							"filters": {
								"all_of": [
									{
										"test": "has_equipment",
										"subject": "other",
										"domain": "hand",
										"value": "billey:untaming_stick"
									},
									{
										"test": "is_family",
										"subject": "other",
										"value": "player"
									},
									{
										"test": "is_owner",
										"subject": "other",
										"value": true
									}
								]
							},
							"event": "untame",
							"target": "self"
						}
					},
					{
						"play_sounds": "plop",
						"swing": true,
						"interact_text": "action.interact.follow",
						"on_interact": {
							"filters": {
								"all_of": [
									{
										"test": "has_equipment",
										"subject": "other",
										"domain": "hand",
										"value": "stick"
									},
									{
										"test": "has_component",
										"subject": "self",
										"operator": "not",
										"value": "minecraft:behavior.follow_owner"
									},
									{
										"test": "is_family",
										"subject": "other",
										"value": "player"
									},
									{
										"test": "is_owner",
										"subject": "other",
										"value": true
									}
								]
							},
							"event": "eventfollow",
							"target": "self"
						}
					},
					{
						"use_item": true,
						"play_sounds": "eat",
						"interact_text": "action.interact.feed",
						"on_interact": {
							"filters": {
								"all_of": [
									{
										"test": "has_equipment",
										"subject": "other",
										"domain": "hand",
										"value": "billey:sand_banana"
									},
									{
										"test": "is_family",
										"subject": "other",
										"value": "player"
									}
								]
							},
							"event": "beenfedabanana",
							"target": "self"
						}
					},
					{
						"use_item": true,
						"play_sounds": "milk",
						"interact_text": "action.interact.use",
						"transform_to_item": "glass_bottle",
						"on_interact": {
							"filters": {
								"all_of": [
									{
										"test": "has_equipment",
										"subject": "other",
										"domain": "hand",
										"value": "billey:colorful_bottle"
									},
									{
										"test": "is_family",
										"subject": "other",
										"value": "player"
									},
									{
										"test": "is_owner",
										"subject": "other",
										"value": true
									}
								]
							},
							"event": "kroma",
							"target": "self"
						}
					},
					{
						"use_item": true,
						"play_sounds": "milk",
						"interact_text": "action.interact.use",
						"transform_to_item": "glass_bottle",
						"on_interact": {
							"filters": {
								"all_of": [
									{
										"test": "has_equipment",
										"subject": "other",
										"domain": "hand",
										"value": "billey:colorless_bottle"
									},
									{
										"test": "is_family",
										"subject": "other",
										"value": "player"
									},
									{
										"test": "is_owner",
										"subject": "other",
										"value": true
									}
								]
							},
							"event": "nokroma",
							"target": "self"
						}
					}
				],
				"minecraft:scale": {
					"value": 1
				},
				"minecraft:health": {
					"value": 3,
					"max": 3
				},
				"minecraft:damage_sensor": [
					{
						"on_damage": {
							"filters": {
								"test": "has_equipment",
								"subject": "other",
								"domain": "hand",
								"value": "billey:swordfish"
							},
							"event": "dokillgroup"
						},
						"deals_damage": false
					},
					{
						"on_damage": {
							"filters": {
								"test": "has_equipment",
								"subject": "other",
								"domain": "hand",
								"value": "billey:golden_swordfish"
							},
							"event": "burnearby"
						},
						"deals_damage": false
					},
					{
						"on_damage": {
							"filters": {
								"all_of": [
									{
										"any_of": [
											{
												"test": "is_family",
												"subject": "other",
												"value": "eatscod"
											},
											{
												"test": "is_family",
												"subject": "other",
												"value": "piranha"
											}
										]
									},
									{
										"test": "has_damage",
										"value": "fatal"
									}
								]
							},
							"event": "minecraft:die1"
						},
						"deals_damage": false
					},
					{
						"on_damage": {
							"filters": {
								"test": "is_family",
								"subject": "other",
								"value": "cod"
							}
						},
						"deals_damage": false
					}
				]
			},
			"eaten1": {
				"minecraft:scale": {
					"value": 0.70
				},
				"minecraft:health": {
					"value": 10,
					"max": 10
				},
				"minecraft:timer": {
					"time": [
						0.05,
						0.05
					],
					"looping": false,
					"time_down_event": {
						"event": "minecraft:die2",
						"target": "self"
					}
				},
				"minecraft:loot": {
					"table": "loot_tables/empty.json"
				}
			},
			"eaten2": {
				"minecraft:scale": {
					"value": 0.59
				},
				"minecraft:health": {
					"value": 10,
					"max": 10
				},
				"minecraft:timer": {
					"time": [
						0.05,
						0.05
					],
					"looping": false,
					"time_down_event": {
						"event": "minecraft:die3",
						"target": "self"
					}
				},
				"minecraft:loot": {
					"table": "loot_tables/empty.json"
				}
			},
			"eaten3": {
				"minecraft:scale": {
					"value": 0.45
				},
				"minecraft:health": {
					"value": 10,
					"max": 10
				},
				"minecraft:timer": {
					"time": [
						0.05,
						0.05
					],
					"looping": false,
					"time_down_event": {
						"event": "minecraft:die4",
						"target": "self"
					}
				},
				"minecraft:loot": {
					"table": "loot_tables/empty.json"
				}
			},
			"eaten4": {
				"minecraft:scale": {
					"value": 0.32
				},
				"minecraft:health": {
					"value": 10,
					"max": 10
				},
				"minecraft:timer": {
					"time": [
						0.05,
						0.05
					],
					"looping": false,
					"time_down_event": {
						"event": "minecraft:die5",
						"target": "self"
					}
				},
				"minecraft:loot": {
					"table": "loot_tables/empty.json"
				}
			},
			"eaten5": {
				"minecraft:scale": {
					"value": 0.14
				},
				"minecraft:health": {
					"value": 10,
					"max": 10
				},
				"minecraft:timer": {
					"time": [
						0.05,
						0.05
					],
					"looping": false,
					"time_down_event": {
						"event": "minecraft:die6",
						"target": "self"
					}
				},
				"minecraft:loot": {
					"table": "loot_tables/empty.json"
				}
			},
			"eaten6": {
				"minecraft:scale": {
					"value": 0.07
				},
				"minecraft:health": {
					"value": 10,
					"max": 10
				},
				"minecraft:timer": {
					"time": [
						0.05,
						0.05
					],
					"looping": false,
					"time_down_event": {
						"event": "minecraft:die7",
						"target": "self"
					}
				},
				"minecraft:loot": {
					"table": "loot_tables/empty.json"
				}
			},
			"die": {
				"minecraft:scale": {
					"value": 0
				},
				"minecraft:health": {
					"value": 0,
					"max": 0
				},
				"minecraft:loot": {
					"table": "loot_tables/empty.json"
				},
				"minecraft:transformation": {
					"into": "billey:despawn",
					"delay": 0.01
				}
			},
			"wild": {
                "minecraft:shareables": {
                    "all_items": false,
                    "all_items_max_amount": 1,
                    "items": [
                        {
                            "item": "minecraft:chicken",
                            "priority": 0,
                            "max_amount": 1
                        },
                        {
                            "item": "minecraft:clownfish",
                            "priority": 0,
                            "max_amount": 1
                        },
                        {
                            "item": "minecraft:fish",
                            "priority": 0,
                            "max_amount": 1
                        },
                        {
                            "item": "minecraft:rotten_flesh",
                            "priority": 0,
                            "max_amount": 1
                        },
                        {
                            "item": "minecraft:salmon",
                            "priority": 0,
                            "max_amount": 1
                        },
                        {
                            "item": "billey:swordmeat",
                            "priority": 0,
                            "max_amount": 1
                        },
                        {
                            "item": "billey:swordcooked",
                            "priority": 0,
                            "max_amount": 1
                        },
                        {
                            "item": "minecraft:bone",
                            "priority": 1,
                            "max_amount": 1
                        },
                        {
                            "item": "minecraft:feather",
                            "priority": 1,
                            "max_amount": 1
                        },
                        {
                            "item": "minecraft:dye", //ink sac
                            "priority": 1,
                            "max_amount": 1
                        },
                        {
                            "item": "billey:shark_tooth",
                            "priority": 1,
                            "max_amount": 1
                        },
                        {
                            "item": "billey:shark_scales",
                            "priority": 1,
                            "max_amount": 1
                        },
                        {
                            "item": "billey:swordfin",
                            "priority": 1,
                            "max_amount": 1
                        },
                        {
                            "item": "billey:swordtail",
                            "priority": 1,
                            "max_amount": 1
                        },
                        {
                            "item": "billey:swordstick",
                            "priority": 1,
                            "max_amount": 1
                        },
                        {
                            "item": "billey:anglerlight",
                            "priority": 1,
                            "max_amount": 1
                        },
                        {
                            "item": "billey:betta_fish",
                            "priority": 0,
                            "max_amount": 1
                        },
                        {
                            "item": "billey:raw_catfish",
                            "priority": 0,
                            "max_amount": 1
                        },
                        {
                            "item": "billey:pizzapiece",
                            "priority": 0,
                            "max_amount": 1
                        },
                        {
                            "item": "billey:raw_piranha",
                            "priority": 0,
                            "max_amount": 1
                        }
                    ]
                },
                "minecraft:behavior.eat_carried_item": {
                    "priority": 4,
                    "delay_before_eating": 0
                },
                "minecraft:behavior.pickup_items": {
                    "priority": 0,
                    "max_dist": 10,
                    "goal_radius": 2,
                    "speed_multiplier": 1.1
                },
                "minecraft:behavior.equip_item": {
                    "priority": 2
                },
				"minecraft:type_family": {
					"family": [
						"fish",
						"cod",
						"wildcod",
						"mob"
					]
				},
				"minecraft:despawn": {
					"despawn_from_distance": {}
				},
				"minecraft:tameable": {
					"probability": 0.69420666,
					
					"tame_items": [ "billey:power_banana",
						"wheat_seeds",
						"melon_seeds",
						"pumpkin_seeds",
						"beetroot_seeds",
						"carrot",
						"seagrass",
						"billey:pizzapiece"
					],
					"tame_event": {
						"event": "tamed_yay",
						"target": "self"
					}
				}
			},
			"tamed": {
				"minecraft:persistent": {},
				"minecraft:leashable": {
					"soft_distance": 6.0,
					"hard_distance": 8.0,
					"max_distance": 12.0
				},
				"minecraft:healable": {
					"items": [
						
                    {
                        "item": "billey:poultry_orange",
                        "heal_amount": 7
                    },{
                        "item": "billey:cooked_snail",
							"heal_amount": 4,
							"effects": [
								{
									"name": "strength",
									"chance": 1.0,
									"duration": 15,
									"amplifier": 1
								}
							]
						},
						{
							"item": "billey:pizzapiece",
							"heal_amount": 4
						},
						{
							"item": "billey:cooked_snail_s",
							"heal_amount": 4,
							"effects": [
								{
									"name": "speed",
									"chance": 1.0,
									"duration": 15,
									"amplifier": 1
								}
							]
						},
						{
							"item": "billey:cooked_snail_w",
							"heal_amount": 4,
							"effects": [
								{
									"name": "regeneration",
									"chance": 1.0,
									"duration": 15,
									"amplifier": 1
								}
							]
						},
						{
							"item": "wheat_seeds",
							"heal_amount": 4
						},
						{
							"item": "melon_seeds",
							"heal_amount": 4
						},
						{
							"item": "pumpkin_seeds",
							"heal_amount": 4
						},
						{
							"item": "beetroot",
							"heal_amount": 4
						},
						{
							"item": "seagrass",
							"heal_amount": 4
						}
					]
				},
				"minecraft:is_tamed": {},
                "minecraft:tameable": {} //for the script to be able to get and set owner
			}
		},
		"components": {
			"minecraft:is_hidden_when_invisible": {},
			"minecraft:type_family": {
				"family": [
					"fish",
					"cod",
					"mob"
				]
			},
			"minecraft:behavior.nearest_attackable_target": {
			  "priority":0,
			  "entity_types": [
				{
				  "filters": {
					"all_of": [
					  {
						"test": "is_family",
						"subject": "other",
						"value": "wildangler"
					  },
					  {
						"test": "has_component",
						"subject": "self",
						"operator": "not",
						"value": "minecraft:is_tamed"
					  }
					]
				  }
				},
				{
				  "filters": {
					"test": "is_family",
					"subject": "other",
					"value": "anglerfish_boost"
				  },
				  "max_dist": 127
				},
				{
				  "filters": {
					"all_of": [
					  {
						"test": "has_equipment",
						"subject": "other",
						"domain": "any",
						"value": "billey:anglerlight"
					  },
					  {
						"test": "is_family",
						"subject": "other",
						"operator": "not",
						"value": "inanimate"
					  },
					  {
						"test": "has_component",
						"subject": "self",
						"operator": "not",
						"value": "minecraft:is_tamed"
					  }
					]
				  }
				}
			  ]
			},
			"minecraft:collision_box": {
				"width": 0.3,
				"height": 0.3
			},
			"minecraft:health": {
				"value": 3,
				"max": 3
			},
			"minecraft:loot": {
				"table": "loot_tables/entities/fish.json"
			},
			"minecraft:scale": {
				"value": 1.0
			},
			"minecraft:breathable": {
				"total_supply": 15,
				"suffocate_time": 0,
				"breathes_air": false,
				"breathes_water": true
			},
			"minecraft:movement": {
				"value": 0.1
			},
			"minecraft:underwater_movement": {
				"value": 0.1
			},
			"minecraft:navigation.generic": { // Allows the mob to go through water
				"is_amphibious": false,
				"can_path_over_water": false,
				"can_swim": true,
				"can_walk": false,
				"can_breach": false,
				"can_sink": false
			},
			"minecraft:physics": {
				"has_gravity": false
			},
			"minecraft:pushable": {
				"is_pushable": true,
				"is_pushable_by_piston": true
			},
			"minecraft:movement.sway": {
				"sway_amplitude": 0.0
			},
			"minecraft:behavior.swim_idle": {
				"priority": 5
			},
			"minecraft:behavior.random_swim": { // Randomly selects points to go to, even in water
				"speed_multiplier": 1.0,
				"priority": 3,
				"xz_dist": 16,
				"y_dist": 4,
				"interval": 0
			},
			"minecraft:behavior.swim_wander": {
				"priority": 4,
				"speed_multiplier": 0.014,
				"interval": 60
			},
			"minecraft:behavior.melee_attack": {
				"require_complete_path": true,
				"priority": 2,
				"speed_multiplier": 1,
				"track_target": true
			},
			"minecraft:attack": {
				"damage": [
					0,
					1
				]
			},
			"minecraft:behavior.avoid_mob_type": {
				"priority": 1,
				"entity_types": [
					{
						"filters": {
							"any_of": [
								{
									"all_of": [
										{
											"test": "is_family",
											"subject": "other",
											"value": "player"
										},
										{
											"test": "has_equipment",
											"subject": "other",
											"domain": "hand",
											"operator": "!=",
											"value": "billey:anglerlight"
										},
										{
											"test": "in_water",
											"subject": "other"
										}
									]
								},
								{
									"all_of": [
										{
											"test": "is_family",
											"subject": "other",
											"value": "eatscod"
										},
										{
											"test": "is_family",
											"subject": "other",
											"operator": "!=",
											"value": "angler"
										},
										{
											"test": "in_water",
											"subject": "other"
										},
										{
											"any_of": [
												{
													"test": "has_component",
													"subject": "other",
													"value": "minecraft:is_tamed",
													"operator": "not"
												},
												{
													"test": "has_component",
													"subject": "self",
													"value": "minecraft:is_tamed",
													"operator": "not"
												}
											]
										}
									]
								}
							]
						},
						"max_dist": 6,
						"walk_speed_multiplier": 1.2,
						"sprint_speed_multiplier": 1.3
					}
				]
			},
			"minecraft:nameable": {}
		},
		
        "events": {
            "reset_target": {
                "reset_target": {}
            },"destroy_head_equipment": {
    "queue_command":{
"command": "scriptevent billey:destroy_pet_head_equipment"
}
},
            "say_owner_hit_pet_info": {
                "queue_command": {
                    "target": "other",
                    "command": [
                        "titleraw @s actionbar {\"rawtext\":[{\"translate\":\"chat.billeys_mobs.owner_hit_pet\"}]}",
                        "tellraw @s[tag=!billey:has_hurt_own_pet] {\"rawtext\":[{\"translate\":\"ui.billeys_mobs.info.owner_hit_pet\"}]}",
                        "tag @s add billey:has_hurt_own_pet"
                    ]
                }
            },
            "say_other_hit_pet_info": {
                "queue_command": {
                    "target": "other",
                    "command": "titleraw @s actionbar {\"rawtext\":[{\"translate\":\"chat.billeys_mobs.other_hit_pet\"}]}"
                }
            },
            "add_sittable": {
                "add": {
                    "component_groups": [
                        "sittable"
                    ]
                }
            },
            "remove_sittable": {
                "remove": {
                    "component_groups": [
                        "sittable"
                    ]
                }
            },
			"get_electrocuted": {
				"add": {
					"component_groups": [
						"electrocuted"
					]
				}
			},
            "eventwander": {
                "sequence": [
                    {
                        "queue_command": {
                            "command": [
                                "tellraw @a[r=5] {\"rawtext\": [{\"translate\": \"billmobs.wander\"},{\"selector\": \"@s\"}, {\"translate\": \"billmobs.wander2\"}] }"
                            ]
                        }
                    },
                    {
                        "trigger": "eventwander_silent"
                    }
                ]
            },
            "eventfollow": {
                "sequence": [
                    {
                        "queue_command": {
                            "command": [
                                "tellraw @a[r=5] {\"rawtext\": [{\"translate\": \"billmobs.follow\"},{\"selector\": \"@s\"}, {\"translate\": \"billmobs.follow2\"}] }"
                            ]
                        }
                    },
                    {
                        "trigger": "eventfollow_silent"
                    }
                ]
            },
            "eventwander_silent": {
                "sequence": [
                    {
                        "remove": {
                            "component_groups": [
                                "following"
                            ]
                        }
                    },
                    {
                        "set_property": {
                            "billey:follow_owner_state": "wandering"
                        }
                    }
                ]
            },
            "eventfollow_silent": {
                "sequence": [
                    {
                        "add": {
                            "component_groups": [
                                "following"
                            ]
                        }
                    },
                    {
                        "set_property": {
                            "billey:follow_owner_state": "following"
                        }
                    }
                ]
            },
			"beenfedabanana": {
				"sequence": [
					{
						"queue_command": {
							"command": [
								"particle billey:eatbanana ~ ~.5 ~"
							]
						}
					},
					{
						"randomize": [
							{
								"weight": 8,
								"queue_command": {
									"command": [
										"effect @s regeneration 7 1"
									]
								}
							},
							{
								"weight": 4,
								"queue_command": {
									"command": [
										"effect @s regeneration 10"
									]
								}
							},
							{
								"weight": 4,
								"queue_command": {
									"command": [
										"effect @s speed 10"
									]
								}
							},
							{
								"weight": 4,
								"queue_command": {
									"command": [
										"effect @s absorption 10"
									]
								}
							},
							{
								"weight": 4,
								"queue_command": {
									"command": [
										"effect @s resistance 10"
									]
								}
							},
							{
								"weight": 4,
								"queue_command": {
									"command": [
										"effect @s strength 10"
									]
								}
							},
							{
								"weight": 4,
								"queue_command": {
									"command": [
										"effect @s water_breathing 10"
									]
								}
							},
							{
								"weight": 4,
								"queue_command": {
									"command": [
										"effect @s fire_resistance 10"
									]
								}
							},
							{
								"weight": 1,
								"sequence": [
									{
										"queue_command": {
											"command": [
												"effect @s levitation 1 0 true"
											]
										}
									},
									{
										"queue_command": {
											"target": "other",
											"command": [
												"effect @s levitation 1 0 true"
											]
										}
									}
								]
							}
						]
					}
				]
			},
			"bepetted": {
				"sequence": [
					{
						"randomize": [
							{
								"weight": 13
							},
							{
								"weight": 1
							},
							{
								"weight": 1,
								"queue_command": {
									"command": [
										"playanimation @s animation.billeys_mobs.cat.petted"
									]
								}
							}
						]
					},
					{
						"queue_command": {
							"target": "other",
							"command": [
								"playanimation @s animation.billeys_mobsplayer.pet"
							]
						}
					},
					{
						"randomize": [
							{
								"weight": 1
							},
							{
								"weight": 99
							},
							{
								"weight": 3,
								"queue_command": {
									"command": [
										"effect @s resistance 10 1 true"
									]
								}
							},
							{
								"weight": 3,
								"queue_command": {
									"command": [
										"effect @s fire_resistance 10 1 true"
									]
								}
							},
							{
								"weight": 3,
								"queue_command": {
									"command": [
										"effect @s strength 10 1 true"
									]
								}
							},
							{
								"weight": 3,
								"queue_command": {
									"command": [
										"effect @s water_breathing 30 0 true"
									]
								}
							},
							{
								"weight": 3,
								"queue_command": {
									"command": [
										"effect @s speed 10 1 true"
									]
								}
							},
							{
								"weight": 1,
								"queue_command": {
									"command": [
										"effect @s levitation 1 1 true",
										"effect @s regeneration 30 1 true"
									]
								}
							},
							{
								"weight": 1,
								"queue_command": {
									"command": [
										"effect @s speed 1 0"
									]
								}
							}
						]
					}
				]
			},
			"dropcook": {
				"add": {
					"component_groups": [
						"dropcooked"
					]
				}
			},
			"burnearby": {
				"add": {
					"component_groups": [
						"dropcooked"
					]
				},
				"queue_command": {
					"command": [
						"function billburncod"
					]
				}
			},
			"dokillgroup": {
				"queue_command": {
					"command": [
						"function billkillcod"
					]
				}
			},
			"kroma": {
				"add": {
					"component_groups": [
						"kromatik"
					]
				}
			},
			"nokroma": {
				"remove": {
					"component_groups": [
						"kromatik"
					]
				}
			},
			"minecraft:entity_spawned": {
				"add": {
					"component_groups": [
						"alive",
						"wild"
					]
				}
			},
			"minecraft:die1": {
				"sequence": [
					{
						"add": {
							"component_groups": [
								"eaten1"
							]
						},
						"remove": {
							"component_groups": [
								"alive"
							]
						}
					},
					{
						"queue_command": {
							"target": "other",
							"command": [
								"effect @s[type=billey:anglerfish] regeneration 1 4 true"
							]
						}
					}
				]
			},
			"minecraft:die2": {
				"add": {
					"component_groups": [
						"eaten2"
					]
				},
				"remove": {
					"component_groups": [
						"eaten1"
					]
				}
			},
			"minecraft:die3": {
				"add": {
					"component_groups": [
						"eaten3"
					]
				},
				"remove": {
					"component_groups": [
						"eaten2"
					]
				}
			},
			"minecraft:die4": {
				"add": {
					"component_groups": [
						"eaten4"
					]
				},
				"remove": {
					"component_groups": [
						"eaten3"
					]
				}
			},
			"minecraft:die5": {
				"add": {
					"component_groups": [
						"eaten5"
					]
				},
				"remove": {
					"component_groups": [
						"eaten4"
					]
				}
			},
			"minecraft:die6": {
				"add": {
					"component_groups": [
						"eaten6"
					]
				},
				"remove": {
					"component_groups": [
						"eaten5"
					]
				}
			},
			"minecraft:die7": {
				"add": {
					"component_groups": [
						"die"
					]
				},
				"remove": {
					"component_groups": [
						"eaten6"
					]
				}
			},
			"tamed_yay": {
				"add": {
					"component_groups": [
						"tamed"
					]
				},
				"remove": {
					"component_groups": [
						"wild"
					]
				}
			},
			"untame": {
				"sequence": [
					{
						"queue_command": {
							"command": [
								"playsound random.orb @a ~~~ 1.00 0.8 0.5",
								"tellraw @a[r=5] {\"rawtext\": [{\"translate\": \"billmobs.untame\"},{\"selector\": \"@s\"}, {\"translate\": \"billmobs.untame2\"}] }"
							]
						}
					},
					{
						"add": {
							"component_groups": [
								"untame"
							]
						}
					}
				]
			}
		}
	}
}