{
  "format_version": "1.20.60",
  "minecraft:item": {
    "description": {
      "identifier": "billey:copper_nugget",
      "menu_category": {
          "category": "none",
          "is_hidden_in_commands": true
      }
    },
    "components": {
      "minecraft:tags": {
        "tags": [
          "billey:can_craft_info_book"
        ]
      },
      "minecraft:max_stack_size": {
        "value": 64
      },
      "minecraft:icon": {
        "textures": {
          "default": "billey.copper_nugget"
        }
      }
    }
  }
}