{
    "format_version": "1.20.60",
    "minecraft:item": {
      "description": {
        "identifier": "billey:terraphin_staff",
        "menu_category": {
          "category": "equipment"
        }
      },
      "components": {
        "minecraft:max_stack_size": {
          "value": 1
        },
        "minecraft:durability": {
            "max_durability": 40
        },
        "minecraft:icon": {
          "textures": {
            "default": "billey.terraphin_staff"
          }
        }
      }
    }
  }