{
    "format_version": "1.20.60",
    "minecraft:item": {
      "description": {
        "identifier": "billey:untaming_stick",
        "menu_category": {
          "category": "equipment"
        }
      },
      "components": {
        "minecraft:max_stack_size": {
          "value": 1
        },
        "minecraft:allow_off_hand": {
          "value": true
        },
        "minecraft:icon": {
          "textures": {
            "default": "billey.untaming_stick"
          }
        }
      }
    }
  }