{
    "pools": [
        {
            "rolls": 1,
            "entries": [
                {
                    "type": "item",
                    "name": "minecraft:bow",
                    "weight": 49,
                    "functions": [
                        {
                            "function": "set_count",
                            "count": {
                                "min": 1,
                                "max": 1
                            }
                        },
                        {
                            "function": "set_damage",
                            "damage": {
                                "min": 0.25,
                                "max": 0.75
                            }
                        }
                    ]
                },
                {
                    "type": "item",
                    "name": "minecraft:bow",
                    "weight": 1,
                    "functions": [
                        {
                            "function": "set_count",
                            "count": {
                                "min": 1,
                                "max": 1
                            }
                        },
                        {
                            "function": "enchant_with_levels",
                            "treasure": true,
                            "levels": {
                                "max": 39,
                                "min": 5
                            }
                        },
                        {
                            "function": "set_damage",
                            "damage": {
                                "min": 0.25,
                                "max": 0.75
                            }
                        }
                    ]
                }
            ]
        }
    ]
}