{
    "pools": [
        {
            "rolls": 1,
            "entries": [
                {
                    "type": "item",
                    "name": "minecraft:sea_pickle",
                    "weight": 4,
                    "functions": [
                        {
                            "function": "set_count",
                            "count": {
                                "min": 1,
                                "max": 1
                            }
                        }
                    ]
                },
                {
                    "type": "item",
                    "name": "minecraft:sapling",
                    "weight": 4,
                    "functions": [
                        {
                            "function": "set_count",
                            "count": {
                                "min": 1,
                                "max": 1
                            }
                        },
                        {
                            "function": "set_data",
                            "data": {
                                "min": 1,
                                "max": 2
                            }
                        }
                    ]
                },
                {
                    "type": "item",
                    "name": "minecraft:emerald",
                    "weight": 1,
                    "functions": [
                        {
                            "function": "set_count",
                            "count": {
                                "min": 1,
                                "max": 1
                            }
                        }
                    ]
                },
                {
                    "type": "loot_table",
                    "name": "loot_tables/gameplay/fishing/treasure.json",
                    "weight": 1
                }
            ]
        }
    ]
}