{
    //berry goose + pigeon -> blue? pigeon
    //goose + orange penguin or banana duck or kiwi -> different berry goose for each case
    "format_version": "1.16.0",
    "minecraft:entity": {
        "description": {
            //to make geese i originally copied the code from ducks
            //weird stuff you find here may be whats left from the duck code
            "identifier": "billey:goose",
            "runtime_identifier": "minecraft:cat",
            "is_spawnable": true,
            "is_summonable": true,
            "scripts": {
                "animate": [
                    {
                        "set_follow_state": "q.is_tamed && q.property('billey:follow_owner_state') == 'unknown'"
                    },
                    {
                        "set_sitting_property": "q.is_tamed"
                    }, "check_beta_apis",
                    {
                        "rainbow_effects": "q.is_illager_captain"
                    },
                    {
                        "stand_up_when_hit": "q.is_tamed"
                    },
                    {
                        "info": "!q.is_tamed"
                    },
                    "tame",
                    "slowfall",
                    "urwn",
                    "eat",
                    "can_sleep"
                ]
            },
            "animations": {
                "check_beta_apis": "animation.billeys_mobs.check_beta_apis",
                "set_follow_state": "animation.billeys_mobs.set_follow_state",
                "set_sitting_property": "controller.animation.billeys_mobs.set_sitting_property",
                "rainbow_effects": "animation.billeys_mobs.rainbow_effects",
                "stand_up_when_hit": "controller.animation.billeys_mobs.stand_up_when_hit",
                "info": "animation.billeys_mobs.info.goose",
                "slowfall": "animation.billeys_mobs.duck.slowfall",
                "tame": "controller.animation.billeys_mobs.tame",
                "urwn": "controller.animation.billeys_mobs.goose.isholdingitem",
                "eat": "controller.animation.billeys_mobs.goose.eat",
                "can_sleep": "controller.animation.billeys_mobs.can_sleep"
            },
            
            "properties": {
                "billey:is_billey_mob": {
                    "client_sync": true,
                    "type": "bool",
                    "default": true
                },
                "billey:head_equipment_color": {
                    "client_sync": true,
                    "type": "int",
                    "range": [
                        0,
                        15
                    ],
                    "default": 0
                },
                //pets' leg slot is used for bowties
                "billey:legs_equipment_color": {
                    "client_sync": true,
                    "type": "int",
                    "range": [
                        0,
                        15
                    ],
                    "default": 0
                },
                "billey:chest_equipment_color": {
                    "client_sync": true,
                    "type": "int",
                    "range": [
                        0,
                        15
                    ],
                    "default": 0
                },
                "billey:feet_equipment_color": {
                    "client_sync": true,
                    "type": "int",
                    "range": [
                        0,
                        15
                    ],
                    "default": 0
                },
                "billey:body_equipment_color": {
                    "client_sync": true,
                    "type": "int",
                    "range": [
                        0,
                        15
                    ],
                    "default": 0
                },
                "billey:follow_owner_state": {
                    //only used so scripts can know whether it's following or wandering
                    "type": "enum",
                    "default": "unknown",
                    "values": [
                        "unknown",
                        "following",
                        "wandering"
                    ]
                },
                "billey:is_sitting": {
                    //only used so scripts can know whether or not it's sitting
                    "type": "bool",
                    "default": false
                }
            }
        },
        "component_groups": {
            "sittable": {
                "minecraft:sittable": {}
            },
            "tamed_component": {
                "minecraft:is_tamed": {}
            },
            "untamed": { /*This is just for ones untamed by the untaming stick.
The real tame items of this mob are in the wild component group*/
                "minecraft:tameable": {
                    "probability": 1.0,
                    "tame_event": {
                        "event": "tamed_yay"
                    },
                    "tame_items": [
                        "billey:power_banana",
                        "billey:raw_catfish",
                        "billey:bettafish",
                        "billey:pizzapiece",
                        "salmon",
                        "fish",
                        "melon",
                        "melon_block",
                        "glistering_melon_slice",
                        "rotten_flesh",
                        "wheat_seeds",
                        "melon_seeds",
                        "carrot",
                        "beetroot_seeds",
                        "pumpkin_seeds",
                        "chicken",
                        "billey:raw_hamster",
                        "billey:poultry_orange",
                        "billey:raw_snail",
                        "billey:raw_snail_s",
                        "billey:raw_snail_w",
                        "billey:raw_piranha",
                        "bread",
                        "apple",
                        "fermented_spider_eye",
                        "spider_eye",
                        "string"
                    ]
                }
            },
            "electrocuted": {
                "minecraft:loot": {
                    "table": "loot_tables/entities/billey_electrocuted.json"
                }
            },
            "following": {
                "minecraft:behavior.follow_owner": {
                    "priority": 4,
                    "speed_multiplier": 1.25,
                    "start_distance": 7,
                    "stop_distance": 5
                }
            },
            "kromatik": {
                "minecraft:is_illager_captain": {},
                "minecraft:color": {
                    "value": 0
                }
            },
            "minecraft:goose_baby": {
                "minecraft:is_baby": {},
                "minecraft:behavior.panic": {
                    "priority": 1,
                    "speed_multiplier": 1.5
                },
                "minecraft:behavior.follow_parent": {
                    "priority": 5,
                    "speed_multiplier": 1.1
                }
            },
            "wildbaby": {
                "minecraft:scale": {
                    "value": 0.5
                }
            },
            "agelol": {
                "minecraft:scale_by_age": {
                    "start_scale": 0.5,
                    "end_scale": 0.8
                },
                "minecraft:ageable": {
                    "duration": 4800,
                    "feed_items": [
                        "bread",
                        "wheat_seeds",
                        "melon_seeds",
                        "melon_block",
                        "melon",
                        "pumpkin_seeds",
                        "beetroot_seeds",
                        "carrot",
                        "golden_carrot"
                    ],
                    "grow_up": {
                        "event": "minecraft:ageable_grow_up",
                        "target": "self"
                    }
                }
            },
            "white": {
                "minecraft:variant": {
                    "value": 0
                }
            },
            "brown": {
                "minecraft:variant": {
                    "value": 1
                }
            },
            "variant_2": {
                "minecraft:variant": {
                    "value": 2
                }
            },
            "variant_3": {
                "minecraft:variant": {
                    "value": 3
                }
            },
            "variant_6": {
                "minecraft:variant": {
                    "value": 6
                }
            },
            "mandarin": {
                "minecraft:variant": {
                    "value": 3
                }
            }, //////////////////
            "blue": {
                //in-game it actually looks orange not blue
                "minecraft:variant": {
                    "value": 4
                }
            },
            "black": {
                //in-game its actually white not black
                "minecraft:variant": {
                    "value": 5
                }
            },
            "head": {
                "minecraft:variant": {
                    "value": 6
                }
            },
            "whole": {
                "minecraft:variant": {
                    "value": 7
                }
            },
            "golden": {
                "minecraft:variant": {
                    "value": 2
                }
            },
            "minecraft:goose_adult": {
                "minecraft:behavior.panic": {
                    "priority": 1,
                    "speed_multiplier": 1.5,
                    "ignore_mob_damage": true
                },
                "minecraft:experience_reward": {
                    "on_bred": "Math.Random(1,7)",
                    "on_death": "q.last_hit_by_player ? Math.Random(1,3) : 0"
                },
                "minecraft:loot": {
                    "table": "loot_tables/entities/chicken.json"
                },
                "minecraft:scale": {
                    "value": 1
                },
                "minecraft:breedable": {
                    "require_tame": true,
                    "allow_sitting": true,
                    "require_full_health": true,
                    "breeds_with": [
                        {
                            "mateType": "billey:goose",
                            "babyType": "billey:goose",
                            "breed_event": {
                                "event": "minecraft:entity_born",
                                "target": "baby"
                            }
                        },
                        {
                            "mateType": "billey:pigeon",
                            "babyType": "billey:goose",
                            "breed_event": {
                                "event": "minecraft:entity_born_blue",
                                "target": "baby"
                            }
                        },
                        {
                            "mateType": "billey:duck",
                            "babyType": "billey:goose",
                            "breed_event": {
                                "event": "minecraft:entity_born_black",
                                "target": "baby"
                            }
                        },
                        {
                            "mateType": "billey:penguin",
                            "babyType": "billey:goose",
                            "breed_event": {
                                "event": "minecraft:entity_born_golden",
                                "target": "baby"
                            }
                        },
                        {
                            "mateType": "billey:banana_duck",
                            "babyType": "billey:banana_duck",
                            "breed_event": {
                                "event": "minecraft:entity_born_green",
                                "target": "baby"
                            }
                        },
                        {
                            "mateType": "billey:berry_goose",
                            "babyType": "billey:berry_goose",
                            "breed_event": {
                                "event": "minecraft:entity_born_goose",
                                "target": "baby"
                            }
                        }
                    ],
                    "breed_items": [
                        "billey:poultry_orange",
                        "bread",
                        "wheat_seeds",
                        "melon_seeds",
                        "melon_block",
                        "melon",
                        "glistering_melon_slice",
                        "pumpkin_seeds",
                        "beetroot_seeds",
                        "carrot",
                        "golden_carrot"
                    ]
                },
                "minecraft:behavior.breed": {
                    "priority": 3,
                    "speed_multiplier": 1
                },
                "minecraft:spawn_entity": {
                    "entities": {
                        "max_wait_time": 3600,
                        "spawn_sound": "plop",
                        "spawn_item": "feather",
                        "filters": {
                            "test": "has_component",
                            "subject": "self",
                            "operator": "==",
                            "value": "minecraft:is_tamed"
                        },
                        "min_wait_time": 1200
                    }
                }
            },
            "minecraft:goose_leashed": {
                "minecraft:behavior.move_towards_restriction": {
                    "priority": 2,
                    "speed_multiplier": 1
                }
            },
            "tamed": {
                "minecraft:behavior.tempt": {
                    "priority": 5,
                    "speed_multiplier": 1,
                    "items": [
                        "bread",
                        "wheat_seeds",
                        "melon_seeds",
                        "melon_block",
                        "melon",
                        "pumpkin_seeds",
                        "beetroot_seeds",
                        "carrot",
                        "golden_carrot",
                        "billey:sand_banana",
                        "glistering_melon_slice"
                    ]
                },
                "minecraft:behavior.beg": {
                    "priority": 9,
                    "look_distance": 3,
                    "look_time": 0,
                    "items": [
                        "bread",
                        "wheat_seeds",
                        "melon_seeds",
                        "melon_block",
                        "melon",
                        "pumpkin_seeds",
                        "beetroot_seeds",
                        "carrot",
                        "golden_carrot",
                        "billey:sand_banana",
                        "glistering_melon_slice"
                    ]
                },
                "minecraft:behavior.avoid_mob_type": {
                    "priority": 0,
                    "max_flee": 16,
                    "entity_types": [
                        {
                            "filters": {
                                "test": "has_component",
                                "subject": "other",
                                "value": "minecraft:explode"
                            },
                            "max_dist": 12,
                            "walk_speed_multiplier": 1.4,
                            "sprint_speed_multiplier": 1.4
                        }
                    ]
                },
                "minecraft:persistent": {},
                "minecraft:behavior.pet_sleep_with_owner": {                     "priority": 3,
                    "speed_multiplier": 1.2,
                    "search_radius": 10,
                    "search_height": 10,
                    "goal_radius": 1
                },
                "minecraft:is_tamed": {},
                "minecraft:tameable": {}, //for the script to be able to get the mob's owner
                "minecraft:behavior.owner_hurt_by_target": {
                    "priority": 1
                },
                "minecraft:behavior.owner_hurt_target": {
                    "priority": 2,
                    "entity_types": {
                        "max_dist": 127,
                        "filters": {
                            "test": "is_owner",
                            "subject": "other",
                            "operator": "not"
                            //no idea why i put this here
                        }
                    }
                },
                "minecraft:navigation.walk": {
                    "avoid_water": false,
                    "can_path_over_water": true,
                    "avoid_damage_blocks": true
                },
                "minecraft:movement.basic": {},
                "minecraft:jump.static": {},
                "minecraft:can_climb": {},
                "minecraft:movement": {
                    "value": 0.2
                },
                "minecraft:sittable": {},
                "minecraft:behavior.follow_owner": {
                    "priority": 4,
                    "speed_multiplier": 1.25,
                    "start_distance": 7,
                    "stop_distance": 5
                },
                "minecraft:behavior.leap_at_target": {
                    "priority": 3,
                    "target_dist": 0.3
                },
                "minecraft:behavior.mount_pathing": {
                    "priority": 1,
                    "speed_multiplier": 1.25,
                    "target_dist": 0,
                    "track_target": true
                },
                "minecraft:behavior.stay_while_sitting": {
                    "priority": 2
                },
                "minecraft:timer": {
                    "time": 0,
                    "looping": true,
                    "time_down_event": {
                        "event": "fix1",
                        "target": "self"
                    }
                },
                "minecraft:physics": {}
            },
            "wild": {
                "minecraft:despawn": {
                    "despawn_from_distance": {}
                },
                "minecraft:tameable": {
                    "probability": 0.33,
                    "tame_items": [
                        "billey:power_banana",
                        "melon_seeds",
                        "melon_block",
                        "melon",
                        "glistering_melon_slice"
                    ],
                    "tame_event": {
                        "event": "yay",
                        "target": "self"
                    }
                }
            },
            "timer": {
                "minecraft:underwater_movement": {
                    "value": 0.125
                },
                "minecraft:timer": {
                    "time": [
                        3,
                        9
                    ],
                    "looping": true,
                    "time_down_event": {
                        "event": "do_event",
                        "target": "self"
                    }
                },
                "minecraft:movement": {
                    "value": 0.25
                }
            },
            "flap": {
                "minecraft:is_saddled": {},
                "minecraft:timer": {
                    "time": [
                        1.7,
                        1.2
                    ],
                    "looping": true,
                    "time_down_event": {
                        "event": "stopflap",
                        "target": "self"
                    }
                },
                "minecraft:movement": {
                    "value": 0.01
                },
                "minecraft:underwater_movement": {
                    "value": 0.05
                }
            },
            "quack": {
                "minecraft:is_sheared": {},
                "minecraft:timer": {
                    "time": [
                        1.5,
                        1.5
                    ],
                    "looping": true,
                    "time_down_event": {
                        "event": "stopquack",
                        "target": "self"
                    }
                }
            },
            "timer1": {
                "minecraft:is_charged": {},
                "minecraft:underwater_movement": {
                    "value": 0.125
                },
                "minecraft:timer": {
                    "time": [
                        3,
                        9
                    ],
                    "looping": true,
                    "time_down_event": {
                        "event": "do_event1",
                        "target": "self"
                    }
                },
                "minecraft:movement": {
                    "value": 0.25
                }
            },
            "flap1": {
                "minecraft:is_charged": {},
                "minecraft:is_saddled": {},
                "minecraft:timer": {
                    "time": [
                        1.7,
                        1.2
                    ],
                    "looping": true,
                    "time_down_event": {
                        "event": "stopflap1",
                        "target": "self"
                    }
                },
                "minecraft:movement": {
                    "value": 0.01
                },
                "minecraft:underwater_movement": {
                    "value": 0.05
                }
            },
            "quack1": {
                "minecraft:is_charged": {},
                "minecraft:is_sheared": {},
                "minecraft:timer": {
                    "time": [
                        1.5,
                        1.5
                    ],
                    "looping": true,
                    "time_down_event": {
                        "event": "stopquack1",
                        "target": "self"
                    }
                }
            },
            "angry": {
                "minecraft:follow_range": {
                    "value": 40,
                    "max": 50
                },
                "minecraft:angry": {
                    "duration": 10,
                    "broadcast_anger": true,
                    "broadcast_range": 40,
                    "calm_event": {
                        "event": "billey:pet_target_escape",
                        "target": "self"
                    },
                    "broadcast_filters": {
                        "test": "is_family",
                        "value": "goose",
                        "subject": "self"
                    },
                    "broadcast_targets": [
                        "goose"
                    ]
                }
            }
        },
        "components": {
            "minecraft:interact": {
                "interactions": [
                    {
                        "play_sounds": "plop",
                        "swing": true,
                        "interact_text": "action.interact.get_info",
                        "on_interact": {
                            "filters": {
                                "any_of": [
                                    {
                                        "test": "has_equipment",
                                        "subject": "other",
                                        "domain": "hand",
                                        "value": "feather"
                                    },
                                    {
                                        "test": "has_equipment",
                                        "subject": "other",
                                        "domain": "hand",
                                        "value": "book"
                                    },
                                    {
                                        "test": "has_equipment",
                                        "subject": "other",
                                        "domain": "hand",
                                        "value": "billey:info_book"
                                    }
                                ]
                            },
                            "event": "send_info",
                            "target": "self"
                        }
                    },
                    {
                        "play_sounds": "plop",
                        "swing": true,
                        "interact_text": "action.interact.wander",
                        "on_interact": {
                            "filters": {
                                "all_of": [
                                    {
                                        "test": "has_equipment",
                                        "subject": "other",
                                        "domain": "hand",
                                        "value": "stick"
                                    },
                                    {
                                        "test": "has_component",
                                        "subject": "self",
                                        "value": "minecraft:behavior.follow_owner"
                                    },
                                    {
                                        "test": "is_owner",
                                        "subject": "other",
                                        "value": true
                                    },
                                    {
                                        "test": "is_sneaking",
                                        "subject": "other",
                                        "value": false
                                    }
                                ]
                            },
                            "event": "eventwander",
                            "target": "self"
                        }
                    },
                    {
                        "play_sounds": "plop",
                        "swing": true,
                        "interact_text": "action.interact.follow",
                        "on_interact": {
                            "filters": {
                                "all_of": [
                                    {
                                        "test": "has_equipment",
                                        "subject": "other",
                                        "domain": "hand",
                                        "value": "stick"
                                    },
                                    {
                                        "test": "has_component",
                                        "subject": "self",
                                        "operator": "not",
                                        "value": "minecraft:behavior.follow_owner"
                                    },
                                    {
                                        "test": "is_owner",
                                        "subject": "other",
                                        "value": true
                                    },
                                    {
                                        "test": "is_sneaking",
                                        "subject": "other",
                                        "value": false
                                    }
                                ]
                            },
                            "event": "eventfollow",
                            "target": "self"
                        }
                    },
                    {
                        "interact_text": "action.interact.pet",
                        "on_interact": {
                            "filters": {
                                "all_of": [
                                    {
                                        "test": "has_equipment",
                                        "subject": "other",
                                        "domain": "hand",
                                        "operator": "!=",
                                        "value": "billey:swordfish"
                                    },
                                    {
                                        "test": "has_equipment",
                                        "subject": "other",
                                        "domain": "hand",
                                        "operator": "!=",
                                        "value": "billey:golden_swordfish"
                                    },
                                    {
                                        "test": "has_equipment",
                                        "subject": "other",
                                        "domain": "hand",
                                        "operator": "!=",
                                        "value": "stick"
                                    },
                                    {
                                        "test": "is_family",
                                        "subject": "other",
                                        "value": "player"
                                    },
                                    {
                                        "test": "is_sneaking",
                                        "subject": "other"
                                    }
                                ]
                            },
                            "event": "bepetted",
                            "target": "self"
                        }
                    },
                    {
                        "use_item": true,
                        "play_sounds": "eat",
                        "interact_text": "action.interact.feed",
                        "on_interact": {
                            "filters": {
                                "all_of": [
                                    {
                                        "test": "has_equipment",
                                        "subject": "other",
                                        "domain": "hand",
                                        "value": "billey:sand_banana"
                                    },
                                    {
                                        "test": "is_family",
                                        "subject": "other",
                                        "value": "player"
                                    }
                                ]
                            },
                            "event": "beenfedabanana",
                            "target": "self"
                        }
                    },
                    {
                        "play_sounds": "plop",
                        "swing": true,
                        "interact_text": "action.interact.untame",
                        "on_interact": {
                            "filters": {
                                "all_of": [
                                    {
                                        "test": "has_equipment",
                                        "subject": "other",
                                        "domain": "hand",
                                        "value": "billey:untaming_stick"
                                    },
                                    {
                                        "test": "is_owner",
                                        "subject": "other",
                                        "value": true
                                    }
                                ]
                            },
                            "event": "untame",
                            "target": "self"
                        }
                    },
                    {
                        "use_item": true,
                        "play_sounds": "milk",
                        "interact_text": "action.interact.use",
                        "transform_to_item": "glass_bottle",
                        "on_interact": {
                            "filters": {
                                "all_of": [
                                    {
                                        "test": "has_equipment",
                                        "subject": "other",
                                        "domain": "hand",
                                        "value": "billey:colorful_bottle"
                                    },
                                    {
                                        "test": "is_owner",
                                        "subject": "other",
                                        "value": true
                                    }
                                ]
                            },
                            "event": "kroma",
                            "target": "self"
                        }
                    },
                    {
                        "use_item": true,
                        "play_sounds": "milk",
                        "interact_text": "action.interact.use",
                        "transform_to_item": "glass_bottle",
                        "on_interact": {
                            "filters": {
                                "all_of": [
                                    {
                                        "test": "has_equipment",
                                        "subject": "other",
                                        "domain": "hand",
                                        "value": "billey:colorless_bottle"
                                    },
                                    {
                                        "test": "is_owner",
                                        "subject": "other",
                                        "value": true
                                    }
                                ]
                            },
                            "event": "nokroma",
                            "target": "self"
                        }
                    }
                ]
            },
            "minecraft:behavior.nap": {
                "priority": 0,
                "cooldown_min": 20.0,
                "cooldown_max": 45.0,
                "mob_detect_dist": 3,
                "mob_detect_height": 3,
                "can_nap_filters": {
                    "all_of": [
                        {
                            "test": "in_water_or_rain",
                            "subject": "self",
                            "operator": "==",
                            "value": false
                        },
                        {
                            "test": "light_level",
                            "operator": "<",
                            "value": 10
                        },
                        {
                            "test": "is_daytime",
                            "operator": "==",
                            "value": false
                        },
                        {
                            "any_of": [
                                {
                                    "test": "has_tag",
                                    "subject": "self",
                                    "value": "cantsleep",
                                    "operator": "not"
                                },
                                {
                                    "test": "has_component",
                                    "subject": "self",
                                    "value": "minecraft:behavior.follow_owner",
                                    "operator": "not"
                                }
                            ]
                        },
                        {
                            "test": "distance_to_nearest_player",
                            "operator": ">",
                            "value": 2
                        },
                        {
                            "test": "on_ground",
                            "subject": "self",
                            "operator": "==",
                            "value": true
                        }
                    ]
                },
                "wake_mob_exceptions": {
                    "test": "is_sneaking",
                    "subject": "other",
                    "operator": "==",
                    "value": true
                }
            },
            "minecraft:is_hidden_when_invisible": {},
            "minecraft:type_family": {
                "family": [
                    "goose",
                    "mob",
                    "strider",
                    "dinosaur"
                ]
            },
            "minecraft:behavior.nearest_attackable_target": {
                "priority": 4,
                "attack_interval": 25,
                "entity_types": [
                    {
                        "filters": {
                            "all_of": [
                                {
                                    "test": "has_component",
                                    "subject": "self",
                                    "operator": "not",
                                    "value": "minecraft:is_tamed"
                                },
                                {
                                    "test": "is_family",
                                    "subject": "other",
                                    "value": "player"
                                }
                            ]
                        },
                        "max_dist": 4
                    }
                ]
            },
            "minecraft:breathable": {
                "total_supply": 15,
                "suffocate_time": 0,
                "breathes_air": true,
                "breathes_water": true
            },
            "minecraft:damage_sensor": {
                "triggers": [
                    {
                        "on_damage": {
                            "filters": {
                                "all_of": [
                                    {
                                        "test": "is_owner",
                                        "subject": "other",
                                        "value": true
                                    },
                                    {
                                        "test": "has_tag",
                                        "subject": "other",
                                        "operator": "not",
                                        "value": "billey:can_hit_own_pet"
                                    }
                                ]
                            },
                            "event": "say_owner_hit_pet_info"
                        },
                        "cause": "all",
                        "deals_damage": false
                    },
                    {
                        "on_damage": {
                            "filters": {
                                "all_of": [
                                    {
                                        "test": "has_component",
                                        "subject": "self",
                                        "value": "minecraft:is_tamed"
                                    },
                                    {
                                        "test": "is_owner",
                                        "subject": "other",
                                        "value": false
                                    },
                                    {
                                        "test": "has_tag",
                                        "subject": "other",
                                        "value": "billey:cant_hit_other_pet"
                                    }
                                ]
                            },
                            "event": "say_other_hit_pet_info"
                        },
                        "cause": "all",
                        "deals_damage": false
                    },
                    {
                        "cause": "all",
                        "deals_damage": false,
                        "on_damage_sound_event": "armor.equip_generic",
                        "on_damage": {
                            "event": "destroy_head_equipment",
                            "target": "self",
                            "filters": {
                                "all_of": [
                                    {
                                        "test": "has_damage",
                                        "value": "fatal"
                                    },
                                    {
                                        "test": "has_equipment",
                                        "value": "billey:pet_hat",
                                        "domain": "head"
                                    }
                                ]
                            }
                        }
                    },
                    {
                        "cause": "fall",
                        "deals_damage": false
                    }
                ]
            },
            "minecraft:collision_box": {
                "width": 0.5,
                "height": 0.5
            },
            "minecraft:navigation.walk": {
                "avoid_water": false,
                "can_path_over_water": true,
                "avoid_damage_blocks": true
            },
            "minecraft:movement.basic": {},
            "minecraft:jump.static": {},
            "minecraft:can_climb": {},
            "minecraft:movement": {
                "value": 0.2
            },
            "minecraft:shareables": {
                "all_items": true,
                "all_items_max_amount": 1,
                "items": [
                    {
                        "item": "minecraft:golden_sword",
                        "priority": 8,
                        "max_amount": 1
                    },
                    {
                        "item": "minecraft:wooden_sword",
                        "priority": 7,
                        "max_amount": 1
                    },
                    {
                        "item": "minecraft:stone_sword",
                        "priority": 6,
                        "max_amount": 1
                    },
                    {
                        "item": "billey:swordfish",
                        "priority": 6,
                        "max_amount": 1
                    },
                    {
                        "item": "minecraft:iron_sword",
                        "priority": 5,
                        "max_amount": 1
                    },
                    {
                        "item": "billey:golden_swordfish",
                        "priority": 5,
                        "max_amount": 1
                    },
                    {
                        "item": "minecraft:diamond_sword",
                        "priority": 4,
                        "max_amount": 1
                    },
                    {
                        "item": "minecraft:netherite_sword",
                        "priority": 4,
                        "max_amount": 1
                    },
                    {
                        "item": "billey:shark_tooth_sword",
                        "priority": 3,
                        "max_amount": 1
                    },
                    {
                        "item": "minecraft:melon",
                        "priority": 2,
                        "max_amount": 1
                    },
                    {
                        "item": "minecraft:melon_block",
                        "priority": 2,
                        "max_amount": 1
                    },
                    {
                        "item": "minecraft:glistering_melon_slice",
                        "priority": 0,
                        "max_amount": 1
                    },
                    {
                        "item": "billey:glistering_melon_goose",
                        "priority": 0,
                        "max_amount": 1
                    },
                    {
                        "item": "minecraft:enchanted_golden_apple",
                        "priority": 1,
                        "max_amount": 1
                    }
                ]
            },
            "minecraft:behavior.pickup_items": {
              "priority": 11,
              "max_dist": 3,
              "goal_radius": 2,
              "speed_multiplier": 0.5
            },
            "minecraft:behavior.eat_carried_item": {
              "priority": 12,
              "delay_before_eating": 1
            },
            "minecraft:equip_item": {
            },
            "minecraft:behavior.equip_item": {
              "priority": 2
            },
            "minecraft:behavior.float": {
                "priority": 0
            },
            "minecraft:behavior.rise_to_liquid_level": {
                "priority": 0,
                "liquid_y_offset": 0.0,
                "rise_delta": 0.1,
                "sink_delta": 0.1
            },
            "minecraft:behavior.raid_garden": {
                "priority": 3,
                "blocks": [
                    "melon_block"
                ],
                "search_range": 16,
                "goal_radius": 0.8
            },
            "minecraft:nameable": {},
            "minecraft:health": {
                "value": 8,
                "max": 8
            },
            "minecraft:leashable": {
                "soft_distance": 4,
                "hard_distance": 6,
                "max_distance": 10,
                "on_leash": {
                    "event": "minecraft:on_leash",
                    "target": "self"
                },
                "on_unleash": {
                    "event": "minecraft:on_unleash",
                    "target": "self"
                }
            },
            "minecraft:on_target_acquired": {
                "event": "billey:pet_target_acquired",
                "target": "self"
            },
            "minecraft:balloonable": {
                "mass": 0.5
            },
            "minecraft:behavior.mount_pathing": {
                "priority": 2,
                "speed_multiplier": 1.5,
                "target_dist": 0,
                "track_target": true
            },
            "minecraft:behavior.tempt": {
                "priority": 5,
                "speed_multiplier": 1,
                "items": [
                    "melon",
                    "glistering_melon_slice",
                    "melon_block",
                    "melon_seeds"
                ]
            },
            "minecraft:behavior.beg": {
                "priority": 9,
                "look_distance": 3,
                "look_time": 0,
                "items": [
                    "melon",
                    "glistering_melon_slice",
                    "melon_block",
                    "melon_seeds"
                ]
            },
            "minecraft:behavior.random_stroll": {
                "priority": 6,
                "speed_multiplier": 1
            },
            "minecraft:behavior.look_at_player": {
                "probability": 0.01,
                "priority": 7,
                "look_distance": 6
            },
            "minecraft:healable": {
                "items": [
                    {
                        "item": "billey:poultry_orange",
                        "heal_amount": 7
                    },
                    {
                        "item": "billey:cooked_snail",
                        "heal_amount": 4,
                        "effects": [
                            {
                                "name": "strength",
                                "chance": 1.0,
                                "duration": 15,
                                "amplifier": 1
                            }
                        ]
                    },
                    {
                        "item": "billey:cooked_snail_s",
                        "heal_amount": 4,
                        "effects": [
                            {
                                "name": "speed",
                                "chance": 1.0,
                                "duration": 15,
                                "amplifier": 1
                            }
                        ]
                    },
                    {
                        "item": "billey:cooked_snail_w",
                        "heal_amount": 4,
                        "effects": [
                            {
                                "name": "regeneration",
                                "chance": 1.0,
                                "duration": 15,
                                "amplifier": 1
                            }
                        ]
                    },
                    {
                        "item": "bread",
                        "heal_amount": 1
                    },
                    {
                        "item": "wheat_seeds",
                        "heal_amount": 2
                    },
                    {
                        "item": "melon_seeds",
                        "heal_amount": 3
                    },
                    {
                        "item": "melon",
                        "heal_amount": 6
                    },
                    {
                        "item": "glistering_melon_slice",
                        "heal_amount": 9
                    },
                    {
                        "item": "melon_block",
                        "heal_amount": 9
                    },
                    {
                        "item": "pumpkin_seeds",
                        "heal_amount": 2
                    },
                    {
                        "item": "carrot",
                        "heal_amount": 3
                    },
                    {
                        "item": "golden_carrot",
                        "heal_amount": 5
                    },
                    {
                        "item": "beetroot_seeds",
                        "heal_amount": 2
                    }
                ]
            },
            "minecraft:pushable": {
                "is_pushable": true,
                "is_pushable_by_piston": true
            },
            "minecraft:behavior.melee_attack": {
                "require_complete_path": true,
                "priority": 4,
                "speed_multiplier": 1.3,
                "track_target": true
            },
            "minecraft:attack": {
                "damage": 5
            },
            "minecraft:behavior.hurt_by_target": {
                "priority": 1
            },
            "minecraft:behavior.random_look_around": {
                "priority": 8
            },
            "minecraft:physics": {}
        },
        
        "events": {
            "reset_target": {
                "reset_target": {}
            },"destroy_head_equipment": {
    "queue_command":{
"command": "scriptevent billey:destroy_pet_head_equipment"
}
},
            "set_follow_state": {
                "sequence": [
                    {
                        "filters": {
                            "test": "has_component",
                            "subject": "self",
                            "value": "minecraft:behavior.follow_owner"
                        },
                        "set_property": {
                            "billey:follow_owner_state": "following"
                        }
                    },
                    {
                        "filters": {
                            "test": "has_component",
                            "subject": "self",
                            "operator": "not",
                            "value": "minecraft:behavior.follow_owner"
                        },
                        "set_property": {
                            "billey:follow_owner_state": "wandering"
                        }
                    }
                ]
            },
            "set_sitting_property_false": {
                "set_property": {
                    "billey:is_sitting": false
                }
            },
            "set_sitting_property_true": {
                "set_property": {
                    "billey:is_sitting": true
                }
            },
            "say_owner_hit_pet_info": {
                "queue_command": {
                    "target": "other",
                    "command": [
                        "titleraw @s actionbar {\"rawtext\":[{\"translate\":\"chat.billeys_mobs.owner_hit_pet\"}]}",
                        "tellraw @s[tag=!billey:has_hurt_own_pet] {\"rawtext\":[{\"translate\":\"ui.billeys_mobs.info.owner_hit_pet\"}]}",
                        "tag @s add billey:has_hurt_own_pet"
                    ]
                }
            },
            "say_other_hit_pet_info": {
                "queue_command": {
                    "target": "other",
                    "command": "titleraw @s actionbar {\"rawtext\":[{\"translate\":\"chat.billeys_mobs.other_hit_pet\"}]}"
                }
            },
            "add_sittable": {
                "add": {
                    "component_groups": [
                        "sittable"
                    ]
                }
            },
            "remove_sittable": {
                "remove": {
                    "component_groups": [
                        "sittable"
                    ]
                }
            },
            "send_info": {
                "queue_command": {
                    "target": "other",
                    "command": [
                        "tellraw @s {\"rawtext\":[{\"text\":\"\\n\"}]}",
                        "tellraw @s {\"rawtext\":[{\"translate\":\"ui.billeys_mobs.info.goose\",\"with\":[\"\\n\"]},{\"text\": \"\\n\"},{\"text\": \"\\n\"},{\"translate\":\"ui.billeys_mobs.info.formore\"}]}",
                        "tellraw @s {\"rawtext\":[{\"text\":\"\\n\"}]}"
                    ]
                }
            },
            "get_electrocuted": {
                "add": {
                    "component_groups": [
                        "electrocuted"
                    ]
                }
            },
            "wearhat": {
                "sequence": [
                    {
                        "add": {
                            "component_groups": [
                                "hat"
                            ]
                        }
                    },
                    {
                        "filters": {
                            "all_of": [
                                {
                                    "test": "has_component",
                                    "value": "minecraft:fire_immune"
                                },
                                {
                                    "test": "is_variant",
                                    "value": 5
                                }
                            ]
                        },
                        "add": {
                            "component_groups": [
                                "dyeblack"
                            ]
                        }
                    }
                ]
            },
            "nohat": {
                "remove": {
                    "component_groups": [
                        "hat"
                    ]
                },
                "queue_command": {
                    "command": [
                        "replaceitem entity @s slot.armor.head 0 feather"
                    ]
                }
            },
            "eventwander": {
                "sequence": [
                    {
                        "queue_command": {
                            "command": [
                                "tellraw @a[r=5] {\"rawtext\": [{\"translate\": \"billmobs.wander\"},{\"selector\": \"@s\"}, {\"translate\": \"billmobs.wander2\"}] }"
                            ]
                        }
                    },
                    {
                        "trigger": "eventwander_silent"
                    }
                ]
            },
            "eventfollow": {
                "sequence": [
                    {
                        "queue_command": {
                            "command": [
                                "tellraw @a[r=5] {\"rawtext\": [{\"translate\": \"billmobs.follow\"},{\"selector\": \"@s\"}, {\"translate\": \"billmobs.follow2\"}] }"
                            ]
                        }
                    },
                    {
                        "trigger": "eventfollow_silent"
                    }
                ]
            },
            "eventwander_silent": {
                "sequence": [
                    {
                        "remove": {
                            "component_groups": [
                                "following"
                            ]
                        }
                    },
                    {
                        "set_property": {
                            "billey:follow_owner_state": "wandering"
                        }
                    }
                ]
            },
            "eventfollow_silent": {
                "sequence": [
                    {
                        "add": {
                            "component_groups": [
                                "following"
                            ]
                        }
                    },
                    {
                        "set_property": {
                            "billey:follow_owner_state": "following"
                        }
                    }
                ]
            },
            "beenfedabanana": {
                "sequence": [
                    {
                        "queue_command": {
                            "command": [
                                "particle billey:eatbanana ~ ~.5 ~"
                            ]
                        }
                    },
                    {
                        "randomize": [
                            {
                                "weight": 8,
                                "queue_command": {
                                    "command": [
                                        "effect @s regeneration 7 1"
                                    ]
                                }
                            },
                            {
                                "weight": 4,
                                "queue_command": {
                                    "command": [
                                        "effect @s regeneration 10"
                                    ]
                                }
                            },
                            {
                                "weight": 4,
                                "queue_command": {
                                    "command": [
                                        "effect @s speed 10"
                                    ]
                                }
                            },
                            {
                                "weight": 4,
                                "queue_command": {
                                    "command": [
                                        "effect @s absorption 10"
                                    ]
                                }
                            },
                            {
                                "weight": 4,
                                "queue_command": {
                                    "command": [
                                        "effect @s resistance 10"
                                    ]
                                }
                            },
                            {
                                "weight": 4,
                                "queue_command": {
                                    "command": [
                                        "effect @s strength 10"
                                    ]
                                }
                            },
                            {
                                "weight": 4,
                                "queue_command": {
                                    "command": [
                                        "effect @s water_breathing 10"
                                    ]
                                }
                            },
                            {
                                "weight": 4,
                                "queue_command": {
                                    "command": [
                                        "effect @s fire_resistance 10"
                                    ]
                                }
                            },
                            {
                                "weight": 1,
                                "sequence": [
                                    {
                                        "queue_command": {
                                            "command": [
                                                "effect @s levitation 1 0 true"
                                            ]
                                        }
                                    },
                                    {
                                        "queue_command": {
                                            "target": "other",
                                            "command": [
                                                "effect @s levitation 1 0 true"
                                            ]
                                        }
                                    }
                                ]
                            }
                        ]
                    }
                ]
            },
            "bepetted": {
                "sequence": [
                    {
                        "randomize": [
                            {
                                "weight": 13
                            },
                            {
                                "weight": 1
                            },
                            {
                                "weight": 1,
                                "queue_command": {
                                    "command": [
                                        "playanimation @s animation.billeys_mobs.cat.petted"
                                    ]
                                }
                            }
                        ]
                    },
                    {
                        "queue_command": {
                            "target": "other",
                            "command": [
                                "playanimation @s animation.billeys_mobsplayer.pet"
                            ]
                        }
                    },
                    {
                        "randomize": [
                            {
                                "weight": 1
                            },
                            {
                                "weight": 99
                            },
                            {
                                "weight": 3,
                                "queue_command": {
                                    "command": [
                                        "effect @s resistance 10 1 true"
                                    ]
                                }
                            },
                            {
                                "weight": 3,
                                "queue_command": {
                                    "command": [
                                        "effect @s fire_resistance 10 1 true"
                                    ]
                                }
                            },
                            {
                                "weight": 3,
                                "queue_command": {
                                    "command": [
                                        "effect @s strength 10 1 true"
                                    ]
                                }
                            },
                            {
                                "weight": 3,
                                "queue_command": {
                                    "command": [
                                        "effect @s water_breathing 30 0 true"
                                    ]
                                }
                            },
                            {
                                "weight": 3,
                                "queue_command": {
                                    "command": [
                                        "effect @s speed 10 1 true"
                                    ]
                                }
                            },
                            {
                                "weight": 1,
                                "queue_command": {
                                    "command": [
                                        "effect @s levitation 1 1 true",
                                        "effect @s regeneration 30 1 true"
                                    ]
                                }
                            },
                            {
                                "weight": 1,
                                "queue_command": {
                                    "command": [
                                        "effect @s speed 1 0"
                                    ]
                                }
                            }
                        ]
                    }
                ]
            },
            "beno": {
                "add": {
                    "component_groups": [
                        "no_armor"
                    ]
                },
                "remove": {
                    "component_groups": [
                        "leather_armor",
                        "golden_armor",
                        "chain_armor",
                        "iron_armor",
                        "diamond_armor",
                        "netherite_armor",
                        "endrod_armor"
                    ]
                }
            },
            "beleather": {
                "add": {
                    "component_groups": [
                        "leather_armor"
                    ]
                }
            },
            "begolden": {
                "add": {
                    "component_groups": [
                        "golden_armor"
                    ]
                }
            },
            "bechain": {
                "add": {
                    "component_groups": [
                        "chain_armor"
                    ]
                }
            },
            "beiron": {
                "add": {
                    "component_groups": [
                        "iron_armor"
                    ]
                }
            },
            "bediamond": {
                "add": {
                    "component_groups": [
                        "diamond_armor"
                    ]
                }
            },
            "benetherite": {
                "add": {
                    "component_groups": [
                        "netherite_armor"
                    ]
                }
            },
            "beendrod": {
                "add": {
                    "component_groups": [
                        "endrod_armor"
                    ]
                }
            },
            "kroma": {
                "add": {
                    "component_groups": [
                        "kromatik"
                    ]
                }
            },
            "billey:pet_target_acquired": {
                "add": {
                    "component_groups": [
                        "angry"
                    ]
                }
            },
            "billey:pet_target_escape": {
                "remove": {
                    "component_groups": [
                        "angry"
                    ]
                }
            },
            "nokroma": {
                "remove": {
                    "component_groups": [
                        "kromatik"
                    ]
                }
            },
            "from_egg": {
                "add": {
                    "component_groups": [
                        "minecraft:goose_baby"
                    ]
                }
            },
            "minecraft:entity_spawned": {
                "sequence": [
                    {
                        "randomize": [
                            {
                                "weight": 400,
                                "remove": {},
                                "add": {
                                    "component_groups": [
                                        "white"
                                    ]
                                }
                            },
                            {
                                "weight": 300,
                                "remove": {},
                                "add": {
                                    "component_groups": [
                                        "brown"
                                    ]
                                }
                            },
                            {
                                "weight": 100,
                                "remove": {},
                                "add": {
                                    "component_groups": [
                                        "variant_2"
                                    ]
                                }
                            },
                            {
                                "weight": 5,
                                "remove": {},
                                "add": {
                                    "component_groups": [
                                        "variant_3"
                                    ]
                                }
                            },
                            {
                                "weight": 1,
                                "remove": {},
                                "add": {
                                    "component_groups": [
                                        "variant_6"
                                    ]
                                }
                            }
                        ]
                    },
                    {
                        "randomize": [
                            {
                                "weight": 46,
                                "remove": {},
                                "add": {
                                    "component_groups": [
                                        "minecraft:goose_adult",
                                        "swim_mode",
                                        "swim_dry",
                                        "wild",
                                        "quack"
                                    ]
                                }
                            },
                            {
                                "weight": 46,
                                "remove": {},
                                "add": {
                                    "component_groups": [
                                        "minecraft:goose_adult",
                                        "walk_mode",
                                        "wild",
                                        "quack"
                                    ]
                                }
                            },
                            {
                                "weight": 10,
                                "remove": {},
                                "add": {
                                    "component_groups": [
                                        "minecraft:goose_baby",
                                        "swim_mode",
                                        "swim_dry",
                                        "wild",
                                        "quack",
                                        "wildbaby"
                                    ]
                                }
                            },
                            {
                                "weight": 10,
                                "remove": {},
                                "add": {
                                    "component_groups": [
                                        "minecraft:goose_baby",
                                        "walk_mode",
                                        "wild",
                                        "quack",
                                        "wildbaby"
                                    ]
                                }
                            }
                        ]
                    },
                    {
                        "randomize": [
                            {
                                "weight": 292
                            },
                            {
                                "weight": 1,
                                "remove": {},
                                "add": {
                                    "component_groups": [
                                        "leather_armor"
                                    ]
                                }
                            },
                            {
                                "weight": 1,
                                "remove": {},
                                "add": {
                                    "component_groups": [
                                        "golden_armor"
                                    ]
                                }
                            },
                            {
                                "weight": 1,
                                "remove": {},
                                "add": {
                                    "component_groups": [
                                        "chain_armor"
                                    ]
                                }
                            },
                            {
                                "weight": 1,
                                "remove": {},
                                "add": {
                                    "component_groups": [
                                        "iron_armor"
                                    ]
                                }
                            },
                            {
                                "weight": 1,
                                "remove": {},
                                "add": {
                                    "component_groups": [
                                        "diamond_armor"
                                    ]
                                }
                            },
                            {
                                "weight": 1,
                                "remove": {},
                                "add": {
                                    "component_groups": [
                                        "netherite_armor"
                                    ]
                                }
                            },
                            {
                                "weight": 1,
                                "remove": {},
                                "add": {
                                    "component_groups": [
                                        "endrod_armor"
                                    ]
                                }
                            },
                            {
                                "weight": 1,
                                "remove": {},
                                "add": {
                                    "component_groups": [
                                        "kromatik"
                                    ]
                                }
                            }
                        ]
                    }
                ]
            },
            "minecraft:baby_spawned": {
                "sequence": [
                    {
                        "randomize": [
                            {
                                "weight": 10,
                                "remove": {},
                                "add": {
                                    "component_groups": [
                                        "minecraft:goose_baby",
                                        "swim_mode",
                                        "swim_dry",
                                        "wild",
                                        "quack",
                                        "wildbaby"
                                    ]
                                }
                            },
                            {
                                "weight": 10,
                                "remove": {},
                                "add": {
                                    "component_groups": [
                                        "minecraft:goose_baby",
                                        "walk_mode",
                                        "wild",
                                        "quack",
                                        "wildbaby"
                                    ]
                                }
                            }
                        ]
                    },
                    {
                        "randomize": [
                            {
                                "weight": 72,
                                "remove": {},
                                "add": {
                                    "component_groups": [
                                        "white"
                                    ]
                                }
                            },
                            {
                                "weight": 72,
                                "remove": {},
                                "add": {
                                    "component_groups": [
                                        "brown"
                                    ]
                                }
                            },
                            {
                                "weight": 35,
                                "remove": {},
                                "add": {
                                    "component_groups": [
                                        "mandarin"
                                    ]
                                }
                            },
                            {
                                "weight": 35,
                                "remove": {},
                                "add": {
                                    "component_groups": [
                                        "blue"
                                    ]
                                }
                            },
                            {
                                "weight": 35,
                                "remove": {},
                                "add": {
                                    "component_groups": [
                                        "black"
                                    ]
                                }
                            },
                            {
                                "weight": 35,
                                "remove": {},
                                "add": {
                                    "component_groups": [
                                        "head"
                                    ]
                                }
                            },
                            {
                                "weight": 35,
                                "remove": {},
                                "add": {
                                    "component_groups": [
                                        "whole"
                                    ]
                                }
                            }
                        ]
                    }
                ]
            },
            "untame": {
                "sequence": [
                    {
                        "queue_command": {
                            "command": [
                                "playsound random.orb @a ~~~ 1.00 0.8 0.5",
                                "tellraw @a[r=5] {\"rawtext\": [{\"translate\": \"billmobs.untame\"},{\"selector\": \"@s\"}, {\"translate\": \"billmobs.untame2\"}] }"
                            ]
                        }
                    },
                    {
                        "remove": {
                            "component_groups": [
                                "tamed_component"
                            ]
                        }
                    },
                    {
                        "add": {
                            "component_groups": [
                                "untamed"
                            ]
                        }
                    }
                ]
            },
            "stopquack": {
                "remove": {
                    "component_groups": [
                        "quack"
                    ]
                },
                "add": {
                    "component_groups": [
                        "timer"
                    ]
                }
            },
            "stopflap": {
                "remove": {
                    "component_groups": [
                        "flap"
                    ]
                },
                "add": {
                    "component_groups": [
                        "timer"
                    ]
                }
            },
            "fix": {
                "remove": {
                    "component_groups": [
                        "water_mode",
                        "land_mode"
                    ]
                },
                "add": {
                    "component_groups": [
                        "walk_mode",
                        "quack"
                    ]
                }
            },
            "stopquack1": {
                "remove": {
                    "component_groups": [
                        "quack1"
                    ]
                },
                "add": {
                    "component_groups": [
                        "timer1"
                    ]
                }
            },
            "standup": {
                "add": {
                    "component_groups": [
                        "flap1"
                    ]
                },
                "remove": {
                    "component_groups": [
                        "timer1"
                    ]
                }
            },
            "stopflap1": {
                "remove": {
                    "component_groups": [
                        "flap1"
                    ]
                },
                "add": {
                    "component_groups": [
                        "timer1"
                    ]
                }
            },
            "fix1": {
                "add": {
                    "component_groups": [
                        "quack1"
                    ]
                }
            },
            "yay": {
                "sequence": [
                    {
                        "queue_command": {
                            "command": [
                                "execute @p[tag=!billducktameadv,r=5.2] ~~~ function billducktameadv",
                                "tag @p[tag=!billducktameadv,r=5.2] add billducktameadv"
                            ]
                        }
                    },
                    {
                        "remove": {
                            "component_groups": [
                                "swim_mode",
                                "walk_mode",
                                "swim_wet",
                                "swim_dry",
                                "quack",
                                "flap",
                                "timer",
                                "wild",
                                "wildbaby"
                            ]
                        }
                    },
                    {
                        "add": {
                            "component_groups": [
                                "tamed",
                                "quack1"
                            ]
                        }
                    },
                    {
                        "filters": {
                            "test": "has_component",
                            "value": "minecraft:is_baby"
                        },
                        "add": {
                            "component_groups": [
                                "agelol"
                            ]
                        }
                    }
                ]
            },
            "minecraft:entity_born": {
                "sequence": [
                    {
                        "remove": {},
                        "add": {
                            "component_groups": [
                                "minecraft:goose_baby",
                                "tamed",
                                "quack1",
                                "agelol",
                                "no_armor"
                            ]
                        }
                    },
                    {
                        "filters": {
                            "test": "has_component",
                            "value": "minecraft:is_illager_captain",
                            "subject": "parent"
                        },
                        "add": {
                            "component_groups": [
                                "kromatik"
                            ]
                        }
                    }
                ]
            },
            "minecraft:entity_born_blue": {
                "sequence": [
                    {
                        "remove": {},
                        "add": {
                            "component_groups": [
                                "minecraft:goose_baby",
                                "tamed",
                                "quack1",
                                "agelol",
                                "no_armor",
                                "blue"
                            ]
                        }
                    },
                    {
                        "filters": {
                            "test": "has_component",
                            "value": "minecraft:is_illager_captain",
                            "subject": "parent"
                        },
                        "add": {
                            "component_groups": [
                                "kromatik"
                            ]
                        }
                    }
                ]
            },
            "minecraft:entity_born_black": {
                "sequence": [
                    {
                        "remove": {},
                        "add": {
                            "component_groups": [
                                "minecraft:goose_baby",
                                "tamed",
                                "quack1",
                                "agelol",
                                "no_armor",
                                "black"
                            ]
                        }
                    },
                    {
                        "filters": {
                            "test": "has_component",
                            "value": "minecraft:is_illager_captain",
                            "subject": "parent"
                        },
                        "add": {
                            "component_groups": [
                                "kromatik"
                            ]
                        }
                    }
                ]
            },
            "minecraft:entity_born_golden": {
                "sequence": [
                    {
                        "remove": {},
                        "add": {
                            "component_groups": [
                                "minecraft:goose_baby",
                                "tamed",
                                "golden",
                                "quack1",
                                "agelol",
                                "no_armor"
                            ]
                        }
                    },
                    {
                        "filters": {
                            "test": "has_component",
                            "value": "minecraft:is_illager_captain",
                            "subject": "parent"
                        },
                        "add": {
                            "component_groups": [
                                "kromatik"
                            ]
                        }
                    }
                ]
            },
            "minecraft:ageable_grow_up": {
                "remove": {
                    "component_groups": [
                        "minecraft:goose_baby",
                        "timer1",
                        "quack1",
                        "agelol"
                    ]
                },
                "add": {
                    "component_groups": [
                        "minecraft:goose_adult",
                        "flap1"
                    ]
                }
            },
            "minecraft:on_leash": {
                "sequence": [
                    {
                        "add": {
                            "component_groups": [
                                "minecraft:goose_leashed"
                            ]
                        }
                    },
                    {
                        "filters": {
                            "test": "has_component",
                            "operator": "not",
                            "value": "minecraft:is_tamed"
                        },
                        "remove": {
                            "component_groups": [
                                "swim_mode",
                                "swim_dry",
                                "swim_wet"
                            ]
                        },
                        "add": {
                            "component_groups": [
                                "walk_mode"
                            ]
                        }
                    }
                ]
            },
            "minecraft:on_unleash": {
                "remove": {
                    "component_groups": [
                        "minecraft:goose_leashed"
                    ]
                }
            },
            "do_event": {
                "randomize": [
                    {
                        "weight": 15,
                        "remove": {
                            "component_groups": [
                                "walk_mode"
                            ]
                        },
                        "add": {
                            "component_groups": [
                                "swim_mode",
                                "swim_dry"
                            ]
                        }
                    },
                    {
                        "weight": 20,
                        "remove": {
                            "component_groups": [
                                "swim_mode",
                                "swim_dry",
                                "swim_wet"
                            ]
                        },
                        "add": {
                            "component_groups": [
                                "walk_mode"
                            ]
                        }
                    },
                    {
                        "weight": 750,
                        "remove": {
                            "component_groups": [
                                "timer"
                            ]
                        },
                        "add": {
                            "component_groups": [
                                "quack"
                            ]
                        }
                    },
                    {
                        "weight": 80,
                        "remove": {
                            "component_groups": [
                                "timer"
                            ]
                        },
                        "add": {
                            "component_groups": [
                                "flap"
                            ]
                        }
                    }
                ]
            },
            "do_event1": {
                "randomize": [
                    {
                        "weight": 750,
                        "remove": {
                            "component_groups": [
                                "timer1"
                            ]
                        },
                        "add": {
                            "component_groups": [
                                "quack1"
                            ]
                        }
                    },
                    {
                        "weight": 100,
                        "remove": {
                            "component_groups": [
                                "timer1"
                            ]
                        },
                        "add": {
                            "component_groups": [
                                "flap1"
                            ]
                        }
                    }
                ]
            },
            "waterisdry": {
                "remove": {
                    "component_groups": [
                        "swim_wet"
                    ]
                },
                "add": {
                    "component_groups": [
                        "swim_dry"
                    ]
                }
            },
            "wateriswet": {
                "add": {
                    "component_groups": [
                        "swim_wet"
                    ]
                },
                "remove": {
                    "component_groups": [
                        "swim_dry"
                    ]
                }
            },
            "addgold": {
                "add": {
                    "component_groups": [
                        "gold"
                    ]
                }
            }
        }
    }
}