{
    "format_version": "1.16.0",
    "minecraft:entity": {
        "description": {
            "identifier": "billey:orange_penguin",
            "is_spawnable": true,
            "is_summonable": true,
            "scripts": {
                "animate": [
                    {
                        "set_follow_state": "q.is_tamed && q.property('billey:follow_owner_state') == 'unknown'"
                    },
                    {
                        "set_sitting_property": "q.is_tamed"
                    },
                    "check_beta_apis",
                    {
                        "rainbow_effects": "q.is_illager_captain"
                    },
                    {
                        "stand_up_when_hit": "q.is_tamed && (q.health < (16 * q.max_health / 30))"
                    },
                    {
                        "info": "!q.is_tamed"
                    },
                    "tame",
                    {
                        "shouldgetanorange": "q.is_tamed"
                    },
                    "panicompo"
                ]
            },
            "animations": {
                "check_beta_apis": "animation.billeys_mobs.check_beta_apis",
                "set_follow_state": "animation.billeys_mobs.set_follow_state",
                "set_sitting_property": "controller.animation.billeys_mobs.set_sitting_property",
                "rainbow_effects": "animation.billeys_mobs.rainbow_effects",
                "stand_up_when_hit": "controller.animation.billeys_mobs.stand_up_when_hit",
                "info": "animation.billeys_mobs.info.orange_penguin",
                "tame": "controller.animation.billeys_mobs.tame",
                "panicompo": "controller.animation.billeys_mobs.panicompo",
                "shouldgetanorange": "controller.animation.billeys_mobs.shouldgetanorange"
            },
            
            "properties": {
                "billey:is_billey_mob": {
                    "client_sync": true,
                    "type": "bool",
                    "default": true
                },
                "billey:head_equipment_color": {
                    "client_sync": true,
                    "type": "int",
                    "range": [
                        0,
                        15
                    ],
                    "default": 0
                },
                //pets' leg slot is used for bowties
                "billey:legs_equipment_color": {
                    "client_sync": true,
                    "type": "int",
                    "range": [
                        0,
                        15
                    ],
                    "default": 0
                },
                "billey:chest_equipment_color": {
                    "client_sync": true,
                    "type": "int",
                    "range": [
                        0,
                        15
                    ],
                    "default": 0
                },
                "billey:feet_equipment_color": {
                    "client_sync": true,
                    "type": "int",
                    "range": [
                        0,
                        15
                    ],
                    "default": 0
                },
                "billey:body_equipment_color": {
                    "client_sync": true,
                    "type": "int",
                    "range": [
                        0,
                        15
                    ],
                    "default": 0
                },
                "billey:follow_owner_state": {
                    //only used so scripts can know whether it's following or wandering
                    "type": "enum",
                    "default": "unknown",
                    "values": [
                        "unknown",
                        "following",
                        "wandering"
                    ]
                },
                "billey:is_sitting": {
                    //only used so scripts can know whether or not it's sitting
                    "type": "bool",
                    "default": false
                }
            }
        },
        "component_groups": {
            "sittable": {
                "minecraft:sittable": {}
            },
            "tamed_component": {
                "minecraft:is_tamed": {}
            },
            "untamed": { /*This is just for ones untamed by the untaming stick.
The real tame items of this mob are in the wild component group*/
                "minecraft:tameable": {
                    "probability": 1.0,
                    "tame_event": {
                        "event": "on_tame"
                    },
                    "tame_items": [
                        "billey:power_banana",
                        "billey:raw_catfish",
                        "billey:bettafish",
                        "billey:pizzapiece",
                        "salmon",
                        "fish",
                        "clownfish",
                        "sweet_berries",
                        "rotten_flesh",
                        "wheat_seeds",
                        "melon_seeds",
                        "carrot",
                        "beetroot_seeds",
                        "pumpkin_seeds",
                        "chicken",
                        "billey:raw_hamster",
                        "billey:poultry_orange",
                        "billey:raw_snail",
                        "billey:raw_snail_s",
                        "billey:raw_snail_w",
                        "billey:raw_piranha",
                        "bread",
                        "apple",
                        "fermented_spider_eye",
                        "spider_eye",
                        "string"
                    ]
                }
            },
            "electrocuted": {
                "minecraft:loot": {
                    "table": "loot_tables/entities/billey_electrocuted.json"
                }
            },
            "angry": {
                "minecraft:angry": {
                    "duration": 60,
                    "broadcast_anger": true,
                    "broadcast_range": 40,
                    "calm_event": {
                        "event": "billey:pet_target_escape",
                        "target": "self"
                    },
                    "broadcast_filters": {
                        "test": "is_family",
                        "value": "penguin",
                        "subject": "self"
                    },
                    "broadcast_targets": [
                        "penguin"
                    ]
                }
            },
            "angrybaby": {
                "minecraft:angry": {
                    "duration": 1,
                    "broadcast_anger": true,
                    "broadcast_range": 40,
                    "calm_event": {
                        "event": "billey:pet_target_escape",
                        "target": "self"
                    },
                    "broadcast_filters": {
                        "test": "is_family",
                        "value": "penguin",
                        "subject": "self"
                    },
                    "broadcast_targets": [
                        "penguin"
                    ]
                }
            },
            "following": {
                "minecraft:behavior.follow_owner": {
                    "priority": 4,
                    "speed_multiplier": 1.25,
                    "start_distance": 7,
                    "stop_distance": 5
                }
            },
            "tamed": {
                "minecraft:behavior.owner_hurt_by_target": {
                    "priority": 1,
                    "entity_types": {
                        "filters": {
                            "test": "has_tag",
                            "subject": "self",
                            "value": "billey:brave"
                        }
                    }
                },
                "minecraft:behavior.owner_hurt_target": {
                    "priority": 2,
                    "entity_types": {
                        "max_dist": 127,
                        "filters": {
                            "test": "has_tag",
                            "subject": "self",
                            "value": "billey:brave"
                        }
                    }
                },
                "minecraft:behavior.avoid_mob_type": {
                    "priority": 0,
                    "max_flee": 16,
                    "entity_types": [
                        {
                            "filters": {
                                "test": "has_component",
                                "subject": "other",
                                "value": "minecraft:explode"
                            },
                            "max_dist": 12,
                            "walk_speed_multiplier": 1.4,
                            "sprint_speed_multiplier": 1.4
                        }
                    ]
                },
                "minecraft:persistent": {},
                "minecraft:behavior.tempt": {
                    "priority": 5,
                    "speed_multiplier": 1.0,
                    "items": [
                        "clownfish",
                        "billey:betta_fish",
                        "billey:sand_banana",
                        "billey:raw_catfish",
                        "fish",
                        "salmon"
                    ]
                },
                "minecraft:behavior.beg": {
                    "priority": 9,
                    "look_distance": 3,
                    "look_time": 0,
                    "items": [
                        "clownfish",
                        "billey:betta_fish",
                        "billey:sand_banana",
                        "billey:raw_catfish",
                        "fish",
                        "salmon"
                    ]
                },
                "minecraft:healable": {
                    "items": [
                        {
                            "item": "billey:poultry_orange",
                            "heal_amount": 7
                        },
                        {
                            "item": "billey:cooked_snail",
                            "heal_amount": 4,
                            "effects": [
                                {
                                    "name": "strength",
                                    "chance": 1.0,
                                    "duration": 15,
                                    "amplifier": 1
                                }
                            ]
                        },
                        {
                            "item": "billey:cooked_snail_s",
                            "heal_amount": 4,
                            "effects": [
                                {
                                    "name": "speed",
                                    "chance": 1.0,
                                    "duration": 15,
                                    "amplifier": 1
                                }
                            ]
                        },
                        {
                            "item": "billey:cooked_snail_w",
                            "heal_amount": 4,
                            "effects": [
                                {
                                    "name": "regeneration",
                                    "chance": 1.0,
                                    "duration": 15,
                                    "amplifier": 1
                                }
                            ]
                        },
                        {
                            "item": "fish",
                            "heal_amount": 4
                        },
                        {
                            "item": "salmon",
                            "heal_amount": 4
                        },
                        {
                            "item": "billey:raw_catfish",
                            "heal_amount": 4
                        },
                        {
                            "item": "clownfish",
                            "heal_amount": 5
                        },
                        {
                            "item": "billey:betta_fish",
                            "heal_amount": 12
                        }
                    ]
                },
                "minecraft:is_tamed": {},
                "minecraft:tameable": {}, //for the script to be able to get the mob's owner
                "minecraft:sittable": {},
                "minecraft:behavior.follow_owner": {
                    "priority": 4,
                    "speed_multiplier": 1.25,
                    "start_distance": 7,
                    "stop_distance": 5
                },
                "minecraft:behavior.stay_while_sitting": {
                    "priority": 2
                }
            },
            "kromatik": {
                "minecraft:is_illager_captain": {},
                "minecraft:color": {
                    "value": 0
                }
            },
            "despawned": {
                "minecraft:instant_despawn": {}
            },
            "brown": {
                "minecraft:variant": {
                    "value": 1
                }
            },
            "black": {
                "minecraft:variant": {
                    "value": 2
                }
            },
            "purple": {
                "minecraft:variant": {
                    "value": 3
                }
            },
            "dark_brown": {
                "minecraft:variant": {
                    "value": 4
                }
            },
            "purple_two": {
                "minecraft:variant": {
                    "value": 5
                }
            },
            "fruit": {
                "minecraft:variant": {
                    "value": 6
                }
            },
            "green": {
                "minecraft:variant": {
                    "value": 7
                }
            },
            "eight": {
                "minecraft:variant": {
                    "value": 8
                }
            },
            "nine": {
                "minecraft:variant": {
                    "value": 9
                }
            },
            "ten": {
                "minecraft:variant": {
                    "value": 10
                }
            },
            "eleven": {
                "minecraft:variant": {
                    "value": 11
                }
            },
            "twelve": {
                "minecraft:variant": {
                    "value": 12
                }
            },
            "thirteen": {
                "minecraft:variant": {
                    "value": 13
                }
            },
            "fourteen": {
                "minecraft:variant": {
                    "value": 14
                }
            },
            "red": {
                "minecraft:variant": {
                    "value": 15
                }
            },
            "silver": {
                "minecraft:variant": {
                    "value": 16
                }
            },
            "diamond": {
                "minecraft:variant": {
                    "value": 17
                }
            },
            "tameable": {
                "minecraft:behavior.tempt": {
                    "priority": 5,
                    "within_radius": 7,
                    "items": [
                        "billey:betta_fish",
                        "clownfish"
                    ]
                },
                "minecraft:behavior.beg": {
                    "priority": 9,
                    "look_distance": 3,
                    "look_time": 0,
                    "items": [
                        "billey:betta_fish",
                        "clownfish"
                    ]
                },
                "minecraft:despawn": {
                    "despawn_from_distance": {}
                },
                "minecraft:tameable": {
                    "probability": 0.8,
                    "tame_items": [
                        "billey:power_banana",
                        "billey:betta_fish",
                        "clownfish"
                    ],
                    "tame_event": {
                        "event": "on_tame"
                    }
                }
            },
            "donotgoogleporn": {
                "minecraft:despawn": {
                    "despawn_from_distance": {}
                },
                "minecraft:behavior.tempt": {
                    "priority": 5,
                    "within_radius": 7,
                    "items": [
                        "billey:betta_fish",
                        "clownfish",
                        "bedrock"
                    ]
                },
                "minecraft:behavior.beg": {
                    "priority": 9,
                    "look_distance": 3,
                    "look_time": 0,
                    "items": [
                        "billey:betta_fish",
                        "clownfish",
                        "bedrock"
                    ]
                },
                "minecraft:tameable": {
                    "probability": 0.8,
                    "tame_items": [
                        "billey:power_banana",
                        "billey:betta_fish",
                        "clownfish",
                        "bedrock"
                    ],
                    "tame_event": {
                        "event": "on_tame"
                    }
                }
            },
            "scalecg": {
                "minecraft:scale": {
                    "value": 0.55
                }
            },
            "baby": {
                "minecraft:is_baby": {},
                "minecraft:scale": {
                    "value": 0.55
                },
                "minecraft:on_target_acquired": {
                    "event": "angerybaby",
                    "target": "self"
                },
                "minecraft:behavior.follow_parent": {
                    "priority": 4,
                    "speed_multiplier": 1.1
                }
            },
            "adult": {
                "minecraft:breedable": {
                    "require_tame": true,
                    "require_full_health": true,
                    "breeds_with": [
                        {
                            "mate_type": "billey:orange_penguin",
                            "baby_type": "billey:orange_penguin",
                            "breed_event": {
                                "event": "minecraft:entity_born",
                                "target": "baby"
                            }
                        },
                        {
                            "mate_type": "billey:kiwi",
                            "baby_type": "billey:kiwi",
                            "breed_event": {
                                "event": "minecraft:entity_born_orange",
                                "target": "baby"
                            }
                        },
                        {
                            "mate_type": "billey:penguin",
                            "baby_type": "billey:orange_penguin",
                            "breed_event": {
                                "event": "minecraft:entity_born_red",
                                "target": "baby"
                            }
                        },
                        {
                            "mate_type": "billey:pigeon",
                            "baby_type": "billey:orange_penguin",
                            "breed_event": {
                                "event": "minecraft:entity_born_silver",
                                "target": "baby"
                            }
                        },
                        {
                            "mate_type": "billey:duck",
                            "baby_type": "billey:orange_penguin",
                            "breed_event": {
                                "event": "minecraft:entity_born_diamond",
                                "target": "baby"
                            }
                        },
                        {
                            "mate_type": "billey:banana_duck",
                            "baby_type": "billey:duck",
                            "breed_event": {
                                "event": "minecraft:entity_born_golden",
                                "target": "baby"
                            }
                        },
                        {
                            "mateType": "billey:berry_goose",
                            "babyType": "billey:berry_goose",
                            "breed_event": {
                                "event": "minecraft:entity_born_orange",
                                "target": "baby"
                            }
                        }
                    ],
                    "breed_items": [
                        "billey:poultry_orange",
                        "billey:betta_fish",
                        "clownfish"
                    ]
                },
                "minecraft:scale": {
                    "value": 1.1
                },
                "minecraft:experience_reward": {
                    "on_bred": "Math.Random(1,7)",
                    "on_death": "q.last_hit_by_player ? Math.Random(1,3) : 0"
                },
                "minecraft:on_target_acquired": {
                    "event": "billey:pet_target_acquired",
                    "target": "self"
                },
                "minecraft:rideable": {
                    "seat_count": 1,
                    "family_types": [
                        "zombie"
                    ],
                    "seats": {
                        "position": [
                            0.0,
                            0.4,
                            0.0
                        ]
                    }
                }
            },
            "hasorange": {
                "minecraft:is_sheared": {},
                "minecraft:behavior.breed": {
                    "priority": 3,
                    "speed_multiplier": 1.0
                }
            },
            "growup": {
                "minecraft:scale_by_age": {
                    "start_scale": 0.55,
                    "end_scale": 0.935
                },
                "minecraft:ageable": {
                    "duration": 4800,
                    "feed_items": [
                        "clownfish",
                        "billey:betta_fish",
                        "billey:sand_banana",
                        "billey:raw_catfish",
                        "fish",
                        "salmon"
                    ],
                    "grow_up": {
                        "event": "minecraft:ageable_grow_up",
                        "target": "self"
                    }
                }
            },
            "panicompo": {
                "minecraft:behavior.panic": {
                    "priority": 1,
                    "speed_multiplier": 1.5
                }
            }
        },
        "components": {
            "minecraft:health": {
                "value": 30,
                "max": 30
            },
            "minecraft:is_hidden_when_invisible": {},
            "minecraft:type_family": {
                "family": [
                    "orange_penguin",
                    "penguin",
                    "strider",
                    "mob",
                    "dinosaur"
                ]
            },
            "minecraft:damage_sensor": {
                "triggers": [
                    {
                        "on_damage": {
                            "filters": {
                                "all_of": [
                                    {
                                        "test": "has_component",
                                        "value": "minecraft:is_sheared",
                                        "subject": "self"
                                    },
                                    {
                                        "test": "has_damage",
                                        "operator": "not",
                                        "value": "magic"
                                    }
                                ]
                            },
                            "target": "self",
                            "event": "hit_orange"
                        },
                        "cause": "entity_attack",
                        "deals_damage": false
                    },
                    {
                        "on_damage": {
                            "filters": {
                                "all_of": [
                                    {
                                        "test": "is_owner",
                                        "subject": "other",
                                        "value": true
                                    },
                                    {
                                        "test": "has_tag",
                                        "subject": "other",
                                        "operator": "not",
                                        "value": "billey:can_hit_own_pet"
                                    }
                                ]
                            },
                            "event": "say_owner_hit_pet_info"
                        },
                        "cause": "all",
                        "deals_damage": false
                    },
                    {
                        "on_damage": {
                            "filters": {
                                "all_of": [
                                    {
                                        "test": "has_component",
                                        "subject": "self",
                                        "value": "minecraft:is_tamed"
                                    },
                                    {
                                        "test": "is_owner",
                                        "subject": "other",
                                        "value": false
                                    },
                                    {
                                        "test": "has_tag",
                                        "subject": "other",
                                        "value": "billey:cant_hit_other_pet"
                                    }
                                ]
                            },
                            "event": "say_other_hit_pet_info"
                        },
                        "cause": "all",
                        "deals_damage": false
                    },
                    {
                        "cause": "all",
                        "deals_damage": false,
                        "on_damage_sound_event": "armor.equip_generic",
                        "on_damage": {
                            "event": "destroy_head_equipment",
                            "target": "self",
                            "filters": {
                                "all_of": [
                                    {
                                        "test": "has_damage",
                                        "value": "fatal"
                                    },
                                    {
                                        "test": "has_equipment",
                                        "value": "billey:pet_hat",
                                        "domain": "head"
                                    }
                                ]
                            }
                        }
                    }
                ]
            },
            "minecraft:breathable": {
                "total_supply": 15,
                "suffocate_time": 0
            },
            "minecraft:collision_box": {
                "width": 0.5,
                "height": 0.9
            },
            "minecraft:nameable": {},
            "minecraft:interact": {
                "interactions": [
                    {
                        "play_sounds": "plop",
                        "swing": true,
                        "interact_text": "action.interact.get_info",
                        "on_interact": {
                            "filters": {
                                "any_of": [
                                    {
                                        "test": "has_equipment",
                                        "subject": "other",
                                        "domain": "hand",
                                        "value": "feather"
                                    },
                                    {
                                        "test": "has_equipment",
                                        "subject": "other",
                                        "domain": "hand",
                                        "value": "book"
                                    },
                                    {
                                        "test": "has_equipment",
                                        "subject": "other",
                                        "domain": "hand",
                                        "value": "billey:info_book"
                                    }
                                ]
                            },
                            "event": "send_info",
                            "target": "self"
                        }
                    },
                    {
                        "play_sounds": "plop",
                        "swing": true,
                        "interact_text": "action.interact.untame",
                        "on_interact": {
                            "filters": {
                                "all_of": [
                                    {
                                        "test": "has_equipment",
                                        "subject": "other",
                                        "domain": "hand",
                                        "value": "billey:untaming_stick"
                                    },
                                    {
                                        "test": "is_owner",
                                        "subject": "other",
                                        "value": true
                                    }
                                ]
                            },
                            "event": "untame",
                            "target": "self"
                        }
                    },
                    {
                        "play_sounds": "shear",
                        "swing": true,
                        "hurt_item": 1,
                        "interact_text": "action.interact.shear",
                        "on_interact": {
                            "filters": {
                                "all_of": [
                                    {
                                        "test": "has_equipment",
                                        "subject": "other",
                                        "domain": "hand",
                                        "value": "shears"
                                    },
                                    {
                                        "test": "has_component",
                                        "subject": "self",
                                        "value": "minecraft:is_sheared"
                                        //is sheared actually means
                                        //"has an orange on top of its head"
                                        //for orange penguins,
                                        //it doesnt mean that the orange has been
                                        //sheared off
                                    }
                                ]
                            },
                            "event": "hit_orange",
                            "target": "self"
                        }
                    },
                    {
                        //this makes shearing one that doesnt have an orange
                        //do nothing when attemtping to shear it
                        //the point of doing this is to make shears unable
                        //to make penguins sit or stand
                        //so if you spam-shear penguins
                        //already sheared ones wont stand which would cause
                        //some mess
                        "on_interact": {
                            "filters": {
                                "all_of": [
                                    {
                                        "test": "has_equipment",
                                        "subject": "other",
                                        "domain": "hand",
                                        "value": "shears"
                                    },
                                    {
                                        "test": "has_component",
                                        "subject": "self",
                                        "value": "minecraft:is_sheared",
                                        "operator": "not"
                                        //is sheared actually means
                                        //"has an orange on top of its head"
                                        //for orange penguins,
                                        //it doesnt mean that the orange has been
                                        //sheared off
                                    }
                                ]
                            }
                        }
                    },
                    {
                        "play_sounds": "plop",
                        "swing": true,
                        "interact_text": "action.interact.wander",
                        "on_interact": {
                            "filters": {
                                "all_of": [
                                    {
                                        "test": "has_equipment",
                                        "subject": "other",
                                        "domain": "hand",
                                        "value": "stick"
                                    },
                                    {
                                        "test": "has_component",
                                        "subject": "self",
                                        "value": "minecraft:behavior.follow_owner"
                                    },
                                    {
                                        "test": "is_owner",
                                        "subject": "other",
                                        "value": true
                                    }
                                ]
                            },
                            "event": "eventwander",
                            "target": "self"
                        }
                    },
                    {
                        "play_sounds": "plop",
                        "swing": true,
                        "interact_text": "action.interact.follow",
                        "on_interact": {
                            "filters": {
                                "all_of": [
                                    {
                                        "test": "has_equipment",
                                        "subject": "other",
                                        "domain": "hand",
                                        "value": "stick"
                                    },
                                    {
                                        "test": "has_component",
                                        "subject": "self",
                                        "operator": "not",
                                        "value": "minecraft:behavior.follow_owner"
                                    },
                                    {
                                        "test": "is_owner",
                                        "subject": "other",
                                        "value": true
                                    }
                                ]
                            },
                            "event": "eventfollow",
                            "target": "self"
                        }
                    },
                    {
                        "interact_text": "action.interact.pet",
                        "on_interact": {
                            "filters": {
                                "all_of": [
                                    {
                                        "test": "has_equipment",
                                        "subject": "other",
                                        "domain": "hand",
                                        "operator": "!=",
                                        "value": "billey:swordfish"
                                    },
                                    {
                                        "test": "has_equipment",
                                        "subject": "other",
                                        "domain": "hand",
                                        "operator": "!=",
                                        "value": "billey:golden_swordfish"
                                    },
                                    {
                                        "test": "is_sneaking",
                                        "subject": "other",
                                        "value": true
                                    }
                                ]
                            },
                            "event": "bepetted",
                            "target": "self"
                        }
                    },
                    {
                        "use_item": true,
                        "play_sounds": "eat",
                        "interact_text": "action.interact.feed",
                        "on_interact": {
                            "filters": {
                                "all_of": [
                                    {
                                        "test": "has_equipment",
                                        "subject": "other",
                                        "domain": "hand",
                                        "value": "billey:sand_banana"
                                    },
                                    {
                                        "test": "is_family",
                                        "subject": "other",
                                        "value": "player"
                                    }
                                ]
                            },
                            "event": "beenfedabanana",
                            "target": "self"
                        }
                    },
                    {
                        "use_item": true,
                        "play_sounds": "milk",
                        "interact_text": "action.interact.use",
                        "transform_to_item": "glass_bottle",
                        "on_interact": {
                            "filters": {
                                "all_of": [
                                    {
                                        "test": "has_equipment",
                                        "subject": "other",
                                        "domain": "hand",
                                        "value": "billey:colorful_bottle"
                                    },
                                    {
                                        "test": "is_owner",
                                        "subject": "other",
                                        "value": true
                                    }
                                ]
                            },
                            "event": "kroma",
                            "target": "self"
                        }
                    },
                    {
                        "use_item": true,
                        "play_sounds": "milk",
                        "interact_text": "action.interact.use",
                        "transform_to_item": "glass_bottle",
                        "on_interact": {
                            "filters": {
                                "all_of": [
                                    {
                                        "test": "has_equipment",
                                        "subject": "other",
                                        "domain": "hand",
                                        "value": "billey:colorless_bottle"
                                    },
                                    {
                                        "test": "is_owner",
                                        "subject": "other",
                                        "value": true
                                    }
                                ]
                            },
                            "event": "nokroma",
                            "target": "self"
                        }
                    }
                ]
            },
            "minecraft:hurt_on_condition": {
                "damage_conditions": [
                    {
                        "filters": {
                            "test": "in_lava",
                            "subject": "self",
                            "operator": "==",
                            "value": true
                        },
                        "cause": "lava",
                        "damage_per_tick": 4
                    }
                ]
            },
            "minecraft:movement": {
                "value": 0.23
            },
            "minecraft:behavior.hurt_by_target": {
                "priority": 2
            },
            "minecraft:leashable": {
                "soft_distance": 4.0,
                "hard_distance": 6.0,
                "max_distance": 10.0
            },
            "minecraft:balloonable": {
                "mass": 0.5
            },
            "minecraft:navigation.walk": {
                "can_path_over_water": true,
                "avoid_damage_blocks": true
            },
            "minecraft:movement.basic": {},
            "minecraft:jump.static": {},
            "minecraft:can_climb": {},
            "minecraft:behavior.float": {
                "priority": 0
            },
            "minecraft:timer": {
                "time": [
                    240,
                    360
                ],
                "looping": true,
                "time_down_event": {
                    "event": "regenerate",
                    "target": "self"
                }
            },
            "minecraft:attack": {
                "damage": 7
            },
            "minecraft:behavior.melee_attack": {
                "require_complete_path": true,
                "priority": 4,
                "speed_multiplier": 1.15
            },
            "minecraft:behavior.random_stroll": {
                "priority": 5,
                "speed_multiplier": 1.0
            },
            "minecraft:behavior.look_at_player": {
                "probability": 0.01,
                "priority": 7,
                "look_distance": 6.0
            },
            "minecraft:behavior.random_look_around": {
                "priority": 8
            },
            "minecraft:physics": {},
            "minecraft:pushable": {
                "is_pushable": true,
                "is_pushable_by_piston": true
            },
            "minecraft:conditional_bandwidth_optimization": {}
        },
        "events": {
            "reset_target": {
                "reset_target": {}
            },
            "destroy_head_equipment": {
                "queue_command": {
                    "command": "scriptevent billey:destroy_pet_head_equipment"
                }
            },
            "set_follow_state": {
                "sequence": [
                    {
                        "filters": {
                            "test": "has_component",
                            "subject": "self",
                            "value": "minecraft:behavior.follow_owner"
                        },
                        "set_property": {
                            "billey:follow_owner_state": "following"
                        }
                    },
                    {
                        "filters": {
                            "test": "has_component",
                            "subject": "self",
                            "operator": "not",
                            "value": "minecraft:behavior.follow_owner"
                        },
                        "set_property": {
                            "billey:follow_owner_state": "wandering"
                        }
                    }
                ]
            },
            "set_sitting_property_false": {
                "set_property": {
                    "billey:is_sitting": false
                }
            },
            "set_sitting_property_true": {
                "set_property": {
                    "billey:is_sitting": true
                }
            },
            "say_owner_hit_pet_info": {
                "queue_command": {
                    "target": "other",
                    "command": [
                        "titleraw @s actionbar {\"rawtext\":[{\"translate\":\"chat.billeys_mobs.owner_hit_pet\"}]}",
                        "tellraw @s[tag=!billey:has_hurt_own_pet] {\"rawtext\":[{\"translate\":\"ui.billeys_mobs.info.owner_hit_pet\"}]}",
                        "tag @s add billey:has_hurt_own_pet"
                    ]
                }
            },
            "say_other_hit_pet_info": {
                "queue_command": {
                    "target": "other",
                    "command": "titleraw @s actionbar {\"rawtext\":[{\"translate\":\"chat.billeys_mobs.other_hit_pet\"}]}"
                }
            },
            "add_sittable": {
                "add": {
                    "component_groups": [
                        "sittable"
                    ]
                }
            },
            "remove_sittable": {
                "remove": {
                    "component_groups": [
                        "sittable"
                    ]
                }
            },
            "send_info": {
                "queue_command": {
                    "target": "other",
                    "command": [
                        "tellraw @s {\"rawtext\":[{\"text\":\"\\n\"}]}",
                        "tellraw @s {\"rawtext\":[{\"translate\":\"ui.billeys_mobs.info.orange_penguin\",\"with\":[\"\\n\"]},{\"text\": \"\\n\"},{\"text\": \"\\n\"},{\"translate\":\"ui.billeys_mobs.info.formore\"}]}",
                        "tellraw @s {\"rawtext\":[{\"text\":\"\\n\"}]}"
                    ]
                }
            },
            "untame": {
                "sequence": [
                    {
                        "queue_command": {
                            "command": [
                                "playsound random.orb @a ~~~ 1.00 0.8 0.5",
                                "tellraw @a[r=5] {\"rawtext\": [{\"translate\": \"billmobs.untame\"},{\"selector\": \"@s\"}, {\"translate\": \"billmobs.untame2\"}] }"
                            ]
                        }
                    },
                    {
                        "remove": {
                            "component_groups": [
                                "tamed_component"
                            ]
                        },
                        "add": {
                            "component_groups": [
                                "untamed"
                            ]
                        }
                    }
                ]
            },
            "get_electrocuted": {
                "add": {
                    "component_groups": [
                        "electrocuted"
                    ]
                }
            },
            "getpanic": {
                "add": {
                    "component_groups": [
                        "panicompo"
                    ]
                }
            },
            "losepanic": {
                "remove": {
                    "component_groups": [
                        "panicompo"
                    ]
                }
            },
            "regenerate": {
                "sequence": [
                    {
                        "queue_command": {
                            "command": [
                                "effect @s regeneration 2 2 true"
                            ]
                        }
                    },
                    {
                        "filters": {
                            "test": "has_tag",
                            "value": "shouldgetanorange"
                        },
                        "add": {
                            "component_groups": [
                                "hasorange"
                            ]
                        }
                    }
                ]
            },
            "lose_orange": {
                "sequence": [
                    {
                        "remove": {
                            "component_groups": [
                                "hasorange"
                            ]
                        }
                    },
                    {
                        "queue_command": {
                            "command": [
                                "damage @s 14 magic"
                            ]
                        }
                    }
                ]
            },
            "hit_orange": {
                "sequence": [
                    {
                        "filters": {
                            "test": "has_component",
                            "value": "minecraft:is_sheared",
                            "subject": "self"
                        },
                        "trigger": "lose_orange"
                    },
                    {
                        "filters": {
                            "test": "has_component",
                            "value": "minecraft:is_sheared",
                            "subject": "self"
                        },
                        "queue_command": {
                            "command": [
                                "loot spawn ~ ~1 ~ loot \"entities/billeyorange\""
                            ]
                        }
                    }
                ]
            },
            "blackstripehat": {
                "queue_command": {
                    "command": [
                        "replaceitem entity @s slot.armor.head 0 minecraft:dried_kelp"
                    ]
                }
            },
            "eventwander": {
                "sequence": [
                    {
                        "queue_command": {
                            "command": [
                                "tellraw @a[r=5] {\"rawtext\": [{\"translate\": \"billmobs.wander\"},{\"selector\": \"@s\"}, {\"translate\": \"billmobs.wander2\"}] }"
                            ]
                        }
                    },
                    {
                        "trigger": "eventwander_silent"
                    }
                ]
            },
            "eventfollow": {
                "sequence": [
                    {
                        "queue_command": {
                            "command": [
                                "tellraw @a[r=5] {\"rawtext\": [{\"translate\": \"billmobs.follow\"},{\"selector\": \"@s\"}, {\"translate\": \"billmobs.follow2\"}] }"
                            ]
                        }
                    },
                    {
                        "trigger": "eventfollow_silent"
                    }
                ]
            },
            "eventwander_silent": {
                "sequence": [
                    {
                        "remove": {
                            "component_groups": [
                                "following"
                            ]
                        }
                    },
                    {
                        "set_property": {
                            "billey:follow_owner_state": "wandering"
                        }
                    }
                ]
            },
            "eventfollow_silent": {
                "sequence": [
                    {
                        "add": {
                            "component_groups": [
                                "following"
                            ]
                        }
                    },
                    {
                        "set_property": {
                            "billey:follow_owner_state": "following"
                        }
                    }
                ]
            },
            "on_tame": {
                "sequence": [
                    {
                        "queue_command": {
                            "command": [
                                "execute @p[tag=!billducktameadv,r=5.2] ~~~ function billducktameadv",
                                "tag @p[tag=!billducktameadv,r=5.2] add billducktameadv"
                            ]
                        }
                    },
                    {
                        "add": {
                            "component_groups": [
                                "tamed"
                            ]
                        }
                    },
                    {
                        "filters": {
                            "test": "has_component",
                            "value": "minecraft:is_baby",
                            "subject": "self"
                        },
                        "add": {
                            "component_groups": [
                                "growup"
                            ]
                        },
                        "remove": {
                            "component_groups": [
                                "scalecg"
                            ]
                        }
                    }
                ]
            },
            "addpanic": {
                "add": {
                    "component_groups": [
                        "nonstoppanic"
                    ]
                }
            },
            "billey:pet_target_acquired": {
                "add": {
                    "component_groups": [
                        "angry"
                    ]
                }
            },
            "angerybaby": {
                "add": {
                    "component_groups": [
                        "angrybaby"
                    ]
                }
            },
            "removepanic": {
                "remove": {
                    "component_groups": [
                        "nonstoppanic"
                    ]
                }
            },
            "despawn": {
                "add": {
                    "component_groups": [
                        "despawned"
                    ]
                }
            },
            "minecraft:entity_spawned": {
                "sequence": [
                    {
                        "randomize": [
                            {
                                "weight": 1,
                                "add": {
                                    "component_groups": [
                                        "kromatik"
                                    ]
                                }
                            },
                            {
                                "weight": 299
                            }
                        ]
                    },
                    {
                        "randomize": [
                            {
                                "weight": 4,
                                "add": {
                                    "component_groups": [
                                        "adult",
                                        "donotgoogleporn"
                                    ]
                                }
                            },
                            {
                                "weight": 1,
                                "add": {
                                    "component_groups": [
                                        "baby",
                                        "tameable"
                                    ]
                                }
                            }
                        ]
                    },
                    {
                        "randomize": [
                            {
                                "weight": 15
                            },
                            {
                                "weight": 15,
                                "add": {
                                    "component_groups": [
                                        "brown"
                                    ]
                                }
                            },
                            {
                                "weight": 15,
                                "add": {
                                    "component_groups": [
                                        "black"
                                    ]
                                }
                            },
                            {
                                "weight": 15,
                                "add": {
                                    "component_groups": [
                                        "purple"
                                    ]
                                }
                            },
                            {
                                "weight": 15,
                                "add": {
                                    "component_groups": [
                                        "dark_brown"
                                    ]
                                }
                            },
                            {
                                "weight": 15,
                                "add": {
                                    "component_groups": [
                                        "purple_two"
                                    ]
                                }
                            },
                            {
                                "weight": 15,
                                "add": {
                                    "component_groups": [
                                        "fruit"
                                    ]
                                }
                            },
                            {
                                "weight": 15,
                                "add": {
                                    "component_groups": [
                                        "eleven"
                                    ]
                                }
                            },
                            {
                                "weight": 15,
                                "add": {
                                    "component_groups": [
                                        "eight"
                                    ]
                                }
                            },
                            {
                                "weight": 15,
                                "add": {
                                    "component_groups": [
                                        "nine"
                                    ]
                                }
                            },
                            {
                                "weight": 15,
                                "add": {
                                    "component_groups": [
                                        "ten"
                                    ]
                                }
                            },
                            {
                                "weight": 15,
                                "add": {
                                    "component_groups": [
                                        "thrirteen"
                                    ]
                                }
                            },
                            {
                                "weight": 15,
                                "add": {
                                    "component_groups": [
                                        "twelve"
                                    ]
                                }
                            },
                            {
                                "weight": 15,
                                "add": {
                                    "component_groups": [
                                        "fourteen"
                                    ]
                                }
                            },
                            {
                                "weight": 1,
                                "add": {
                                    "component_groups": [
                                        "red"
                                    ]
                                }
                            }
                        ]
                    },
                    {
                        "randomize": [
                            {
                                "queue_command": {
                                    "command": [
                                        "damage @s 6 void"
                                    ]
                                }
                            },
                            {
                                "queue_command": {
                                    "command": [
                                        "damage @s 12 void"
                                    ]
                                }
                            },
                            {
                                "queue_command": {
                                    "command": [
                                        "damage @s 0 void"
                                    ]
                                }
                            }
                        ]
                    }
                ]
            },
            "minecraft:entity_born": {
                "sequence": [
                    {
                        "add": {
                            "component_groups": [
                                "baby",
                                "tamed",
                                "growup"
                            ]
                        }
                    },
                    {
                        "queue_command": {
                            "target": "parent",
                            "command": [
                                "event entity @s lose_orange"
                            ]
                        }
                    },
                    {
                        "queue_command": {
                            "target": "other",
                            "command": [
                                "event entity @s lose_orange"
                            ]
                        }
                    },
                    {
                        "filters": {
                            "test": "has_component",
                            "value": "minecraft:is_illager_captain",
                            "subject": "parent"
                        },
                        "add": {
                            "component_groups": [
                                "kromatik"
                            ]
                        }
                    },
                    {
                        "queue_command": {
                            "command": [
                                "damage @s 4 magic"
                            ]
                        }
                    }
                ]
            },
            "minecraft:entity_born_red": {
                "sequence": [
                    {
                        "add": {
                            "component_groups": [
                                "baby",
                                "tamed",
                                "growup",
                                "red"
                            ]
                        }
                    },
                    {
                        "queue_command": {
                            "target": "parent",
                            "command": [
                                "event entity @s[type=billey:orange_penguin] lose_orange"
                            ]
                        }
                    },
                    {
                        "queue_command": {
                            "target": "other",
                            "command": [
                                "event entity @s[type=billey:orange_penguin] lose_orange"
                            ]
                        }
                    },
                    {
                        "filters": {
                            "test": "has_component",
                            "value": "minecraft:is_illager_captain",
                            "subject": "parent"
                        },
                        "add": {
                            "component_groups": [
                                "kromatik"
                            ]
                        }
                    },
                    {
                        "queue_command": {
                            "command": [
                                "damage @s 4 magic"
                            ]
                        }
                    }
                ]
            },
            "minecraft:entity_born_silver": {
                "sequence": [
                    {
                        "add": {
                            "component_groups": [
                                "baby",
                                "tamed",
                                "growup",
                                "silver"
                            ]
                        }
                    },
                    {
                        "queue_command": {
                            "target": "parent",
                            "command": [
                                "event entity @s[type=billey:orange_penguin] lose_orange"
                            ]
                        }
                    },
                    {
                        "queue_command": {
                            "target": "other",
                            "command": [
                                "event entity @s[type=billey:orange_penguin] lose_orange"
                            ]
                        }
                    },
                    {
                        "filters": {
                            "test": "has_component",
                            "value": "minecraft:is_illager_captain",
                            "subject": "parent"
                        },
                        "add": {
                            "component_groups": [
                                "kromatik"
                            ]
                        }
                    },
                    {
                        "queue_command": {
                            "command": [
                                "damage @s 4 magic"
                            ]
                        }
                    }
                ]
            },
            "minecraft:entity_born_diamond": {
                "sequence": [
                    {
                        "add": {
                            "component_groups": [
                                "baby",
                                "tamed",
                                "growup",
                                "diamond"
                            ]
                        }
                    },
                    {
                        "queue_command": {
                            "target": "parent",
                            "command": [
                                "event entity @s[type=billey:orange_penguin] lose_orange"
                            ]
                        }
                    },
                    {
                        "queue_command": {
                            "target": "other",
                            "command": [
                                "event entity @s[type=billey:orange_penguin] lose_orange"
                            ]
                        }
                    },
                    {
                        "filters": {
                            "test": "has_component",
                            "value": "minecraft:is_illager_captain",
                            "subject": "parent"
                        },
                        "add": {
                            "component_groups": [
                                "kromatik"
                            ]
                        }
                    },
                    {
                        "queue_command": {
                            "command": [
                                "damage @s 4 magic"
                            ]
                        }
                    }
                ]
            },
            "beenfedabanana": {
                "sequence": [
                    {
                        "queue_command": {
                            "command": [
                                "particle billey:eatbanana ~ ~.25 ~"
                            ]
                        }
                    },
                    {
                        "randomize": [
                            {
                                "weight": 8,
                                "queue_command": {
                                    "command": [
                                        "effect @s regeneration 7 1"
                                    ]
                                }
                            },
                            {
                                "weight": 4,
                                "queue_command": {
                                    "command": [
                                        "effect @s regeneration 10"
                                    ]
                                }
                            },
                            {
                                "weight": 4,
                                "queue_command": {
                                    "command": [
                                        "effect @s speed 10"
                                    ]
                                }
                            },
                            {
                                "weight": 4,
                                "queue_command": {
                                    "command": [
                                        "effect @s absorption 10"
                                    ]
                                }
                            },
                            {
                                "weight": 4,
                                "queue_command": {
                                    "command": [
                                        "effect @s resistance 10"
                                    ]
                                }
                            },
                            {
                                "weight": 4,
                                "queue_command": {
                                    "command": [
                                        "effect @s strength 10"
                                    ]
                                }
                            },
                            {
                                "weight": 4,
                                "queue_command": {
                                    "command": [
                                        "effect @s water_breathing 10"
                                    ]
                                }
                            },
                            {
                                "weight": 4,
                                "queue_command": {
                                    "command": [
                                        "effect @s fire_resistance 10"
                                    ]
                                }
                            },
                            {
                                "weight": 1,
                                "sequence": [
                                    {
                                        "queue_command": {
                                            "command": [
                                                "effect @s levitation 1 0 true"
                                            ]
                                        }
                                    },
                                    {
                                        "queue_command": {
                                            "target": "other",
                                            "command": [
                                                "effect @s levitation 1 0 true"
                                            ]
                                        }
                                    }
                                ]
                            }
                        ]
                    }
                ]
            },
            "wearhat": {
                "add": {
                    "component_groups": [
                        "hat"
                    ]
                }
            },
            "nohat": {
                "remove": {
                    "component_groups": [
                        "hat"
                    ]
                },
                "queue_command": {
                    "command": [
                        "replaceitem entity @s slot.armor.head 0 feather"
                    ]
                }
            },
            "billey:pet_target_escape": {
                "remove": {
                    "component_groups": [
                        "angry",
                        "angrybaby"
                    ]
                }
            },
            "kroma": {
                "add": {
                    "component_groups": [
                        "kromatik"
                    ]
                }
            },
            "nokroma": {
                "remove": {
                    "component_groups": [
                        "kromatik"
                    ]
                }
            },
            "bepetted": {
                "sequence": [
                    {
                        "randomize": [
                            {
                                "weight": 13
                            },
                            {
                                "weight": 1
                            },
                            {
                                "weight": 1,
                                "queue_command": {
                                    "command": [
                                        "playanimation @s animation.billeys_mobs.cat.petted"
                                    ]
                                }
                            }
                        ]
                    },
                    {
                        "queue_command": {
                            "target": "other",
                            "command": [
                                "playanimation @s animation.billeys_mobsplayer.pet"
                            ]
                        }
                    },
                    {
                        "randomize": [
                            {
                                "weight": 1
                            },
                            {
                                "weight": 99
                            },
                            {
                                "weight": 3,
                                "queue_command": {
                                    "command": [
                                        "effect @s resistance 10 1 true"
                                    ]
                                }
                            },
                            {
                                "weight": 3,
                                "queue_command": {
                                    "command": [
                                        "effect @s fire_resistance 10 1 true"
                                    ]
                                }
                            },
                            {
                                "weight": 3,
                                "queue_command": {
                                    "command": [
                                        "effect @s strength 10 1 true"
                                    ]
                                }
                            },
                            {
                                "weight": 3,
                                "queue_command": {
                                    "command": [
                                        "effect @s water_breathing 30 0 true"
                                    ]
                                }
                            },
                            {
                                "weight": 3,
                                "queue_command": {
                                    "command": [
                                        "effect @s speed 10 1 true"
                                    ]
                                }
                            },
                            {
                                "weight": 1,
                                "queue_command": {
                                    "command": [
                                        "effect @s levitation 1 1 true",
                                        "effect @s regeneration 30 1 true"
                                    ]
                                }
                            },
                            {
                                "weight": 1,
                                "queue_command": {
                                    "command": [
                                        "effect @s speed 1 0"
                                    ]
                                }
                            }
                        ]
                    }
                ]
            },
            "minecraft:ageable_grow_up": {
                "remove": {
                    "component_groups": [
                        "baby",
                        "growup"
                    ]
                },
                "add": {
                    "component_groups": [
                        "adult"
                    ]
                }
            }
        }
    }
}