{
	"format_version": "1.8.0",
	"minecraft:entity": {
		"description": {
			"identifier": "billey:endercat",
			"runtime_identifier": "minecraft:cat",
			"is_spawnable": true,
			"is_summonable": true,
			"is_experimental": false,
			"scripts": {
                "animate": [
                    {
                        "set_follow_state": "q.is_tamed && q.property('billey:follow_owner_state') == 'unknown'"
                    },
                    {
                        "set_sitting_property": "q.is_tamed"
                    }, "check_beta_apis",
                    {
                        "rainbow_effects": "q.is_illager_captain"
                    },
                    {
                        "stand_up_when_hit": "q.is_tamed"
                    },
					{
						"info": "!q.is_tamed"
					},
					"tame",
					{
						"teleport_monsters": "q.is_tamed"
					}
				]
			},
            "animations": {
                "check_beta_apis": "animation.billeys_mobs.check_beta_apis",
                "set_follow_state": "animation.billeys_mobs.set_follow_state",
                "set_sitting_property": "controller.animation.billeys_mobs.set_sitting_property",
                "rainbow_effects": "animation.billeys_mobs.rainbow_effects",
                "stand_up_when_hit": "controller.animation.billeys_mobs.stand_up_when_hit",
				"info": "animation.billeys_mobs.info.endercat",
				"tame": "controller.animation.billeys_mobs.tame",
				"teleport_monsters": "animation.billeys_mobs.endercat.teleport_monsters"
			},
            
            "properties": {
                "billey:is_billey_mob": {
                    "client_sync": true,
                    "type": "bool",
                    "default": true
                },
                "billey:head_equipment_color": {
                    "client_sync": true,
                    "type": "int",
                    "range": [
                        0,
                        15
                    ],
                    "default": 0
                },
                //pets' leg slot is used for bowties
                "billey:legs_equipment_color": {
                    "client_sync": true,
                    "type": "int",
                    "range": [
                        0,
                        15
                    ],
                    "default": 0
                },
                "billey:chest_equipment_color": {
                    "client_sync": true,
                    "type": "int",
                    "range": [
                        0,
                        15
                    ],
                    "default": 0
                },
                "billey:feet_equipment_color": {
                    "client_sync": true,
                    "type": "int",
                    "range": [
                        0,
                        15
                    ],
                    "default": 0
                },
                "billey:body_equipment_color": {
                    "client_sync": true,
                    "type": "int",
                    "range": [
                        0,
                        15
                    ],
                    "default": 0
                },
                "billey:follow_owner_state": {
                    //only used so scripts can know whether it's following or wandering
                    "type": "enum",
                    "default": "unknown",
                    "values": [
                        "unknown",
                        "following",
                        "wandering"
                    ]
                },
                "billey:is_sitting": {
                    //only used so scripts can know whether or not it's sitting
                    "type": "bool",
                    "default": false
                }
            }
		},
		"component_groups": {
            "sittable": {
                "minecraft:sittable": {}
            },
			"tamed_component": {
				"minecraft:is_tamed": {}
			},
			"untamed": { /*This is just for ones untamed by the untaming stick.
The real tame items of this mob are in the wild component group*/
				"minecraft:tameable": {
					"probability": 1.0,
					"tame_event": {
						"event": "ontame"
					},
					"tame_items": [
						"billey:power_banana",
						"billey:raw_catfish",
						"billey:bettafish",
						"billey:pizzapiece",
						"salmon",
						"fish",
						"clownfish",
						"sweet_berries",
						"rotten_flesh",
						"wheat_seeds",
						"melon_seeds",
						"carrot",
						"beetroot_seeds",
						"pumpkin_seeds",
						"chicken",
						"billey:raw_hamster",
						"billey:poultry_orange",
						"billey:raw_snail",
						"billey:raw_snail_s",
						"billey:raw_snail_w",
						"billey:raw_piranha",
						"bread",
						"apple",
						"fermented_spider_eye",
						"spider_eye",
						"string"
					]
				}
			},
			"electrocuted": {
				"minecraft:loot": {
					"table": "loot_tables/entities/billey_electrocuted.json"
				}
			},
			"kromatik": {
				"minecraft:is_illager_captain": {}
			},
			"following": {
				"minecraft:behavior.follow_owner": {
					"priority": 4,
					"speed_multiplier": 1,
					"start_distance": 7,
					"stop_distance": 5
				}
			},
			"minecraft:cat_baby": {
				"minecraft:is_baby": {},
				"minecraft:scale": {
					"value": 0.41
				}
			},
			"minecraft:cat_age": {
				"minecraft:ageable": {
					"duration": 4800,
					"feed_items": [
						"chorus_fruit"
					],
					"grow_up": {
						"event": "minecraft:ageable_grow_up",
						"target": "self"
					}
				}
			},
			"minecraft:cat_adult": {
				"minecraft:experience_reward": {
					"on_bred": "Math.Random(1,7)",
					"on_death": "q.last_hit_by_player ? Math.Random(1,3) : 0"
				},
				"minecraft:loot": {
					"table": "loot_tables/entities/cat.json"
				},
				"minecraft:scale": {
					"value": 0.82
				},
				"minecraft:behavior.breed": {
					"priority": 3,
					"speed_multiplier": 1.0
				},
				"minecraft:breedable": {
					"require_tame": true,
					"allow_sitting": true,
					"require_full_health": true,
					"breeds_with": [
						{
							"mateType": "billey:endercat",
							"babyType": "billey:endercat",
							"breed_event": {
								"event": "minecraft:entity_born",
								"target": "baby"
							}
						}
					],
					"breed_items": [ "billey:poultry_orange",
						"chorus_fruit"
					]
				}
			},
			"minecraft:cat_wild": {
				"minecraft:health": {
					"value": 16,
					"max": 16
				},
				"minecraft:despawn": {
					"despawn_from_distance": {}
				},
				"minecraft:behavior.tempt": {
					"priority": 4,
					"speed_multiplier": 0.5,
					"within_radius": 16,
					"can_get_scared": true,
					"items": [
						"chorus_fruit"
					]
				},
				"minecraft:type_family": {
					"family": [
						"endercatwild",
						"mob"
					]
				},
				"minecraft:tameable": {
					"probability": 0.116942066,
					"tame_items": [
						"billey:power_banana",
						"chorus_fruit"
					],
					"tame_event": {
						"event": "minecraft:on_tame",
						"target": "self"
					}
				},
				"minecraft:behavior.avoid_mob_type": {
					"priority": 5,
					"entity_types": [
						{
							"filters": {
								"any_of": [
									{
										"test": "is_family",
										"subject": "other",
										"value": "player"
									},
									{
										"test": "is_family",
										"subject": "other",
										"value": "fcat"
									}
								]
							},
							"max_dist": 10,
							"walk_speed_multiplier": 0.8,
							"sprint_speed_multiplier": 1.33
						}
					]
				},
				"minecraft:rideable": {
					"seat_count": 1,
					"family_types": [
						"enderman"
					],
					"seats": {
						"position": [
							0.0,
							0.35,
							0.0
						]
					}
				},
				"minecraft:teleport": {
					"randomTeleports": true,
					"maxRandomTeleportTime": 20,
					"randomTeleportCube": [
						20,
						20,
						20
					],
					"targetDistance": 16,
					"target_teleport_chance": 0.05,
					"lightTeleportChance": 0.05
				},
				"minecraft:behavior.nearest_attackable_target": {
					"priority": 1,
					"attack_interval": 10,
					"reselect_targets": true,
					"within_radius": 16.0,
					"entity_types": [
						{
							"filters": {
								"test": "is_family",
								"subject": "other",
								"value": "player"
							},
							"max_dist": 3
						},
						{
							"filters": {
								"all_of": [
									{
										"test": "is_family",
										"subject": "other",
										"value": "cat"
									},
									{
										"test": "in_water",
										"subject": "other",
										"operator": "!=",
										"value": true
									}
								]
							},
							"max_dist": 16
						}
					]
				}
			},
			"minecraft:cat_tame": {
				"minecraft:persistent": {},
				"minecraft:behavior.avoid_mob_type": {
					"priority": 0,
					"max_flee": 16,
					"entity_types": [
						{
							"filters": {
								"test": "has_component",
								"subject": "other",
								"value": "minecraft:explode"
							},
							"max_dist": 12,
							"walk_speed_multiplier": 1.4,
							"sprint_speed_multiplier": 1.4
						}
					]
				},
				"minecraft:is_tamed": {},
                "minecraft:tameable": {}, //for the script to be able to get the mob's owner
				"minecraft:health": {
					"value": 32,
					"max": 32
				},
				"minecraft:behavior.owner_hurt_target": {
					"priority": 4,
					"entity_types": {
                        "max_dist": 127,
						"filters": {
                            "any_of": [
                                {
                                    "test": "has_component",
                                    "subject": "other",
                                    "value": "minecraft:breedable"
                                },
                                {
                                    "test": "has_component",
                                    "subject": "other",
                                    "value": "minecraft:is_baby"
                                },
                                {
                                    "test": "is_family",
                                    "subject": "other",
                                    "value": "animal"
                                },
                                {
                                    "test": "has_tag",
                                    "subject": "self",
                                    "value": "billey:brave"
                                }
                            ]
                        }
					}
				},
				"minecraft:behavior.owner_hurt_by_target": {
					"priority": 4,
					"entity_types": {
						"filters": {
                            "any_of": [
                                {
                                    "test": "has_component",
                                    "subject": "other",
                                    "value": "minecraft:breedable"
                                },
                                {
                                    "test": "has_component",
                                    "subject": "other",
                                    "value": "minecraft:is_baby"
                                },
                                {
                                    "test": "is_family",
                                    "subject": "other",
                                    "value": "animal"
                                },
                                {
                                    "test": "has_tag",
                                    "subject": "self",
                                    "value": "billey:brave"
                                }
                            ]
                        }
					}
				},
				"minecraft:sittable": {},
				"minecraft:behavior.tempt": {
					"priority": 5,
					"speed_multiplier": 0.5,
					"within_radius": 16,
					"items": [
						"chorus_fruit",
						"billey:sand_banana"
					]
				},
				"minecraft:interact": [
					{
						"play_sounds": "eat",
						"swing": true,
						"use_item": true,						
						"cooldown": 3,
						"interact_text": "action.interact.use",
						"on_interact": {
							"filters": {
								"test": "has_equipment",
								"subject": "other",
								"domain": "hand",
								"value": "popped_chorus_fruit"
							},
							"event": "tpnearestmonster",
							"target": "self"
						}
					},
					{
						"play_sounds": "plop",
						"swing": true,
						"interact_text": "action.interact.get_info",
						"on_interact": {
							"filters": {
								"any_of": [
									{
										"test": "has_equipment",
										"subject": "other",
										"domain": "hand",
										"value": "feather"
									},
									{
										"test": "has_equipment",
										"subject": "other",
										"domain": "hand",
										"value": "book"
									},
									{
										"test": "has_equipment",
										"subject": "other",
										"domain": "hand",
										"value": "billey:info_book"
									}
								]
							},
							"event": "send_info",
							"target": "self"
						}
					},
					{
						"play_sounds": "plop",
						"swing": true,
						"interact_text": "action.interact.untame",
						"on_interact": {
							"filters": {
								"all_of": [
									{
										"test": "has_equipment",
										"subject": "other",
										"domain": "hand",
										"value": "billey:untaming_stick"
									},
									{
										"test": "is_family",
										"subject": "other",
										"value": "player"
									},
									{
										"test": "is_owner",
										"subject": "other",
										"value": true
									}
								]
							},
							"event": "untame",
							"target": "self"
						}
					},
					{
						"play_sounds": "plop",
						"swing": true,
						"interact_text": "action.interact.wander",
						"on_interact": {
							"filters": {
								"all_of": [
									{
										"test": "has_equipment",
										"subject": "other",
										"domain": "hand",
										"value": "stick"
									},
									{
										"test": "has_component",
										"subject": "self",
										"value": "minecraft:behavior.follow_owner"
									},
									{
										"test": "is_family",
										"subject": "other",
										"value": "player"
									},
									{
										"test": "is_owner",
										"subject": "other",
										"value": true
									}
								]
							},
							"event": "eventwander",
							"target": "self"
						}
					},
					{
						"play_sounds": "plop",
						"swing": true,
						"interact_text": "action.interact.follow",
						"on_interact": {
							"filters": {
								"all_of": [
									{
										"test": "has_equipment",
										"subject": "other",
										"domain": "hand",
										"value": "stick"
									},
									{
										"test": "has_component",
										"subject": "self",
										"operator": "not",
										"value": "minecraft:behavior.follow_owner"
									},
									{
										"test": "is_family",
										"subject": "other",
										"value": "player"
									},
									{
										"test": "is_owner",
										"subject": "other",
										"value": true
									}
								]
							},
							"event": "eventfollow",
							"target": "self"
						}
					},
					{
						"interact_text": "action.interact.pet",
						"on_interact": {
							"filters": {
								"all_of": [
									{
										"test": "has_equipment",
										"subject": "other",
										"domain": "hand",
										"operator": "!=",
										"value": "billey:swordfish"
									},
									{
										"test": "has_equipment",
										"subject": "other",
										"domain": "hand",
										"operator": "!=",
										"value": "billey:golden_swordfish"
									},
									{
										"test": "is_family",
										"subject": "other",
										"value": "player"
									},
									{
										"test": "is_sleeping",
										"subject": "self",
										"value": false
									},
									{
										"test": "is_sneaking",
										"subject": "other",
										"value": true
									}
								]
							},
							"event": "bepetted",
							"target": "self"
						}
					},
					{
						"use_item": true,
						"play_sounds": "eat",
						"interact_text": "action.interact.feed",
						"on_interact": {
							"filters": {
								"all_of": [
									{
										"test": "has_equipment",
										"subject": "other",
										"domain": "hand",
										"value": "billey:sand_banana"
									},
									{
										"test": "is_family",
										"subject": "other",
										"value": "player"
									}
								]
							},
							"event": "beenfedabanana",
							"target": "self"
						}
					},
					{
						"use_item": true,
						"play_sounds": "milk",
						"interact_text": "action.interact.use",
						"transform_to_item": "glass_bottle",
						"on_interact": {
							"filters": {
								"all_of": [
									{
										"test": "has_equipment",
										"subject": "other",
										"domain": "hand",
										"value": "billey:colorful_bottle"
									},
									{
										"test": "is_family",
										"subject": "other",
										"value": "player"
									},
									{
										"test": "is_owner",
										"subject": "other",
										"value": true
									}
								]
							},
							"event": "kroma",
							"target": "self"
						}
					},
					{
						"use_item": true,
						"play_sounds": "milk",
						"interact_text": "action.interact.use",
						"transform_to_item": "glass_bottle",
						"on_interact": {
							"filters": {
								"all_of": [
									{
										"test": "has_equipment",
										"subject": "other",
										"domain": "hand",
										"value": "billey:colorless_bottle"
									},
									{
										"test": "is_family",
										"subject": "other",
										"value": "player"
									},
									{
										"test": "is_owner",
										"subject": "other",
										"value": true
									}
								]
							},
							"event": "nokroma",
							"target": "self"
						}
					}
				],
				"minecraft:leashable": {
					"soft_distance": 4.0,
					"hard_distance": 6.0,
					"max_distance": 10.0,
					"on_leash": {
						"event": "minecraft:on_leash",
						"target": "self"
					},
					"on_unleash": {
						"event": "minecraft:on_unleash",
						"target": "self"
					}
				},
				"minecraft:behavior.follow_owner": {
					"priority": 4,
					"speed_multiplier": 1.0,
					"start_distance": 7,
					"stop_distance": 5
				},
				"minecraft:behavior.stay_while_sitting": {
					"priority": 2
				},
				"minecraft:behavior.ocelot_sit_on_block": {
					"priority": 7,
					"speed_multiplier": 1.0
				},
				"minecraft:behavior.pet_sleep_with_owner": {
					"priority": 3,
					"speed_multiplier": 1.2,
					"search_radius": 10,
					"search_height": 10,
					"goal_radius": 1.0
				},
				"minecraft:on_wake_with_owner": {
					"event": "minecraft:pet_slept_with_owner",
					"target": "self"
				}
			},
			"minecraft:cat_gift_for_owner": {
				"minecraft:behavior.drop_item_for": {
					"priority": 1,
					"speed_multiplier": 1.0,
					"search_range": 5,
					"search_height": 2,
					"search_count": 0,
					"goal_radius": 1.0,
					"entity_types": [
						{
							"filters": {
								"test": "is_family",
								"subject": "other",
								"value": "player"
							},
							"max_dist": 6
						}
					],
					"max_dist": 5,
					"drop_item_chance": 0.7,
					"offering_distance": 5,
					"loot_table": "loot_tables/entities/ecat_gift.json",
					"time_of_day_range": [
						0.74999,
						0.80
					],
					"on_drop_attempt": {
						"event": "minecraft:cat_gifted_owner",
						"target": "self"
					}
				}
			},
			"minecraft:cat_leashed": {
				"minecraft:behavior.move_towards_restriction": {
					"priority": 2,
					"speed_multiplier": 1.0
				}
			}
		},
		"components": {
			"minecraft:interact": [
				{
					"play_sounds": "plop",
					"swing": true,
					"interact_text": "action.interact.get_info",
					"on_interact": {
						"filters": {
							"any_of": [
								{
									"test": "has_equipment",
									"subject": "other",
									"domain": "hand",
									"value": "feather"
								},
								{
									"test": "has_equipment",
									"subject": "other",
									"domain": "hand",
									"value": "book"
								}
							]
						},
						"event": "send_info",
						"target": "self"
					}
				}
			],
			"minecraft:is_hidden_when_invisible": {},
			"minecraft:attack_damage": {
				"value": 4
			},
			"minecraft:nameable": {},
			"minecraft:type_family": {
				"family": [
					"endercat",
					"mob",
					"strider"
				]
			},
			"minecraft:breathable": {
				"total_supply": 15,
				"suffocate_time": 0
			},
			"minecraft:collision_box": {
				"width": 0.6,
				"height": 0.7
			},
			"minecraft:movement": {
				"value": 0.35
			},
			"minecraft:navigation.walk": {
				"can_path_over_water": false,
				"can_float": true,
				"avoid_water": true,
				"avoid_damage_blocks": true
			},
			"minecraft:movement.basic": {},
			"minecraft:jump.static": {},
			"minecraft:can_climb": {},
			"minecraft:healable": {
				"items": [
					
                    {
                        "item": "billey:poultry_orange",
                        "heal_amount": 7
                    },{
                        "item": "billey:cooked_snail",
						"heal_amount": 4,
						"effects": [
							{
								"name": "strength",
								"chance": 1.0,
								"duration": 15,
								"amplifier": 1
							}
						]
					},
					{
						"item": "billey:cooked_snail_s",
						"heal_amount": 4,
						"effects": [
							{
								"name": "speed",
								"chance": 1.0,
								"duration": 15,
								"amplifier": 1
							}
						]
					},
					{
						"item": "billey:cooked_snail_w",
						"heal_amount": 4,
						"effects": [
							{
								"name": "regeneration",
								"chance": 1.0,
								"duration": 15,
								"amplifier": 1
							}
						]
					},
					{
						"item": "chorus_fruit",
						"heal_amount": 4
					}
				]
			},
			"minecraft:behavior.float": {
				"priority": 0
			},
			"minecraft:behavior.panic": {
				"priority": 1,
				"speed_multiplier": 1.25
			},
			"minecraft:behavior.mount_pathing": {
				"priority": 1,
				"speed_multiplier": 1.25,
				"target_dist": 0,
				"track_target": true
			},
			"minecraft:pushable": {
				"is_pushable": true,
				"is_pushable_by_piston": true
			},
			"minecraft:behavior.leap_at_target": {
				"priority": 3,
				"target_dist": 0.3
			},
			"minecraft:behavior.ocelotattack": {
				"priority": 4,
				"walk_speed_multiplier": 0.8,
				"sprint_speed_multiplier": 1.33,
				"sneak_speed_multiplier": 0.6
			},
			"minecraft:behavior.random_stroll": {
				"priority": 8,
				"speed_multiplier": 0.8
			},
			"minecraft:behavior.look_at_player": {
				"probability": 0.01,
				"priority": 9
			},
			"minecraft:damage_sensor": [
				{
					"on_damage": {
						"filters": {
							"all_of": [
								{
									"test": "is_owner",
									"subject": "other",
									"value": true
								},
								{
									"test": "has_tag",
									"subject": "other",
									"operator": "not",
									"value": "billey:can_hit_own_pet"
								}
							]
						},
						"event": "say_owner_hit_pet_info"
					},
					"cause": "all",
					"deals_damage": false
				},
				{
					"on_damage": {
						"filters": {
							"all_of": [
								{
									"test": "has_component",
									"subject": "self",
									"value": "minecraft:is_tamed"
								},
								{
									"test": "is_owner",
									"subject": "other",
									"value": false
								},
								{
									"test": "has_tag",
									"subject": "other",
									"value": "billey:cant_hit_other_pet"
								}
							]
						},
						"event": "say_other_hit_pet_info"
					},
					"cause": "all",
					"deals_damage": false
				},
				{
					"on_damage": {
						"cause": "all"
					},
					"damage_multiplier": 1.0
				},
				{
					"cause": "fall",
					"deals_damage": false
				},
                {
                    "cause": "all",
                    "deals_damage": false,
                    "on_damage_sound_event": "armor.equip_generic",
                    "on_damage": {
                        "event": "destroy_head_equipment",
                        "target": "self",
                        "filters": {
                            "all_of": [
                                {
                                    "test": "has_damage",
                                    "value": "fatal"
                                },
                                {
                                    "test": "has_equipment",
                                    "value": "billey:pet_hat",
                                    "domain": "head"
                                }
                            ]
                        }
                    }
                }
			],
            "minecraft:on_target_acquired": {
                "event": "billey:pet_target_acquired",
                "target": "self"
            },
            "minecraft:on_target_escape": {
                "event": "billey:pet_target_escape",
                "target": "self"
            },
			"minecraft:physics": {}
		},
		
        "events": {
            "reset_target": {
                "reset_target": {}
            },
            "billey:pet_target_acquired": {
                "add": {
                    "component_groups": [
                        "angry"
                    ]
                }
            },
            "billey:pet_target_escape": {
                "remove": {
                    "component_groups": [
                        "angry"
                    ]
                }
            },"destroy_head_equipment": {
    "queue_command":{
"command": "scriptevent billey:destroy_pet_head_equipment"
}
},
            "set_follow_state": {
                "sequence": [
                    {
                        "filters": {
                            "test": "has_component",
                            "subject": "self",
                            "value": "minecraft:behavior.follow_owner"
                        },
                        "set_property": {
                            "billey:follow_owner_state": "following"
                        }
                    },
                    {
                        "filters": {
                            "test": "has_component",
                            "subject": "self",
                            "operator": "not",
                            "value": "minecraft:behavior.follow_owner"
                        },
                        "set_property": {
                            "billey:follow_owner_state": "wandering"
                        }
                    }
                ]
            },
            "set_sitting_property_false": {
                "set_property": {
                    "billey:is_sitting": false
                }
            },
            "set_sitting_property_true": {
                "set_property": {
                    "billey:is_sitting": true
                }
            },
            "say_owner_hit_pet_info": {
                "queue_command": {
                    "target": "other",
                    "command": [
                        "titleraw @s actionbar {\"rawtext\":[{\"translate\":\"chat.billeys_mobs.owner_hit_pet\"}]}",
                        "tellraw @s[tag=!billey:has_hurt_own_pet] {\"rawtext\":[{\"translate\":\"ui.billeys_mobs.info.owner_hit_pet\"}]}",
                        "tag @s add billey:has_hurt_own_pet"
                    ]
                }
            },
            "say_other_hit_pet_info": {
                "queue_command": {
                    "target": "other",
                    "command": "titleraw @s actionbar {\"rawtext\":[{\"translate\":\"chat.billeys_mobs.other_hit_pet\"}]}"
                }
            },
            "add_sittable": {
                "add": {
                    "component_groups": [
                        "sittable"
                    ]
                }
            },
            "remove_sittable": {
                "remove": {
                    "component_groups": [
                        "sittable"
                    ]
                }
            },
			"send_info": {
				"queue_command": {
					"target": "other",
					"command": [
						"tellraw @s {\"rawtext\":[{\"text\":\"\\n\"}]}",
						"tellraw @s {\"rawtext\":[{\"translate\":\"ui.billeys_mobs.info.endercat\",\"with\":[\"\\n\"]},{\"text\": \"\\n\"},{\"text\": \"\\n\"},{\"translate\":\"ui.billeys_mobs.info.formore\"}]}",
						"tellraw @s {\"rawtext\":[{\"text\":\"\\n\"}]}"
					]
				}
			},
			"tpnearestmonster": {
				"queue_command": {
					"command": [
						"execute @e[family=monster,c=1,r=11] ~~~ function billendercattp"
					]
				}
			},
			"get_electrocuted": {
				"add": {
					"component_groups": [
						"electrocuted"
					]
				}
			},
            "eventwander": {
                "sequence": [
                    {
                        "queue_command": {
                            "command": [
                                "tellraw @a[r=5] {\"rawtext\": [{\"translate\": \"billmobs.wander\"},{\"selector\": \"@s\"}, {\"translate\": \"billmobs.wander2\"}] }"
                            ]
                        }
                    },
                    {
                        "trigger": "eventwander_silent"
                    }
                ]
            },
            "eventfollow": {
                "sequence": [
                    {
                        "queue_command": {
                            "command": [
                                "tellraw @a[r=5] {\"rawtext\": [{\"translate\": \"billmobs.follow\"},{\"selector\": \"@s\"}, {\"translate\": \"billmobs.follow2\"}] }"
                            ]
                        }
                    },
                    {
                        "trigger": "eventfollow_silent"
                    }
                ]
            },
            "eventwander_silent": {
                "sequence": [
                    {
                        "remove": {
                            "component_groups": [
                                "following"
                            ]
                        }
                    },
                    {
                        "set_property": {
                            "billey:follow_owner_state": "wandering"
                        }
                    }
                ]
            },
            "eventfollow_silent": {
                "sequence": [
                    {
                        "add": {
                            "component_groups": [
                                "following"
                            ]
                        }
                    },
                    {
                        "set_property": {
                            "billey:follow_owner_state": "following"
                        }
                    }
                ]
            },
			"beenfedabanana": {
				"sequence": [
					{
						"queue_command": {
							"command": [
								"particle billey:eatbanana ~ ~.5 ~"
							]
						}
					},
					{
						"randomize": [
							{
								"weight": 8,
								"queue_command": {
									"command": [
										"effect @s regeneration 7 1"
									]
								}
							},
							{
								"weight": 4,
								"queue_command": {
									"command": [
										"effect @s regeneration 10"
									]
								}
							},
							{
								"weight": 4,
								"queue_command": {
									"command": [
										"effect @s speed 10"
									]
								}
							},
							{
								"weight": 4,
								"queue_command": {
									"command": [
										"effect @s absorption 10"
									]
								}
							},
							{
								"weight": 4,
								"queue_command": {
									"command": [
										"effect @s resistance 10"
									]
								}
							},
							{
								"weight": 4,
								"queue_command": {
									"command": [
										"effect @s strength 10"
									]
								}
							},
							{
								"weight": 4,
								"queue_command": {
									"command": [
										"effect @s water_breathing 10"
									]
								}
							},
							{
								"weight": 4,
								"queue_command": {
									"command": [
										"effect @s fire_resistance 10"
									]
								}
							},
							{
								"weight": 1,
								"sequence": [
									{
										"queue_command": {
											"command": [
												"effect @s levitation 1 0 true"
											]
										}
									},
									{
										"queue_command": {
											"target": "other",
											"command": [
												"effect @s levitation 1 0 true"
											]
										}
									}
								]
							}
						]
					}
				]
			},
			"bepetted": {
				"sequence": [
					{
						"randomize": [
							{
								"weight": 13
							},
							{
								"weight": 1,
								"queue_command": {
									"command": [
										"playanimation @s animation.billeys_mobs.cat.petted3 xd 0.3 \"q.is_moving || q.any_animation_finished || !q.is_on_ground\""
									]
								}
							},
							{
								"weight": 1,
								"queue_command": {
									"command": [
										"playanimation @s animation.billeys_mobs.cat.petted"
									]
								}
							}
						]
					},
					{
						"queue_command": {
							"target": "other",
							"command": [
								"playanimation @s animation.billeys_mobsplayer.pet"
							]
						}
					},
					{
						"randomize": [
							{
								"weight": 1
							},
							{
								"weight": 99,
								"queue_command": {
									"command": [
										"playsound mob.cat.purr @a ~~~"
									]
								}
							},
							{
								"weight": 3,
								"queue_command": {
									"command": [
										"playsound mob.cat.purr @a ~~~",
										"effect @s resistance 10 1 true"
									]
								}
							},
							{
								"weight": 3,
								"queue_command": {
									"command": [
										"playsound mob.cat.purr @a ~~~",
										"effect @s fire_resistance 10 1 true"
									]
								}
							},
							{
								"weight": 3,
								"queue_command": {
									"command": [
										"playsound mob.cat.purr @a ~~~",
										"effect @s strength 10 1 true"
									]
								}
							},
							{
								"weight": 3,
								"queue_command": {
									"command": [
										"playsound mob.cat.purr @a ~~~",
										"effect @s water_breathing 30 0 true"
									]
								}
							},
							{
								"weight": 3,
								"queue_command": {
									"command": [
										"playsound mob.cat.purr @a ~~~",
										"effect @s speed 10 1 true"
									]
								}
							},
							{
								"weight": 1,
								"queue_command": {
									"command": [
										"playsound mob.cat.purr @a ~~~",
										"effect @s levitation 1 1 true",
										"effect @s regeneration 30 1 true"
									]
								}
							},
							{
								"weight": 1,
								"queue_command": {
									"command": [
										"playsound mob.cat.purr @a ~~~",
										"effect @s speed 1 0"
									]
								}
							}
						]
					}
				]
			},
			"kroma": {
				"add": {
					"component_groups": [
						"kromatik"
					]
				}
			},
			"nokroma": {
				"remove": {
					"component_groups": [
						"kromatik"
					]
				}
			},
			"minecraft:entity_spawned": {
				"sequence": [
					{
						"randomize": [
							{
								"weight": 3,
								"remove": {},
								"add": {
									"component_groups": [
										"minecraft:cat_adult",
										"minecraft:cat_wild"
									]
								}
							},
							{
								"weight": 1,
								"remove": {},
								"add": {
									"component_groups": [
										"minecraft:cat_baby",
										"minecraft:cat_wild"
									]
								}
							}
						]
					},
					{
						"randomize": [
							{
								"weight": 15,
								"add": {
									"component_groups": [
										"minecraft:cat_white"
									]
								}
							},
							{
								"weight": 15,
								"add": {
									"component_groups": [
										"minecraft:cat_tuxedo"
									]
								}
							},
							{
								"weight": 15,
								"add": {
									"component_groups": [
										"minecraft:cat_red"
									]
								}
							},
							{
								"weight": 15,
								"add": {
									"component_groups": [
										"minecraft:cat_siamese"
									]
								}
							},
							{
								"weight": 15,
								"add": {
									"component_groups": [
										"minecraft:cat_british"
									]
								}
							},
							{
								"weight": 15,
								"add": {
									"component_groups": [
										"minecraft:cat_calico"
									]
								}
							},
							{
								"weight": 15,
								"add": {
									"component_groups": [
										"minecraft:cat_persian"
									]
								}
							},
							{
								"weight": 15,
								"add": {
									"component_groups": [
										"minecraft:cat_ragdoll"
									]
								}
							},
							{
								"weight": 15,
								"add": {
									"component_groups": [
										"minecraft:cat_tabby"
									]
								}
							},
							{
								"weight": 15,
								"add": {
									"component_groups": [
										"minecraft:cat_black"
									]
								}
							}
						]
					}
				]
			},
			"minecraft:spawn_from_village": {
				"sequence": [
					{
						"randomize": [
							{
								"weight": 3,
								"remove": {},
								"add": {
									"component_groups": [
										"minecraft:cat_adult",
										"minecraft:cat_wild"
									]
								}
							},
							{
								"weight": 1,
								"remove": {},
								"add": {
									"component_groups": [
										"minecraft:cat_baby",
										"minecraft:cat_wild"
									]
								}
							}
						]
					},
					{
						"randomize": [
							{
								"weight": 15,
								"add": {
									"component_groups": [
										"minecraft:cat_tuxedo"
									]
								}
							},
							{
								"weight": 15,
								"add": {
									"component_groups": [
										"minecraft:cat_red"
									]
								}
							},
							{
								"weight": 15,
								"add": {
									"component_groups": [
										"minecraft:cat_siamese"
									]
								}
							},
							{
								"weight": 15,
								"add": {
									"component_groups": [
										"minecraft:cat_white"
									]
								}
							},
							{
								"weight": 15,
								"add": {
									"component_groups": [
										"minecraft:cat_british"
									]
								}
							},
							{
								"weight": 15,
								"add": {
									"component_groups": [
										"minecraft:cat_calico"
									]
								}
							},
							{
								"weight": 15,
								"add": {
									"component_groups": [
										"minecraft:cat_persian"
									]
								}
							},
							{
								"weight": 15,
								"add": {
									"component_groups": [
										"minecraft:cat_ragdoll"
									]
								}
							},
							{
								"weight": 15,
								"add": {
									"component_groups": [
										"minecraft:cat_tabby"
									]
								}
							}
						]
					}
				]
			},
			"minecraft:spawn_midnight_cat": {
				"sequence": [
					{
						"add": {
							"component_groups": [
								"minecraft:cat_adult",
								"minecraft:cat_wild",
								"minecraft:cat_black"
							]
						}
					}
				]
			},
			"minecraft:entity_born": {
				"sequence": [
					{
						"remove": {},
						"add": {
							"component_groups": [
								"minecraft:cat_baby",
								"minecraft:cat_tame",
								"minecraft:cat_age"
							]
						}
					},
					{
						"filters": {
							"test": "has_component",
							"value": "minecraft:is_illager_captain",
							"subject": "parent"
						},
						"add": {
							"component_groups": [
								"kromatik"
							]
						}
					}
				]
			},
			"minecraft:ageable_grow_up": {
				"remove": {
					"component_groups": [
						"minecraft:cat_baby",
						"minecraft:cat_age"
					]
				},
				"add": {
					"component_groups": [
						"minecraft:cat_adult"
					]
				}
			},
			"untame": {
				"sequence": [
					{
						"queue_command": {
							"command": [
								"playsound random.orb @a ~~~ 1.00 0.8 0.5",
								"tellraw @a[r=5] {\"rawtext\": [{\"translate\": \"billmobs.untame\"},{\"selector\": \"@s\"}, {\"translate\": \"billmobs.untame2\"}] }"
							]
						}
					},
					{
						"remove": {
							"component_groups": [
								"tamed_component"
							]
						},
						"add": {
							"component_groups": [
								"untamed"
							]
						}
					}
				]
			},
			"minecraft:on_tame": {
				"sequence": [
					{
						"remove": {
							"component_groups": [
								"minecraft:cat_wild"
							]
						}
					},
					{
						"add": {
							"component_groups": [
								"minecraft:cat_tame"
							]
						}
					},
					{
						"queue_command": {
							"command": [
								"execute @p[r=9,tag=!billspookycatadv] ~~~ function billspookycat",
								"tag @p[r=9,tag=!billspookycatadv] add billspookycatadv"
							]
						}
					},
					{
						"filters": {
							"test": "has_component",
							"value": "minecraft:is_baby"
						},
						"add": {
							"component_groups": [
								"minecraft:cat_age"
							]
						}
					}
				]
			},
			"minecraft:on_leash": {
				"add": {
					"component_groups": [
						"minecraft:cat_leashed"
					]
				}
			},
			"minecraft:on_unleash": {
				"remove": {
					"component_groups": [
						"minecraft:cat_leashed"
					]
				}
			},
			"minecraft:pet_slept_with_owner": {
				"filters": {
					"test": "is_daytime"
				},
				"queue_command": {
					"command": [
						"loot spawn ~~~ loot \"entities/ecat_gift\""
					]
				}
			}
		}
	}
}