{
	"format_version": "1.16.0",
	"minecraft:entity": {
		"description": {
			"identifier": "billey:flyingcat",
			"runtime_identifier": "minecraft:parrot",
			"is_spawnable": true,
			"is_summonable": true,
			"is_experimental": false,
			"scripts": {
                "animate": [
                    {
                        "set_follow_state": "q.is_tamed && q.property('billey:follow_owner_state') == 'unknown'"
                    },
                    {
                        "set_sitting_property": "q.is_tamed"
                    }, "check_beta_apis",
                    {
                        "rainbow_effects": "q.is_illager_captain"
                    },
                    {
                        "stand_up_when_hit": "q.is_tamed"
                    },
					{"info":"!q.is_tamed"},
					"tame",
					{
						"healpets": "q.is_tamed"
					}
				]
			},
            "animations": {
                "check_beta_apis": "animation.billeys_mobs.check_beta_apis",
                "set_follow_state": "animation.billeys_mobs.set_follow_state",
                "set_sitting_property": "controller.animation.billeys_mobs.set_sitting_property",
                "rainbow_effects": "animation.billeys_mobs.rainbow_effects",
                "stand_up_when_hit": "controller.animation.billeys_mobs.stand_up_when_hit",
				"info": "animation.billeys_mobs.info.flyingcat",
				"tame": "controller.animation.billeys_mobs.tame",
				"healpets": "animation.angelcat.heal"
			},
            
            "properties": {
                "billey:is_billey_mob": {
                    "client_sync": true,
                    "type": "bool",
                    "default": true
                },
                "billey:head_equipment_color": {
                    "client_sync": true,
                    "type": "int",
                    "range": [
                        0,
                        15
                    ],
                    "default": 0
                },
                //pets' leg slot is used for bowties
                "billey:legs_equipment_color": {
                    "client_sync": true,
                    "type": "int",
                    "range": [
                        0,
                        15
                    ],
                    "default": 0
                },
                "billey:chest_equipment_color": {
                    "client_sync": true,
                    "type": "int",
                    "range": [
                        0,
                        15
                    ],
                    "default": 0
                },
                "billey:feet_equipment_color": {
                    "client_sync": true,
                    "type": "int",
                    "range": [
                        0,
                        15
                    ],
                    "default": 0
                },
                "billey:body_equipment_color": {
                    "client_sync": true,
                    "type": "int",
                    "range": [
                        0,
                        15
                    ],
                    "default": 0
                },
                "billey:follow_owner_state": {
                    //only used so scripts can know whether it's following or wandering
                    "type": "enum",
                    "default": "unknown",
                    "values": [
                        "unknown",
                        "following",
                        "wandering"
                    ]
                },
                "billey:is_sitting": {
                    //only used so scripts can know whether or not it's sitting
                    "type": "bool",
                    "default": false
                }
            }
		},
		"component_groups": {
            "sittable": {
                "minecraft:sittable": {}
            },
			"tamed_component": {
				"minecraft:is_tamed": {}
			},
			"untamed": { /*This is just for ones untamed by the untaming stick.
The real tame items of this mob are in the wild component group*/
				"minecraft:tameable": {
					"probability": 1.0,
					"tame_event": {
						"event": "ontame"
					},
					"tame_items": [
						"billey:power_banana",
						"billey:raw_catfish",
						"billey:bettafish",
						"billey:pizzapiece",
						"salmon",
						"fish",
						"clownfish",
						"sweet_berries",
						"rotten_flesh",
						"wheat_seeds",
						"melon_seeds",
						"carrot",
						"beetroot_seeds",
						"pumpkin_seeds",
						"chicken",
						"billey:raw_hamster",
						"billey:poultry_orange",
						"billey:raw_snail",
						"billey:raw_snail_s",
						"billey:raw_snail_w",
						"billey:raw_piranha",
						"bread",
						"apple",
						"fermented_spider_eye",
						"spider_eye",
						"string"
					]
				}
			},
			"electrocuted": {
				"minecraft:loot": {
					"table": "loot_tables/entities/billey_electrocuted.json"
				}
			},
			"following": {
				"minecraft:behavior.follow_owner": {
					"priority": 0,
					"speed_multiplier": 1.0,
					"start_distance": 6,
					"stop_distance": 1
				}
			},
			"kromatik": {
				"minecraft:is_illager_captain": {}
			},
			"minecraft:cat_baby": {
				"minecraft:is_baby": {},
				"minecraft:scale": {
					"value": 0.4
				},
				"minecraft:ageable": {
					"duration": 4800,
					"feed_items": [
						"fish",
						"salmon",
						"billey:raw_catfish"
					],
					"grow_up": {
						"event": "minecraft:ageable_grow_up",
						"target": "self"
					}
				},
				"minecraft:behavior.follow_parent": {
					"priority": 6,
					"speed_multiplier": 1.1
				}
			},
			"minecraft:flyingcat_transform": {
				"minecraft:transformation": {
					"into": "minecraft:tnt",
					"delay": 0.5
				}
			},
			"minecraft:cat_adult": {
				"minecraft:loot": {
					"table": "loot_tables/entities/phantom.json"
				},
				"minecraft:scale": {
					"value": 0.8
				}
			},
			"minecraft:flyingcat_leashed": {
				"minecraft:behavior.move_towards_restriction": {
					"priority": 2,
					"speed_multiplier": 1.0
				}
			},
			"minecraft:cat_white": {
				"minecraft:variant": {
					"value": 0
				}
			},
			"minecraft:cat_tuxedo": {
				"minecraft:variant": {
					"value": 1
				}
			},
			"minecraft:cat_red": {
				"minecraft:variant": {
					"value": 2
				}
			},
			"minecraft:cat_siamese": {
				"minecraft:variant": {
					"value": 3
				}
			},
			"minecraft:cat_british": {
				"minecraft:variant": {
					"value": 4
				}
			},
			"minecraft:cat_calico": {
				"minecraft:variant": {
					"value": 5
				}
			},
			"minecraft:cat_persian": {
				"minecraft:variant": {
					"value": 6
				}
			},
			"minecraft:cat_ragdoll": {
				"minecraft:variant": {
					"value": 7
				}
			},
			"minecraft:cat_tabby": {
				"minecraft:variant": {
					"value": 8
				}
			},
			"minecraft:cat_black": {
				"minecraft:variant": {
					"value": 9
				}
			},
			"minecraft:cat_jellie": {
				"minecraft:variant": {
					"value": 10
				}
			},
			"minecraft:cat_blackorange": {
				"minecraft:variant": {
					"value": 11
				}
			},
			"minecraft:cat_blackwhite": {
				"minecraft:variant": {
					"value": 12
				}
			},
			"minecraft:cat_perry": {
				"minecraft:variant": {
					"value": 13
				}
			},
			"minecraft:cat_pizza": {
				"minecraft:variant": {
					"value": 14
				}
			},
			"minecraft:cat_sugar": {
				"minecraft:variant": {
					"value": 15
				}
			},
			"minecraft:cat_wild": {
				"minecraft:health": {
					"value": 10,
					"max": 10
				},
				"minecraft:despawn": {
					"despawn_from_distance": {}
				},
				"minecraft:behavior.tempt": {
					"priority": 4,
					"speed_multiplier": 0.5,
					"within_radius": 16,
					"can_get_scared": true,
					"items": [
						"fish",
						"salmon",
						"billey:raw_catfish"
					]
				},
				"minecraft:tameable": {
					"probability": 0.33,
					"tame_items": [
						"billey:power_banana",
						"fish",
						"salmon",
						"billey:raw_catfish"
					],
					"tame_event": {
						"event": "minecraft:on_tame",
						"target": "self"
					}
				},
				"minecraft:movement": {
					"value": 0.07
				},
				"minecraft:rideable": {
					"seat_count": 1,
					"family_types": [
						"zombie"
					],
					"seats": {
						"position": [
							0.0,
							0.35,
							0.0
						]
					}
				}
			},
			"standed": {
                "minecraft:physics": {},
                "minecraft:movement": {
                    "value": 0.3
                },
                "minecraft:navigation.fly": {
                    "can_path_over_water": false,
                    "avoid_damage_blocks": true,
                    "avoid_water": true
                },
                "minecraft:movement.generic": {
                },
                "minecraft:can_fly": {
                }
			},
			"sitted": {
				"minecraft:physics": {}
			},
			"flying": {
				"minecraft:mark_variant": {
					"value": 0
				},
				"minecraft:timer": {
					"time": [
						180.0,
						300.0
					],
					"looping": false,
					"time_down_event": {
						"event": "lol",
						"target": "self"
					}
				},
				"minecraft:movement": {
					"value": 0.035
				},
				"minecraft:can_fly": {
				},
				"minecraft:navigation.float": {
					"can_path_over_water": true
				},
				"minecraft:behavior.float_wander": {
					"priority": 2,
					"must_reach": true //no idea what this means
				},
				"minecraft:movement.fly": {},
				"minecraft:physics": {},
				"minecraft:damage_sensor": {
					"triggers": [
						{
							"on_damage": {
								"filters": {
									"all_of": [
										{
											"test": "has_damage",
											"value": "fatal"
										}
									]
								},
								"event": "begone",
								"deals_damage": false
							}
						},
						{
							"cause": "fall",
							"deals_damage": false
						},
						{
							"cause": "all",
							"deals_damage": false,
							"on_damage_sound_event": "armor.equip_generic",
							"on_damage": {
								"event": "destroy_head_equipment",
								"target": "self",
								"filters": {
									"all_of": [
										{
											"test": "has_damage",
											"value": "fatal"
										},
										{
											"test": "has_equipment",
											"value": "billey:pet_hat",
											"domain": "head"
										}
									]
								}
							}
						}
					]
				}
			},
			"still": {
				"minecraft:mark_variant": {
					"value": 1
				},
				"minecraft:timer": {
					"time": [
						15.0,
						40.0
					],
					"looping": false,
					"time_down_event": {
						"event": "xd",
						"target": "self"
					}
				}
			},
			"sensor": {
				"minecraft:physics": {},
				"minecraft:damage_sensor": {
					"triggers": [
						{
							"on_damage": {
								"event": "xd",
								"target": "self",
								"cause": "all"
							},
							"deals_damage": false
						},
						{
							"cause": "fall",
							"deals_damage": false
						}
					]
				}
			},
			"minecraft:cat_tame": {
				"minecraft:persistent": {},
				"minecraft:interact": {
					"interactions": [
						{
							"play_sounds": "plop",
							"swing": true,
							"interact_text": "action.interact.get_info",
							"on_interact": {
								"filters": {
									"any_of": [
										{
											"test": "has_equipment",
											"subject": "other",
											"domain": "hand",
											"value": "feather"
										},
										{
                                        "test": "has_equipment",
                                        "subject": "other",
                                        "domain": "hand",
                                        "value": "book"
                                    },
                                    {
                                        "test": "has_equipment",
                                        "subject": "other",
                                        "domain": "hand",
                                        "value": "billey:info_book"
                                    }
									]
								},
								"event": "send_info",
								"target": "self"
							}
						},
						{
							"play_sounds": "plop",
							"swing": true,
							"interact_text": "action.interact.untame",
							"on_interact": {
								"filters": {
									"all_of": [
										{
											"test": "has_equipment",
											"subject": "other",
											"domain": "hand",
											"value": "billey:untaming_stick"
										},										{
											"test": "is_owner",
											"subject": "other",
											"value": true
										}
									]
								},
								"event": "untame",
								"target": "self"
							}
						},
						{
							"play_sounds": "plop",
							"swing": true,
							"interact_text": "action.interact.wander",
							"on_interact": {
								"filters": {
									"all_of": [
										{
											"test": "has_equipment",
											"subject": "other",
											"domain": "hand",
											"value": "stick"
										},
										{
											"test": "has_component",
											"subject": "self",
											"value": "minecraft:behavior.follow_owner"
										},										{
											"test": "is_owner",
											"subject": "other",
											"value": true
										}
									]
								},
								"event": "eventwander",
								"target": "self"
							}
						},
						{
							"play_sounds": "plop",
							"swing": true,
							"interact_text": "action.interact.follow",
							"on_interact": {
								"filters": {
									"all_of": [
										{
											"test": "has_equipment",
											"subject": "other",
											"domain": "hand",
											"value": "stick"
										},
										{
											"test": "has_component",
											"subject": "self",
											"operator": "not",
											"value": "minecraft:behavior.follow_owner"
										},										{
											"test": "is_owner",
											"subject": "other",
											"value": true
										}
									]
								},
								"event": "eventfollow",
								"target": "self"
							}
						},
						{
							"interact_text": "action.interact.pet",
							"on_interact": {
								"filters": {
									"all_of": [
										{
											"test": "has_equipment",
											"subject": "other",
											"domain": "hand",
											"operator": "!=",
											"value": "billey:swordfish"
										},
										{
											"test": "has_equipment",
											"subject": "other",
											"domain": "hand",
											"operator": "!=",
											"value": "billey:golden_swordfish"
										},
                                    {
                                        "test": "is_sneaking",
                                        "subject": "other",
                                        "value": true
                                    }
									]
								},
								"event": "bepetted",
								"target": "self"
							}
						},
						{
							"use_item": true,
							"play_sounds": "eat",
							"interact_text": "action.interact.feed",
							"on_interact": {
								"filters": {
									"all_of": [
										{
											"test": "has_equipment",
											"subject": "other",
											"domain": "hand",
											"value": "billey:sand_banana"
										},
										{
											"test": "is_family",
											"subject": "other",
											"value": "player"
										}
									]
								},
								"event": "beenfedabanana",
								"target": "self"
							}
						},
						{
							"use_item": true,
							"play_sounds": "milk",
							"interact_text": "action.interact.use",
							"transform_to_item": "glass_bottle",
							"on_interact": {
								"filters": {
									"all_of": [
										{
											"test": "has_equipment",
											"subject": "other",
											"domain": "hand",
											"value": "billey:colorful_bottle"
										},										{
											"test": "is_owner",
											"subject": "other",
											"value": true
										}
									]
								},
								"event": "kroma",
								"target": "self"
							}
						},
						{
							"use_item": true,
							"play_sounds": "milk",
							"interact_text": "action.interact.use",
							"transform_to_item": "glass_bottle",
							"on_interact": {
								"filters": {
									"all_of": [
										{
											"test": "has_equipment",
											"subject": "other",
											"domain": "hand",
											"value": "billey:colorless_bottle"
										},										{
											"test": "is_owner",
											"subject": "other",
											"value": true
										}
									]
								},
								"event": "nokroma",
								"target": "self"
							}
						}
					]
				},
				"minecraft:mark_variant": {
					"value": 0
				},
				"minecraft:behavior.avoid_mob_type": {
					"priority": 0,
					"max_flee": 16,
					"entity_types": [
						{
							"filters": {
								"test": "has_component",
								"subject": "other",
								"value": "minecraft:explode"
							},
							"max_dist": 12,
							"walk_speed_multiplier": 1.4,
							"sprint_speed_multiplier": 1.4
						}
					]
				},
				"minecraft:is_tamed": {},
                "minecraft:tameable": {}, //for the script to be able to get the mob's owner
				"minecraft:health": {
					"value": 20,
					"max": 20
				},
				"minecraft:damage_sensor": {
					"triggers": [
						{
							"on_damage": {
								"filters": {
									"all_of": [
										{
											"test": "is_owner",
											"subject": "other",
											"value": true
										},
										{
											"test": "has_tag",
											"subject": "other",
											"operator": "not",
											"value": "billey:can_hit_own_pet"
										}
									]
								},
								"event": "say_owner_hit_pet_info"
							},
							"cause": "all",
							"deals_damage": false
						},
						{
							"on_damage": {
								"filters": {
									"all_of": [
										{
											"test": "has_component",
											"subject": "self",
											"value": "minecraft:is_tamed"
										},
										{
											"test": "is_owner",
											"subject": "other",
											"value": false
										},
										{
											"test": "has_tag",
											"subject": "other",
											"value": "billey:cant_hit_other_pet"
										}
									]
								},
								"event": "say_other_hit_pet_info"
							},
							"cause": "all",
							"deals_damage": false
						},
						{
							"on_damage": {
								"filters": {
									"all_of": [
										{
											"test": "has_damage",
											"value": "fatal"
										}
									]
								},
								"event": "begone",
								"deals_damage": false
							}
						},
						{
							"cause": "fall",
							"deals_damage": false
						},
						{
							"on_damage": {
								"filters": {
									"other_with_families": "lightning"
								}
							},
							"deals_damage": false
						}
					]
				},
				"minecraft:sittable": {},
				"minecraft:jump.static": {},
				"minecraft:behavior.tempt": {
					"priority": 4,
					"speed_multiplier": 0.5,
					"within_radius": 16,
					"items": [
						"fish",
						"salmon",
						"billey:raw_catfish"
					]
				},
				"minecraft:leashable": {
					"soft_distance": 4.0,
					"hard_distance": 6.0,
					"max_distance": 10.0,
					"on_leash": {
						"event": "minecraft:on_leash",
						"target": "self"
					},
					"on_unleash": {
						"event": "minecraft:on_unleash",
						"target": "self"
					}
				},
				"minecraft:behavior.follow_owner": {
					"priority": 0,
					"speed_multiplier": 1.0,
					"start_distance": 6,
					"stop_distance": 1
				},
				"minecraft:behavior.stay_while_sitting": {
					"priority": 3
				} /*Why are you here lol*/
			},
			"gon": {
				"minecraft:transformation": {
					"into": "billey:mrpeepee",
					"delay": 0.1
				},
				"minecraft:scale": {
					"value": 1.4
				}
			}
		},
		"components": {
			"minecraft:is_hidden_when_invisible": {},
			"minecraft:type_family": {
				"family": [
					"fcat",
					"ocelot",
					"mob",
					"strider"
				]
			},
			"minecraft:interact": {
				"interactions": [
					{
						"play_sounds": "plop",
						"swing": true,
						"interact_text": "action.interact.get_info",
						"on_interact": {
							"filters": {
								"any_of": [
									{
										"test": "has_equipment",
										"subject": "other",
										"domain": "hand",
										"value": "feather"
									},
									{
										"test": "has_equipment",
										"subject": "other",
										"domain": "hand",
										"value": "book"
									},
									{
										"test": "has_equipment",
										"subject": "other",
										"domain": "hand",
										"value": "billey:info_book"
									}
								]
							},
							"event": "send_info",
							"target": "self"
						}
					}
				]
			},
			"minecraft:damage_sensor": {
				"triggers": [
					{
						"on_damage": {
							"filters": {
								"all_of": [
									{
										"test": "has_damage",
										"value": "fatal"
									}
								]
							},
							"event": "begone",
							"deals_damage": false
						}
					},
					{
						"on_damage": {
							"filters": {
								"other_with_families": "lightning"
							}
						},
						"deals_damage": false
					},
					{
						"cause": "fall",
						"deals_damage": false
					}
				]
			},
			"minecraft:breathable": {
				"total_supply": 15,
				"suffocate_time": 0
			},
			"minecraft:pushable": {
				"is_pushable": true,
				"is_pushable_by_piston": true
			},
			"minecraft:nameable": {},
			"minecraft:health": {
				"value": 20,
				"max": 20
			},
			"minecraft:collision_box": {
				"width": 0.6,
				"height": 1.2
			},
			"minecraft:attack": {
				"damage": 10,
				"effect_name": "blindness",
				"effect_duration": 30
			},
			"minecraft:healable": {
				"items": [
					
                    {
                        "item": "billey:poultry_orange",
                        "heal_amount": 7
                    },{
                        "item": "billey:cooked_snail",
						"heal_amount": 4,
						"effects": [
							{
								"name": "strength",
								"chance": 1.0,
								"duration": 15,
								"amplifier": 1
							}
						]
					},
					{
						"item": "billey:cooked_snail_s",
						"heal_amount": 4,
						"effects": [
							{
								"name": "speed",
								"chance": 1.0,
								"duration": 15,
								"amplifier": 1
							}
						]
					},
					{
						"item": "billey:cooked_snail_w",
						"heal_amount": 4,
						"effects": [
							{
								"name": "regeneration",
								"chance": 1.0,
								"duration": 15,
								"amplifier": 1
							}
						]
					},
					{
						"item": "fish",
						"heal_amount": 2
					},
					{
						"item": "salmon",
						"heal_amount": 3
					},
					{
						"item": "billey:raw_catfish",
						"heal_amount": 3
					},
					{
						"item": "clownfish",
						"heal_amount": 20
					}
				]
			},
			"minecraft:leashable": {
				"soft_distance": 4.0,
				"hard_distance": 6.0,
				"max_distance": 10.0,
				"on_leash": {
					"event": "minecraft:on_leash",
					"target": "self"
				},
				"on_unleash": {
					"event": "minecraft:on_unleash",
					"target": "self"
				}
			},
			"minecraft:balloonable": {
				"mass": 0.75
			},
			"minecraft:behavior.mount_pathing": {
				"priority": 1,
				"speed_multiplier": 1.25,
				"target_dist": 0.0,
				"track_target": true
			},
			"minecraft:behavior.float": {
				"priority": 0
			},
			"minecraft:behavior.panic": {
				"priority": 3,
				"speed_multiplier": 1.25
			},
			"minecraft:behavior.tempt": {
				"priority": 5,
				"speed_multiplier": 1.2,
				"items": [
					"fish",
					"salmon",
					"billey:raw_catfish"
				]
			},
			"minecraft:behavior.random_stroll": {
				"priority": 7,
				"speed_multiplier": 1.0
			},
			"minecraft:behavior.look_at_player": { "probability": 0.01,
				"priority": 8,
				"look_distance": 6.0,
				"probability": 0.02
			},
			"minecraft:behavior.random_look_around": {
				"priority": 9
			},
			"minecraft:physics": {}
		},
		
        "events": {
            "reset_target": {
                "reset_target": {}
            },"destroy_head_equipment": {
    "queue_command":{
"command": "scriptevent billey:destroy_pet_head_equipment"
}
},
            "set_follow_state": {
                "sequence": [
                    {
                        "filters": {
                            "test": "has_component",
                            "subject": "self",
                            "value": "minecraft:behavior.follow_owner"
                        },
                        "set_property": {
                            "billey:follow_owner_state": "following"
                        }
                    },
                    {
                        "filters": {
                            "test": "has_component",
                            "subject": "self",
                            "operator": "not",
                            "value": "minecraft:behavior.follow_owner"
                        },
                        "set_property": {
                            "billey:follow_owner_state": "wandering"
                        }
                    }
                ]
            },
            "set_sitting_property_false": {
                "set_property": {
                    "billey:is_sitting": false
                }
            },
            "set_sitting_property_true": {
                "set_property": {
                    "billey:is_sitting": true
                }
            },
            "say_owner_hit_pet_info": {
                "queue_command": {
                    "target": "other",
                    "command": [
                        "titleraw @s actionbar {\"rawtext\":[{\"translate\":\"chat.billeys_mobs.owner_hit_pet\"}]}",
                        "tellraw @s[tag=!billey:has_hurt_own_pet] {\"rawtext\":[{\"translate\":\"ui.billeys_mobs.info.owner_hit_pet\"}]}",
                        "tag @s add billey:has_hurt_own_pet"
                    ]
                }
            },
            "say_other_hit_pet_info": {
                "queue_command": {
                    "target": "other",
                    "command": "titleraw @s actionbar {\"rawtext\":[{\"translate\":\"chat.billeys_mobs.other_hit_pet\"}]}"
                }
            },
            "add_sittable": {
                "add": {
                    "component_groups": [
                        "sittable"
                    ]
                }
            },
            "remove_sittable": {
                "remove": {
                    "component_groups": [
                        "sittable"
                    ]
                }
            },
			"send_info": {
				"queue_command": {
					"target": "other",
					"command": [
						"tellraw @s {\"rawtext\":[{\"text\":\"\\n\"}]}",
						"tellraw @s {\"rawtext\":[{\"translate\":\"ui.billeys_mobs.info.flyingcat\",\"with\":[\"\\n\"]}]}",
						"tellraw @s {\"rawtext\":[{\"text\":\"\\n\"}]}",
						"tellraw @s {\"rawtext\":[{\"translate\":\"ui.billeys_mobs.info.tip3\"}]}",
						"tellraw @s {\"rawtext\":[{\"text\":\"\\n\"}]}"
					]
				}
			},
			"get_electrocuted": {
				"add": {
					"component_groups": [
						"electrocuted"
					]
				}
			},
            "eventwander": {
                "sequence": [
                    {
                        "queue_command": {
                            "command": [
                                "tellraw @a[r=5] {\"rawtext\": [{\"translate\": \"billmobs.wander\"},{\"selector\": \"@s\"}, {\"translate\": \"billmobs.wander2\"}] }"
                            ]
                        }
                    },
                    {
                        "trigger": "eventwander_silent"
                    }
                ]
            },
            "eventfollow": {
                "sequence": [
                    {
                        "queue_command": {
                            "command": [
                                "tellraw @a[r=5] {\"rawtext\": [{\"translate\": \"billmobs.follow\"},{\"selector\": \"@s\"}, {\"translate\": \"billmobs.follow2\"}] }"
                            ]
                        }
                    },
                    {
                        "trigger": "eventfollow_silent"
                    }
                ]
            },
            "eventwander_silent": {
                "sequence": [
                    {
                        "remove": {
                            "component_groups": [
                                "following"
                            ]
                        }
                    },
                    {
                        "set_property": {
                            "billey:follow_owner_state": "wandering"
                        }
                    }
                ]
            },
            "eventfollow_silent": {
                "sequence": [
                    {
                        "add": {
                            "component_groups": [
                                "following"
                            ]
                        }
                    },
                    {
                        "set_property": {
                            "billey:follow_owner_state": "following"
                        }
                    }
                ]
            },
			"beenfedabanana": {
				"sequence": [
					{
						"queue_command": {
							"command": [
								"particle billey:eatbanana ~ ~.5 ~"
							]
						}
					},
					{
						"randomize": [
							{
								"weight": 8,
								"queue_command": {
									"command": [
										"effect @s regeneration 7 1"
									]
								}
							},
							{
								"weight": 4,
								"queue_command": {
									"command": [
										"effect @s regeneration 10"
									]
								}
							},
							{
								"weight": 4,
								"queue_command": {
									"command": [
										"effect @s speed 10"
									]
								}
							},
							{
								"weight": 4,
								"queue_command": {
									"command": [
										"effect @s absorption 10"
									]
								}
							},
							{
								"weight": 4,
								"queue_command": {
									"command": [
										"effect @s resistance 10"
									]
								}
							},
							{
								"weight": 4,
								"queue_command": {
									"command": [
										"effect @s strength 10"
									]
								}
							},
							{
								"weight": 4,
								"queue_command": {
									"command": [
										"effect @s water_breathing 10"
									]
								}
							},
							{
								"weight": 4,
								"queue_command": {
									"command": [
										"effect @s fire_resistance 10"
									]
								}
							},
							{
								"weight": 1,
								"sequence": [
									{
										"queue_command": {
											"command": [
												"effect @s levitation 1 0 true"
											]
										}
									},
									{
										"queue_command": {
											"target": "other",
											"command": [
												"effect @s levitation 1 0 true"
											]
										}
									}
								]
							}
						]
					}
				]
			},
			"bepetted": {
				"sequence": [
					{
						"randomize": [
							{
								"weight": 13
							},
							{
								"weight": 1,
								"queue_command": {
									"command": [
										"playanimation @s animation.billeys_mobs.cat.petted4 xd 0.1 \"q.is_moving || q.any_animation_finished || !q.is_on_ground\""
									]
								}
							},
							{
								"weight": 1,
								"queue_command": {
									"command": [
										"playanimation @s animation.billeys_mobs.cat.petted"
									]
								}
							}
						]
					},
					{
						"queue_command": {
							"target": "other",
							"command": [
								"playanimation @s animation.billeys_mobsplayer.pet"
							]
						}
					},
					{
						"randomize": [
							{
								"weight": 1
							},
							{
								"weight": 99,
								"queue_command": {
									"command": [
										"playsound mob.cat.purr @a ~~~"
									]
								}
							},
							{
								"weight": 3,
								"queue_command": {
									"command": [
										"playsound mob.cat.purr @a ~~~",
										"effect @s resistance 10 1 true"
									]
								}
							},
							{
								"weight": 3,
								"queue_command": {
									"command": [
										"playsound mob.cat.purr @a ~~~",
										"effect @s fire_resistance 10 1 true"
									]
								}
							},
							{
								"weight": 3,
								"queue_command": {
									"command": [
										"playsound mob.cat.purr @a ~~~",
										"effect @s strength 10 1 true"
									]
								}
							},
							{
								"weight": 3,
								"queue_command": {
									"command": [
										"playsound mob.cat.purr @a ~~~",
										"effect @s water_breathing 30 0 true"
									]
								}
							},
							{
								"weight": 3,
								"queue_command": {
									"command": [
										"playsound mob.cat.purr @a ~~~",
										"effect @s speed 10 1 true"
									]
								}
							},
							{
								"weight": 1,
								"queue_command": {
									"command": [
										"playsound mob.cat.purr @a ~~~",
										"effect @s levitation 1 1 true",
										"effect @s regeneration 30 1 true"
									]
								}
							},
							{
								"weight": 1,
								"queue_command": {
									"command": [
										"playsound mob.cat.purr @a ~~~",
										"effect @s speed 1 0"
									]
								}
							}
						]
					}
				]
			},
			"kroma": {
				"add": {
					"component_groups": [
						"kromatik"
					]
				}
			},
			"nokroma": {
				"remove": {
					"component_groups": [
						"kromatik"
					]
				}
			},
			"begone": {
				"remove": {},
				"add": {
					"component_groups": [
						"gon"
					]
				}
			},
			"minecraft:entity_spawned": {
				"sequence": [
					{
						"randomize": [
							{
								"weight": 3,
								"remove": {},
								"add": {
									"component_groups": [
										"minecraft:cat_adult",
										"minecraft:cat_wild",
										"still",
										"sensor"
									]
								}
							},
							{
								"weight": 1,
								"remove": {},
								"add": {
									"component_groups": [
										"minecraft:cat_baby",
										"minecraft:cat_wild",
										"still",
										"sensor"
									]
								}
							}
						]
					},
					{
						"randomize": [
							{
								"weight": 15,
								"add": {
									"component_groups": [
										"minecraft:cat_white"
									]
								}
							},
							{
								"weight": 15,
								"add": {
									"component_groups": [
										"minecraft:cat_tuxedo"
									]
								}
							},
							{
								"weight": 15,
								"add": {
									"component_groups": [
										"minecraft:cat_red"
									]
								}
							},
							{
								"weight": 15,
								"add": {
									"component_groups": [
										"minecraft:cat_siamese"
									]
								}
							},
							{
								"weight": 15,
								"add": {
									"component_groups": [
										"minecraft:cat_british"
									]
								}
							},
							{
								"weight": 15,
								"add": {
									"component_groups": [
										"minecraft:cat_calico"
									]
								}
							},
							{
								"weight": 15,
								"add": {
									"component_groups": [
										"minecraft:cat_persian"
									]
								}
							},
							{
								"weight": 15,
								"add": {
									"component_groups": [
										"minecraft:cat_ragdoll"
									]
								}
							},
							{
								"weight": 15,
								"add": {
									"component_groups": [
										"minecraft:cat_tabby"
									]
								}
							},
							{
								"weight": 15,
								"add": {
									"component_groups": [
										"minecraft:cat_black"
									]
								}
							},
							{
								"weight": 15,
								"add": {
									"component_groups": [
										"minecraft:cat_jellie"
									]
								}
							},
							{
								"weight": 15,
								"add": {
									"component_groups": [
										"minecraft:cat_blackorange"
									]
								}
							},
							{
								"weight": 15,
								"add": {
									"component_groups": [
										"minecraft:cat_blackwhite"
									]
								}
							},
							{
								"weight": 15,
								"add": {
									"component_groups": [
										"minecraft:cat_perry"
									]
								}
							},
							{
								"weight": 15,
								"add": {
									"component_groups": [
										"minecraft:cat_pizza"
									]
								}
							},
							{
								"weight": 15,
								"add": {
									"component_groups": [
										"minecraft:cat_sugar"
									]
								}
							}
						]
					}
				]
			},
			"minecraft:entity_born": {
				"sequence": [
					{
						"remove": {},
						"add": {
							"component_groups": [
								"minecraft:cat_baby",
								"minecraft:cat_age",
								"minecraft:cat_tame",
								"standed"
							]
						}
					},
					{
						"filters": {
							"test": "has_component",
							"value": "minecraft:is_illager_captain",
							"subject": "parent"
						},
						"add": {
							"component_groups": [
								"kromatik"
							]
						}
					}
				]
			},
			"minecraft:ageable_grow_up": {
				"remove": {
					"component_groups": [
						"minecraft:cat_baby"
					]
				},
				"add": {
					"component_groups": [
						"minecraft:cat_adult",
						"minecraft:flyingcat_unsaddled"
					]
				}
			},
			"minecraft:on_saddled": {
				"remove": {
					"component_groups": [
						"minecraft:flyingcat_unsaddled"
					]
				},
				"add": {
					"component_groups": [
						"minecraft:flyingcat_saddled"
					]
				}
			},
			"minecraft:on_leash": {
				"add": {
					"component_groups": [
						"minecraft:flyingcat_leashed"
					]
				}
			},
			"minecraft:on_unleash": {
				"remove": {
					"component_groups": [
						"minecraft:flyingcat_leashed"
					]
				}
			},
			"untame": {
				"sequence": [
					{
						"queue_command": {
							"command": [
								"playsound random.orb @a ~~~ 1.00 0.8 0.5",
								"tellraw @a[r=5] {\"rawtext\": [{\"translate\": \"billmobs.untame\"},{\"selector\": \"@s\"}, {\"translate\": \"billmobs.untame2\"}] }"
							]
						}
					},
					{
						"remove": {
							"component_groups": [
								"tamed_component"
							]
						},
						"add": {
							"component_groups": [
								"untamed"
							]
						}
					}
				]
			},
			"minecraft:on_tame": {
				"sequence": [
					{
						"queue_command": {
							"command": ["tellraw @s {\"rawtext\":[{\"text\":\"\\n\"}]}",
								"tellraw @a[r=6,tag=!billeyinfotip3v_2] {\"rawtext\":[{\"translate\":\"ui.billeys_mobs.info.tip3\"}]}",
								"tellraw @s {\"rawtext\":[{\"text\":\"\\n\"}]}","tag @a[r=6,tag=!billeyinfotip3v_2] add billeyinfotip3v_2"
							]
						}
					},
					{
						"remove": {
							"component_groups": [
								"minecraft:cat_wild",
								"still",
								"flying",
								"sensor"
							]
						}
					},
					{
						"add": {
							"component_groups": [
								"minecraft:cat_tame",
								"standed"
							]
						}
					}
				]
			},
			"sit": {
				"sequence": [
					{
						"remove": {
							"component_groups": [
								"standed"
							]
						}
					},
					{
						"add": {
							"component_groups": [
								"sitted"
							]
						}
					}
				]
			},
			"stand": {
				"sequence": [
					{
						"remove": {
							"component_groups": [
								"sitted"
							]
						}
					},
					{
						"add": {
							"component_groups": [
								"standed"
							]
						}
					}
				]
			},
			"xd": {
				"sequence": [
					{
						"remove": {
							"component_groups": [
								"still",
								"sensor"
							]
						}
					},
					{
						"add": {
							"component_groups": [
								"flying"
							]
						}
					}
				]
			},
			"lol": {
				"sequence": [
					{
						"remove": {
							"component_groups": [
								"flying"
							]
						}
					},
					{
						"add": {
							"component_groups": [
								"still",
								"sensor"
							]
						}
					}
				]
			}
		}
	}
}