{
    "format_version": "1.16.0",
    "minecraft:entity": {
        "description": {
            "identifier": "billey:chunk_loader2",
            "is_spawnable": false,
            "is_summonable": true
        },
        "component_groups": {
            "despawn": {
                "minecraft:instant_despawn": {}
            }
        },
        "components": {
            "minecraft:damage_sensor": {
                "triggers": {
                    "cause": "all",
                    "deals_damage": false
                }
            },
            "minecraft:tick_world": {
                "radius": 4
            },
            "minecraft:timer": {
                "time": 12,
                "looping": true,
                "time_down_event": {
                    "event": "despawn",
                    "target": "self"
                }
            },
            "minecraft:collision_box": {
                "width": 0,
                "height": 0
            },
            "minecraft:type_family": {
                "family": [
                    "inanimate",
                    "wawla"
                ]
            }
        },
        "events": {
            "despawn": {
                "add": {
                    "component_groups": [
                        "despawn"
                    ]
                }
            }
        }
    }
}