{
    "format_version": "1.16.0",
    "minecraft:entity": {
        "description": {
            "identifier": "billey:duckatrice_egg",
            "is_spawnable": false,
            "is_summonable": true
        },
        "component_groups": {
            "undamaged": {
                "minecraft:damage_sensor": {
                    "triggers": [
                        {
                            "cause": "entity_attack",
                            "deals_damage": false,
                            "on_damage": {
                                "event": "damage"
                            }
                        },
                        {
                            "cause": "all",
                            "deals_damage": false
                        }
                    ]
                }
            },
            "damaged": {
                "minecraft:damage_sensor": {
                    "triggers": [
                        {
                            "cause": "entity_attack",
                            "deals_damage": false,
                            "on_damage": {
                                "event": "destroy"
                            }
                        },
                        {
                            "cause": "all",
                            "deals_damage": false
                        }
                    ]
                },
                "minecraft:timer": {
                    "time": 1,
                    "looping": true,
                    "time_down_event": {
                        "event": "remove_damage",
                        "target": "self"
                    }
                }
            },
            "hatching": {
                "minecraft:damage_sensor": {
                    "triggers": {
                        "cause": "all",
                        "deals_damage": false,
                        "on_damage": {
                            "event": "play_wobble_animation"
                        }
                    }
                },
                "minecraft:is_shaking": {},
                "minecraft:timer": {
                    "time": 10,
                    "looping": true,
                    "time_down_event": {
                        "event": "hatch",
                        "target": "self"
                    }
                }
            },
            "despawn": {
                "minecraft:instant_despawn": {}
            }
        },
        "components": {
            "minecraft:buoyant": {
                "base_buoyancy": 0.865,
                "apply_gravity": true,
                "simulate_waves": true,
                "big_wave_probability": 0.03,
                "big_wave_speed": 10.0,
                "liquid_blocks": [
                    "minecraft:water",
                    "minecraft:flowing_water"
                ]
            },
            "minecraft:collision_box": {
                "width": 0.8,
                "height": 1.0
            },
            "minecraft:knockback_resistance": {
                "value": 1,
                "max": 1
            },
            "minecraft:persistent": {},
            "minecraft:physics": {
                "has_collision": true,
                "push_towards_closest_space": false,
                "has_gravity": true
            },
            "minecraft:pushable": {
                "is_pushable": false,
                "is_pushable_by_piston": false
            },
            "minecraft:type_family": {
                "family": [
                    "plushie",
                    "inanimate"
                ]
            },
            "minecraft:nameable": {}
        },
        "events": {
            "minecraft:entity_spawned": {
                "add": {
                    "component_groups": [
                        "undamaged"
                    ]
                }
            },
            "hatch": {
                "queue_command": {
                    "command": [
                        "scriptevent billey:duckatrice_hatched"
                    ]
                }
            },
            "despawn": {
                "add": {
                    "component_groups": [
                        "despawn"
                    ]
                }
            },
            "damage": {
                "sequence": [
                    {
                        "remove": {
                            "component_groups": [
                                "undamaged"
                            ]
                        },
                        "add": {
                            "component_groups": [
                                "damaged"
                            ]
                        }
                    },
                    {
                        "trigger": "play_wobble_animation"
                    },
                    {
                        "queue_command": {
                            "command": "scriptevent billey:duckatrice_egg_hit"
                        }
                    }
                ]
            },
            "play_wobble_animation": {
                "queue_command": {
                    "command": "playanimation @s animation.billeys_mobs.duckatrice_egg.wobble"
                }
            },
            "destroy": {
                "sequence": [
                    {
                        "add": {
                            "component_groups": [
                                "hatching"
                            ]
                        },
                        "remove": {
                            "component_groups": [
                                "damaged",
                                "undamaged"
                            ]
                        }
                    },
                    {
                        "queue_command": {
                            "command": [
                                "scriptevent billey:duckatrice_start_hatching"
                            ]
                        }
                    },
                    {
                        "trigger": "play_wobble_animation"
                    }
                ]
            },
            "remove_damage": {
                "remove": {
                    "component_groups": [
                        "damaged"
                    ]
                },
                "add": {
                    "component_groups": [
                        "undamaged"
                    ]
                }
            }
        }
    }
}