{
    "format_version": "1.8.0",
    "minecraft:entity": {
        "description": {
            "runtime_identifier": "minecraft:egg",
            "identifier": "billey:rat_king_boost_potion",
            "is_spawnable": false,
            "is_summonable": true
        },
        "components": {
            "minecraft:collision_box": {
                "width": 0.25,
                "height": 0.25
            },
            "minecraft:projectile": {
                "power": 1.5,
                "gravity": 0.03
            },
            "minecraft:physics": {}
        }
    }
}