{
  "format_version": "1.12",
  "minecraft:recipe_shaped": {
    "description": {
    "identifier": "billey:funny_dust"
    },
    "tags": [ "crafting_table" ],
    "group": "what_does_this_do",
    "pattern": [
      "FPF",
      "PCP",
      "FPF"
    ],
    "key": {
      "F": {
        "item": "minecraft:redstone"
      },
      "C": {
        "item": "minecraft:salmon"
      },
      "P": {
        "item": "minecraft:diamond"
      }
    },
    "result": [
      { "item": "billey:wcat_dust",
        "count": 3 }
    ]
  }
}
