{
  "format_version": "1.12",
  "minecraft:recipe_shaped": {
    "description": {
      "identifier": "billey:happy_dust"
    },
    "tags": [
      "crafting_table"
    ],
    "group": "what_does_this_do",
    "pattern": [
      "FPF",
      "PCP",
      "FPF"
    ],
    "key": {
      "F": {
        "item": "minecraft:glowstone_dust"
      },
      "C": {
        "item": "minecraft:fish"
      },
      "P": {
        "item": "minecraft:emerald"
      }
    },
    "result": [
      {
        "item": "billey:cat_dust",
        "count": 3
      }
    ]
  }
}