{
    "format_version": "1.12",
    "minecraft:recipe_shaped": {
      "description": {
      "identifier": "billey:slowarrowab"
      },
      "tags": [ "crafting_table" ],
      "group": "what_does_this_do",
      "pattern": [
        "v",
        "s",
        "f"
      ],
      "key": {
        "f": {
          "item": "billey:yutyrannus_feather"
        },
        "s": {
          "item": "stick"
        },
        "v": {
          "item": "flint"
        }
      },
      "result": {
       "item": "arrow",
       "data": 37
     }
    }
  }
  