{
    "format_version": "1.12",
    "minecraft:recipe_shapeless": {
      "description": {
      "identifier": "billey:orangeonastick"
      },
       "tags": [ "crafting_table" ],
      "ingredients": [
        {
          "item": "minecraft:fishing_rod"
        },
        {
          "item": "billey:poultry_orange"
        },
        {
          "item": "billey:cat_dust"
        }
      ],
      "result": [
        { "item": "billey:terraphin_staff"
        }
      ]
    }
  }
  