{
    "format_version": "1.12",
    "minecraft:recipe_shaped": {
      "description": {
        "identifier": "billey:pet_chef_hat"
      },
      "tags": [
        "crafting_table"
      ],
      "group": "what_does_this_do",
      "pattern": [
        " l ",
        "lsl",
        " l "
      ],
      "key": {
        "s": {
          "item": "billey:kiwi_fur"
        },
        "l": {
          "item": "wool"
        }
      },
      "result": {
        "item": "billey:pet_chef_hat"
      }
    }
  }