{
    "format_version": "1.12",
    "minecraft:recipe_shaped": {
      "description": {
      "identifier": "billey:sharkchestplate"
      },
      "tags": [ "crafting_table" ],
      "group": "what_does_this_do",
      "pattern": [
        "srs",
        "sis",
        "sss"
      ],
      "key": {
        "i": {
          "item": "iron_chestplate"
        },
        "s": {
          "item": "billey:shark_scales"
        },
        "r": {
          "item": "redstone"
        }
      },
      "result": {
       "item": "billey:shark_chestplate"
     }
    }
  }