{
  "format_version": "1.12",
  "minecraft:recipe_shaped": {
    "description": {
    "identifier": "billey:swordfishc"
    },
    "tags": [ "crafting_table" ],
    "group": "what_does_this_do",
    "pattern": [
      "FNF",
      "MMM",
      " T "
    ],
    "key": {
      "F": {
        "item": "billey:swordfin"
      },
      "M": {
        "item": "billey:swordmeat"
      },
      "N": {
        "item": "billey:swordstick"
      },
      "T": {
        "item": "billey:swordtail"
      }
    },
    "result": [
      { "item": "billey:swordfish" }
    ]
  }
}
