{
    "format_version": "1.12",
    "minecraft:recipe_shapeless": {
        "description": {
            "identifier": "billey:throwable_mercat_milk"
        },
        "tags": [
            "crafting_table"
        ],
        "ingredients": [
            {
                "item": "billey:scat_dust"
            },
            {
                "item": "billey:mercat_milk"
            }
        ],
        "result": {
            "item": "billey:throwable_mercat_milk"
        }
    }
}