{
    "format_version": "1.12",
    "minecraft:recipe_shaped": {
        "description": {
            "identifier": "billey:untaming_stick2"
        },
        "tags": [
            "crafting_table"
        ],
        "group": "what_does_this_do",
        "pattern": [
            "f",
            "s"
        ],
        "key": {
            "s": {
                "item": "stick"
            },
            "f": {
                "item": "billey:deinonychus_feather"
            }
        },
        "result": [
            {
                "item": "billey:untaming_stick"
            }
        ]
    }
}